split,distribution,city_count,index,seed,cluster_count,cluster_std,relative_path,sha256
train,uniform,10,0,202610110000,0,,train/uniform/n10/uniform_n10_0000.tsp,9b15f8b1241cf50b4386d9ae57e6127f66bec97c33c8417b8f7e32ac78af10a5
train,uniform,10,1,202610110001,0,,train/uniform/n10/uniform_n10_0001.tsp,b0f25bf996f6f9a38161bf5733d1b1566e70f0193148abdf525fa7554a0c1375
train,uniform,10,2,202610110002,0,,train/uniform/n10/uniform_n10_0002.tsp,0b29b9f1b19ef0a40c1cb13056a2179b56fbd228792ed4350f3a269bd048a691
train,uniform,10,3,202610110003,0,,train/uniform/n10/uniform_n10_0003.tsp,9f64eddf40e4fd851de7a569c37fe8ce9c7d15aaa1b51806daa07b8ca6b5573c
train,uniform,10,4,202610110004,0,,train/uniform/n10/uniform_n10_0004.tsp,9d554d87c0938271f11955ce8520eeb05cd7aa014e823109d569ca97297f6e42
train,uniform,10,5,202610110005,0,,train/uniform/n10/uniform_n10_0005.tsp,5754c3bf9945f270792dbcfc911a9e932877a014d0e6eabf8cea5101a31f3518
train,uniform,10,6,202610110006,0,,train/uniform/n10/uniform_n10_0006.tsp,fbbbfc504fe6e3ffd3dad9585a167c242b62baf450780cd5a4f278917acf2a20
train,uniform,10,7,202610110007,0,,train/uniform/n10/uniform_n10_0007.tsp,167ed5739935dce8f6fbcefe97bb1aa0d31a6f7933add49cf3c9f5af2eb08953
train,uniform,10,8,202610110008,0,,train/uniform/n10/uniform_n10_0008.tsp,ef154991bb6c195c295157255dcfb08984d6a737bb0d910051a065216e8e05fa
train,uniform,10,9,202610110009,0,,train/uniform/n10/uniform_n10_0009.tsp,4fa1721fa9fccd55ea59043f138502d6b5319abb42c91ce92ace4917be21d6fd
train,uniform,10,10,202610110010,0,,train/uniform/n10/uniform_n10_0010.tsp,37749b9bab057eceab35fcf6f2f542b5644d1f2df1f7809592274d14a7bf796b
train,uniform,10,11,202610110011,0,,train/uniform/n10/uniform_n10_0011.tsp,817b45a5e4f4da93c6bb5c82151a7d869c8aa49562c3d55c2bfc1043772000d3
train,uniform,10,12,202610110012,0,,train/uniform/n10/uniform_n10_0012.tsp,222efe9997e60159cd234668113e57b39023e3300ae6f230e15af4b4ae8e5b88
train,uniform,10,13,202610110013,0,,train/uniform/n10/uniform_n10_0013.tsp,77917a4701944cd82622fa405b23ab3f8233e97fb8fbefe5bc2469b2ceaeb248
train,uniform,10,14,202610110014,0,,train/uniform/n10/uniform_n10_0014.tsp,40d14a8018323409d548c810c193b4648d1d6804db5ebe722f39b9d293b1e944
train,uniform,10,15,202610110015,0,,train/uniform/n10/uniform_n10_0015.tsp,9c59ae16fc5fa369d8289784e2e86b4ba437cc3f98c144578853e02c46472f7c
train,uniform,10,16,202610110016,0,,train/uniform/n10/uniform_n10_0016.tsp,f4c1baf4231beff4bf2ff489cb21bb12dcc068d906ab9a730f37f9874b93d59f
train,uniform,10,17,202610110017,0,,train/uniform/n10/uniform_n10_0017.tsp,c85f289f3c58bdad0a2c230c28434afddfa9a56f6a8bb188dbc01790aa68a702
train,uniform,10,18,202610110018,0,,train/uniform/n10/uniform_n10_0018.tsp,12dee832f4ca4b51e87a787db4a9e97b798c6a193715850b72b63a697b662195
train,uniform,10,19,202610110019,0,,train/uniform/n10/uniform_n10_0019.tsp,4a4b7eba3101f2f050ff894c23bf4065913c2d8d5dba2545af220d3982cae96d
train,uniform,10,20,202610110020,0,,train/uniform/n10/uniform_n10_0020.tsp,a9d04c0b23e0dea552918b552c57be56add80c7bdce270dd2d6de716926b9559
train,uniform,10,21,202610110021,0,,train/uniform/n10/uniform_n10_0021.tsp,58f331024ee1401d915c308c17e1b3a8af31f34622af46b72bed2c31cb4a3904
train,uniform,10,22,202610110022,0,,train/uniform/n10/uniform_n10_0022.tsp,9608487741cc38e5d2d5ee0c24507dfbb8489119caa3468c3ad9a79b1c9580ff
train,uniform,10,23,202610110023,0,,train/uniform/n10/uniform_n10_0023.tsp,aad8fcf7885574df4ff4da6000edd8d925ed6263135924e34b1151af099b9b1f
train,uniform,10,24,202610110024,0,,train/uniform/n10/uniform_n10_0024.tsp,d563c088d3d196090cd4c9bcc7582460011daa85caf127d03c14bca4f6fd702c
train,uniform,10,25,202610110025,0,,train/uniform/n10/uniform_n10_0025.tsp,ddb7e99e828b781795dfdc9965e258131a8f28495c55e733ef4cbe87600ec718
train,uniform,10,26,202610110026,0,,train/uniform/n10/uniform_n10_0026.tsp,96cc430a33ce45c2ecc0f4b06cebdb2ba311af30ba3c5170639579632a8917c4
train,uniform,10,27,202610110027,0,,train/uniform/n10/uniform_n10_0027.tsp,7d9b9edc24a4232eb3e60c0496bcf890c7a922a172272bf27dabf1d60fc7865d
train,uniform,10,28,202610110028,0,,train/uniform/n10/uniform_n10_0028.tsp,e39cebf1bbc67e29ae1a905e21626e38998cb65f59ad759b22b6b2fde2a3ea73
train,uniform,10,29,202610110029,0,,train/uniform/n10/uniform_n10_0029.tsp,10ac5e19f6cb19e82bc0890ba3ff8964c8227cdb094257efa78f929174c08732
train,uniform,10,30,202610110030,0,,train/uniform/n10/uniform_n10_0030.tsp,28376c538ae98230964e156aa6432e7bc40c7c26450da7fa15614aab2d46c868
train,uniform,10,31,202610110031,0,,train/uniform/n10/uniform_n10_0031.tsp,70d6101c1298ecfdaf220b956e776793bc4851ffd2002f18b97c690b6c9d7a5f
train,uniform,10,32,202610110032,0,,train/uniform/n10/uniform_n10_0032.tsp,8e54a8ea13bc155fc100641eab22a6106fc3c53068d92cb98f1442b3b64452e0
train,uniform,10,33,202610110033,0,,train/uniform/n10/uniform_n10_0033.tsp,2d3ba99470ec3d74193c376e73c90db29dd232506bdbdeaf5d8f6d13ed4a25bd
train,uniform,10,34,202610110034,0,,train/uniform/n10/uniform_n10_0034.tsp,2167365019f7bc5b56860e8cd63c83102df4ddd55fc84801315580070d045bd9
train,uniform,10,35,202610110035,0,,train/uniform/n10/uniform_n10_0035.tsp,ddc1fe3fa97ee4e0276e7ef7af9efc1945460b27834adf6a0f2d2c3ac27979cc
train,uniform,10,36,202610110036,0,,train/uniform/n10/uniform_n10_0036.tsp,2adad81e4204011318c7ec47ae5e6774c8a588a6f42009215a4ae9af90925919
train,uniform,10,37,202610110037,0,,train/uniform/n10/uniform_n10_0037.tsp,6454a9a9682330fe15fdbc2ec19339a1c2e1de4b6d03e83271daf19eaa94c0b3
train,uniform,10,38,202610110038,0,,train/uniform/n10/uniform_n10_0038.tsp,6d5ad55bb8b97c2159318d816175e9c9f6ab858a0ab020b5a98eba0055da0dc6
train,uniform,10,39,202610110039,0,,train/uniform/n10/uniform_n10_0039.tsp,e67134b4b2a943f03b7fdeeb00d5e0a2c1dc57f32d241aa31756053239f2ee68
train,uniform,10,40,202610110040,0,,train/uniform/n10/uniform_n10_0040.tsp,8dae4714b1a21fa49c7930fcde085800dfb2bc8911212f6bfcabc7e8bd682ea2
train,uniform,10,41,202610110041,0,,train/uniform/n10/uniform_n10_0041.tsp,f01a91033a18bd97b2d020b1015e3501981783cd4218cb301de5518efbabbb91
train,uniform,10,42,202610110042,0,,train/uniform/n10/uniform_n10_0042.tsp,3f8770deee24b1cd0d810bf83f741ffc3e7866e78f14087ef57bb0400ade9097
train,uniform,10,43,202610110043,0,,train/uniform/n10/uniform_n10_0043.tsp,0f5de09d7b35efaf9e5aff29e51128cf7e59b171739e3e9eb894ee42a640800a
train,uniform,10,44,202610110044,0,,train/uniform/n10/uniform_n10_0044.tsp,d6928c166bb1c2b75f56110b298defdd7cbb69c51bf46378c9e624ef8d2ce6ca
train,uniform,10,45,202610110045,0,,train/uniform/n10/uniform_n10_0045.tsp,74de3bcaa4f09304431e261600be7f7b4c546965435cc021fedc854e0275a2fb
train,uniform,10,46,202610110046,0,,train/uniform/n10/uniform_n10_0046.tsp,2afd9d3218fb1f37a6d01be460300f766e98ef3eba403f33857017abb18e9877
train,uniform,10,47,202610110047,0,,train/uniform/n10/uniform_n10_0047.tsp,cdc794cdecac32e117364e30895320954e2be7f3909a1de5e493ed008a56c596
train,uniform,10,48,202610110048,0,,train/uniform/n10/uniform_n10_0048.tsp,84034838eaba9141c44a58f65f84741fc89463028db44871d71ef161a59ec94f
train,uniform,10,49,202610110049,0,,train/uniform/n10/uniform_n10_0049.tsp,4225ff91a4ff19ba2aaf49723b9bdfdb06e050634b77f5f230fc516a1f4b64f1
train,uniform,10,50,202610110050,0,,train/uniform/n10/uniform_n10_0050.tsp,c47e94deff96e4bcfc6a8cf0303e8d02e91d891460f6c98a8cc3c699f7479228
train,uniform,10,51,202610110051,0,,train/uniform/n10/uniform_n10_0051.tsp,99319ca0f63a20363fcdbea2e910aeb7c40172c88c35db85f02d02f921eb67fc
train,uniform,10,52,202610110052,0,,train/uniform/n10/uniform_n10_0052.tsp,9d52e84debcb60d616069d2d24e91706995bd80b0abc5a0dfe8c10c79f3d9dc0
train,uniform,10,53,202610110053,0,,train/uniform/n10/uniform_n10_0053.tsp,24692a161c54853aedad08a79e4918efbb9e970dde8ee2967ad147000d213dee
train,uniform,10,54,202610110054,0,,train/uniform/n10/uniform_n10_0054.tsp,e050b1300d5358f9a1c121358da9ce2c7b92c88a951d341bd3086e12c6f7dcea
train,uniform,10,55,202610110055,0,,train/uniform/n10/uniform_n10_0055.tsp,0195e49d4d99b8427561470af6f8b7667bf5245a2a3a714df363e76a64a4bc85
train,uniform,10,56,202610110056,0,,train/uniform/n10/uniform_n10_0056.tsp,d82bebb214cd711a89b14e79535cc29ceb53c9eaa62196739f92e7405518f916
train,uniform,10,57,202610110057,0,,train/uniform/n10/uniform_n10_0057.tsp,c9e9e1c2fdc421766d21f1a45910e3a89551a218e7fbef2ba835c8ff7475109d
train,uniform,10,58,202610110058,0,,train/uniform/n10/uniform_n10_0058.tsp,ca9e3ec6d45d7e9adbfd76f1904a6f10c28aa52cc3014fec4a87c5df0b80347b
train,uniform,10,59,202610110059,0,,train/uniform/n10/uniform_n10_0059.tsp,01e49e8d3383d3f7cb299fd49bddfc20afa2b79a158d1f7d7775725c495984d7
train,uniform,10,60,202610110060,0,,train/uniform/n10/uniform_n10_0060.tsp,724c224e5199eeb89889e23914a383b323012644d852e14868c2621590752f14
train,uniform,10,61,202610110061,0,,train/uniform/n10/uniform_n10_0061.tsp,894be214c3a5a43d4a923764039e0edcd2d669337bf9fe90456b090af24bb87e
train,uniform,10,62,202610110062,0,,train/uniform/n10/uniform_n10_0062.tsp,5b6decf8e712d01f930e2a111af45d86ffc3366b12edd4ff07c022dba097df6f
train,uniform,10,63,202610110063,0,,train/uniform/n10/uniform_n10_0063.tsp,77f044aa05fb77eb20105485aa97757b6515b70277d8d13d74acc1bca1d90f86
train,uniform,10,64,202610110064,0,,train/uniform/n10/uniform_n10_0064.tsp,b44890953673903795e8516b7d6eb9abdeedbc8f3b9b9bb379d13951f31a5c4c
train,uniform,10,65,202610110065,0,,train/uniform/n10/uniform_n10_0065.tsp,8945b516a412ce3faec9be370a555e057b35a371737c4612f1ec420b2f1c01d1
train,uniform,10,66,202610110066,0,,train/uniform/n10/uniform_n10_0066.tsp,90a11b5d72ecf2bc749d6b025f85ae1c7641ed2a3b428edc09afda517f568544
train,uniform,10,67,202610110067,0,,train/uniform/n10/uniform_n10_0067.tsp,1bc8e58ffd428b9f3ac1d1552101fc45a2984ca97f3c94239dd4214a5d486a8c
train,uniform,10,68,202610110068,0,,train/uniform/n10/uniform_n10_0068.tsp,403e15a74b6bd1c7ea10c9feee8091ca4dba40e76348f0bbc05eec234deb1b16
train,uniform,10,69,202610110069,0,,train/uniform/n10/uniform_n10_0069.tsp,cbb6e24f83605c20ebc3df1af9e6d7b1c9987bdc2068b7b0691cb7752fc58d90
train,uniform,10,70,202610110070,0,,train/uniform/n10/uniform_n10_0070.tsp,300dbff65dfc0b005047c2a7513a39a9a8c99fe2b6fdb016920e708f86cbb63a
train,uniform,10,71,202610110071,0,,train/uniform/n10/uniform_n10_0071.tsp,652b3a4204fb8a7f26acb3051350562855d8bbccd7c32196925bbf4e4d0c8cf7
train,uniform,10,72,202610110072,0,,train/uniform/n10/uniform_n10_0072.tsp,2f7d1333a4da277f3a032f491314d64123e849c94248808c6cc9c805514d56c3
train,uniform,10,73,202610110073,0,,train/uniform/n10/uniform_n10_0073.tsp,b833cd3898ac7022b24495de1d3669b5e166ac420a8c4cb3d1983b290a3a5491
train,uniform,10,74,202610110074,0,,train/uniform/n10/uniform_n10_0074.tsp,fc8471e83ceee5f9f46d79ca72e00bef656d1ebad19f0f6350242712bf1a01e6
train,uniform,10,75,202610110075,0,,train/uniform/n10/uniform_n10_0075.tsp,1bf10af84b775b0d1d449062d55b5103eb65eaf17626c3240004a39959557fb0
train,uniform,10,76,202610110076,0,,train/uniform/n10/uniform_n10_0076.tsp,c75a9d1d3e74c599f06303ef4a48bd0ce546f8824fc55382ad2227959ea9be7c
train,uniform,10,77,202610110077,0,,train/uniform/n10/uniform_n10_0077.tsp,e1c702f395dcdaafcf6095fd660fd8f2ad91506b13540339c6f373cbe884b205
train,uniform,10,78,202610110078,0,,train/uniform/n10/uniform_n10_0078.tsp,9ce8fd99f53c959ad602a90271675de1581e5033126b83e14e920a9be80c672c
train,uniform,10,79,202610110079,0,,train/uniform/n10/uniform_n10_0079.tsp,6d4b649f2dc4f21bf4f3a25138a72ab284110cb5e5f4c27737763dbac659133e
train,uniform,10,80,202610110080,0,,train/uniform/n10/uniform_n10_0080.tsp,59dc1db40268d608ba28d2f596626e7072084f73b8d10a0bb053d668bda54fc0
train,uniform,10,81,202610110081,0,,train/uniform/n10/uniform_n10_0081.tsp,3408df06234898312893c3bf1c4baf3362bf862f11f13ee9e3630686073d4d83
train,uniform,10,82,202610110082,0,,train/uniform/n10/uniform_n10_0082.tsp,8e7b07c1d296a7a217813acf1dce4d71d3a46ea34f8cc451bd031880d4128e30
train,uniform,10,83,202610110083,0,,train/uniform/n10/uniform_n10_0083.tsp,e3a83e4d7b33f48f207cdba8f8a755223fa37f9978570f0dfde3880ec1ca79d5
train,uniform,10,84,202610110084,0,,train/uniform/n10/uniform_n10_0084.tsp,3d5b8dcb0c496abed844e184c47a385687e28da8655139729cf75170cb8810fd
train,uniform,10,85,202610110085,0,,train/uniform/n10/uniform_n10_0085.tsp,5ca6c80928363532295417b9be478ca546ef3f8d5c5c91937a6ff8fd172ba979
train,uniform,10,86,202610110086,0,,train/uniform/n10/uniform_n10_0086.tsp,f73902bd768eaf9f41bdedceba655547f465ee87fc544c122e6613fdabeee854
train,uniform,10,87,202610110087,0,,train/uniform/n10/uniform_n10_0087.tsp,5465ddfc0e22e4c4ebb9eb5c5e4edd74babbf92e5e78d6a0bc6cb568c7a704aa
train,uniform,10,88,202610110088,0,,train/uniform/n10/uniform_n10_0088.tsp,fbca825ed5e5a2c164fe00ab7d1e57f270821ed325b6117fcf4efb6adec3d1f6
train,uniform,10,89,202610110089,0,,train/uniform/n10/uniform_n10_0089.tsp,00aab1086d15284159346b0a4daa2acf911847e6468c102e39f4717a02360258
train,uniform,10,90,202610110090,0,,train/uniform/n10/uniform_n10_0090.tsp,9fac5673d7587b7492094a04042e900b5726d9031e1aa2e220cd4741f2d143ec
train,uniform,10,91,202610110091,0,,train/uniform/n10/uniform_n10_0091.tsp,f69f40639c68384b1a6cd1474cd9beda7412f0a17c23a47aaf9daecefc029f8d
train,uniform,10,92,202610110092,0,,train/uniform/n10/uniform_n10_0092.tsp,d4d31508c97cb76fe1427b6bbb0caa609187875976c8a847ac0c810d183b6eda
train,uniform,10,93,202610110093,0,,train/uniform/n10/uniform_n10_0093.tsp,5fea413d240dd1074331b6e59be785ce71b99f4bb1db62f78bc54cd4afc70665
train,uniform,10,94,202610110094,0,,train/uniform/n10/uniform_n10_0094.tsp,5e96d120c47dbc7361c113e8ddf805592f0f70d789ba378afb524d4c6e931fe2
train,uniform,10,95,202610110095,0,,train/uniform/n10/uniform_n10_0095.tsp,4b8778feeeceb80c9f43287b77cb754baffc5c10485b78923b31e56c1ce6374e
train,uniform,10,96,202610110096,0,,train/uniform/n10/uniform_n10_0096.tsp,796788e9760906c3b496f9c69f01a93cfda2a0ba4c73c9c5c60c1635b5d2166a
train,uniform,10,97,202610110097,0,,train/uniform/n10/uniform_n10_0097.tsp,9a4e95e643cf464dcdf75ce3172e64f2b46470f530a3ea1418445b79f47aea98
train,uniform,10,98,202610110098,0,,train/uniform/n10/uniform_n10_0098.tsp,508a6e0a59593cf4cef22940b4e7e17976078962f12108b964815a63905aabb3
train,uniform,10,99,202610110099,0,,train/uniform/n10/uniform_n10_0099.tsp,e49c1a23ee013472e8b22478191906bb54a2581510eb6d0b1954dc253b8d97a8
train,uniform,10,100,202610110100,0,,train/uniform/n10/uniform_n10_0100.tsp,cc83c94c10c729ab120f5f2995122602a60780246b2e676a6a1bc9d645d27346
train,uniform,10,101,202610110101,0,,train/uniform/n10/uniform_n10_0101.tsp,7abe36a631661cd1889a8c302cd658da70373463661a0480a584f324157d4bae
train,uniform,10,102,202610110102,0,,train/uniform/n10/uniform_n10_0102.tsp,b57f1f4914be91873b6f6465813ef979056daea30ea8e6c0b5a2ccb4e0402eaa
train,uniform,10,103,202610110103,0,,train/uniform/n10/uniform_n10_0103.tsp,a758a98c1d96c15c276d461a4a2292f49e14f1503dda710c89747a7b7d20b59e
train,uniform,10,104,202610110104,0,,train/uniform/n10/uniform_n10_0104.tsp,715c10a1ef139494a2d104585033d6fcac6de7e7223f1b59d5688719a9f3b84f
train,uniform,10,105,202610110105,0,,train/uniform/n10/uniform_n10_0105.tsp,7155510afdadb81483654e62f1eeff91fac4c336c9d09ad44f666ab79c061bee
train,uniform,10,106,202610110106,0,,train/uniform/n10/uniform_n10_0106.tsp,62f14a35aad580b69e3960a64d82ec488822eceb9dbfd20a304798515d7475a4
train,uniform,10,107,202610110107,0,,train/uniform/n10/uniform_n10_0107.tsp,58a3e8d4808429dbaa9ed96429569fd330fc14ced6a24d7f54518bbac5bd2f23
train,uniform,10,108,202610110108,0,,train/uniform/n10/uniform_n10_0108.tsp,0d1581ba068c60e509fcb91ec8d45170e0b1c92ccf003e127214213ad1c507d3
train,uniform,10,109,202610110109,0,,train/uniform/n10/uniform_n10_0109.tsp,c406583a4a8b04f3baa11786ee2ee47a6b13b0dd7607123bd825af509542ffed
train,uniform,10,110,202610110110,0,,train/uniform/n10/uniform_n10_0110.tsp,cfb30b8751ef0215fb28bbf7386c24eb4c188f1a407df20ae6b8e636f70180d2
train,uniform,10,111,202610110111,0,,train/uniform/n10/uniform_n10_0111.tsp,9d136bf7c77cc9bb02ff82ec2730ebaa072f5df0551e6bde0b405cca93f543d8
train,uniform,10,112,202610110112,0,,train/uniform/n10/uniform_n10_0112.tsp,5e72f00d9399fe54bc99bd3c1c3b7932a409da5eeba019865692be47456136f3
train,uniform,10,113,202610110113,0,,train/uniform/n10/uniform_n10_0113.tsp,3a67022ee4d24400935edfb574f61ac7704ae24ab08c9f3f0cb6244d57204d96
train,uniform,10,114,202610110114,0,,train/uniform/n10/uniform_n10_0114.tsp,b1073df516558187fa18662874e7b8363c8966783ae26afde9f02afd8bc8fe20
train,uniform,10,115,202610110115,0,,train/uniform/n10/uniform_n10_0115.tsp,efb063033dff0bd1737df603e89e50f66451006ac7be26d4ffb2133c39f81f17
train,uniform,10,116,202610110116,0,,train/uniform/n10/uniform_n10_0116.tsp,5ddb7b3c484006573461506c1cb5be4d0287a2069f882c879706e6275c3ff414
train,uniform,10,117,202610110117,0,,train/uniform/n10/uniform_n10_0117.tsp,08d4ff16d5955ac9570600902271138cb74f997a9ab2ecfd281d28f1fd3a1a70
train,uniform,10,118,202610110118,0,,train/uniform/n10/uniform_n10_0118.tsp,d9a37f406bcd2820a3821ff81e3b487064c25887250c6c943db7b50ce2744b22
train,uniform,10,119,202610110119,0,,train/uniform/n10/uniform_n10_0119.tsp,efb8eff6f16953ffd05ff6993062b8d32b67b01e221a6904940fe8fd43df0146
train,uniform,10,120,202610110120,0,,train/uniform/n10/uniform_n10_0120.tsp,921eb95b70ac80ce112cdb952417bed86778b0df7b3b73cb5b64524fc28ce6c3
train,uniform,10,121,202610110121,0,,train/uniform/n10/uniform_n10_0121.tsp,920878e4566ac5ff44a01fe28ad3a19a0e8c2a8d04f919eec5ff7c2d0817f7b4
train,uniform,10,122,202610110122,0,,train/uniform/n10/uniform_n10_0122.tsp,4b79119dd20ebd9a7e78fd613e81f5a5f534076f0cc7c74f9c534e11071d44cd
train,uniform,10,123,202610110123,0,,train/uniform/n10/uniform_n10_0123.tsp,d66a7ce05f93953e5446898e7539d8bfc9bf704cf84d83492fdcd8d51dc60420
train,uniform,10,124,202610110124,0,,train/uniform/n10/uniform_n10_0124.tsp,719378f5435c9feed54b96d8cf3a49986a20f577ef1ec71cba78aa99f9291371
train,uniform,10,125,202610110125,0,,train/uniform/n10/uniform_n10_0125.tsp,e77dc9168236db0b503f8f06135bb44906663e34670b7afe4bc680e6c60e58f0
train,uniform,10,126,202610110126,0,,train/uniform/n10/uniform_n10_0126.tsp,4011b0eb6f187550f09a3f37c98ce22c3b2549a987fb4130dd59fb597cbb955e
train,uniform,10,127,202610110127,0,,train/uniform/n10/uniform_n10_0127.tsp,e0949528d9aed614efbf42276dbeb27da821aa83d43c3926bf519c0d52364196
train,uniform,10,128,202610110128,0,,train/uniform/n10/uniform_n10_0128.tsp,27e144748bffc53d75d07f9af861f96217f128fdb5f02d763d3870aec42bdf8b
train,uniform,10,129,202610110129,0,,train/uniform/n10/uniform_n10_0129.tsp,11dcf6afa5cc3371ceb55e027aec361ae9009447a1d5fa4c1c218686f71386b8
train,uniform,10,130,202610110130,0,,train/uniform/n10/uniform_n10_0130.tsp,45f5cbd9d0c5c5d31e353b906b906eecfd39ea17671377d4b428d4d2765e2cf7
train,uniform,10,131,202610110131,0,,train/uniform/n10/uniform_n10_0131.tsp,e0ce11c1d099403065fb53137b3d35accdfa62ae97592062fc83c77d2e6ff622
train,uniform,10,132,202610110132,0,,train/uniform/n10/uniform_n10_0132.tsp,0fed38da3e0d14acfa48905637f13fafee2a54c5420451362718c286d3118b9c
train,uniform,10,133,202610110133,0,,train/uniform/n10/uniform_n10_0133.tsp,a1eef4a1fc38c23b3e1ce988873152a28b53f9f650834358f24eb498b74c2f63
train,uniform,10,134,202610110134,0,,train/uniform/n10/uniform_n10_0134.tsp,0a2da98b3b3e1331982779f4b0c08c5d30bcecd2e204b1f470f7880a32cc5f04
train,uniform,10,135,202610110135,0,,train/uniform/n10/uniform_n10_0135.tsp,c2c49a22babd693ba212509a7ddffd30bd68b6ad62b72ddd0ca29fe18b59030a
train,uniform,10,136,202610110136,0,,train/uniform/n10/uniform_n10_0136.tsp,52a97c828a26b46535eaaba03ed75029126a113d794fe04e25775983322bbe6a
train,uniform,10,137,202610110137,0,,train/uniform/n10/uniform_n10_0137.tsp,dbb440d6b94dcce57f76980cd3800b14806a5e13c47ec55833f4034784d992e6
train,uniform,10,138,202610110138,0,,train/uniform/n10/uniform_n10_0138.tsp,22f4bcd7bf52e8dcb0793bd197c22ad3add3c4ca07865a3053775cfa527bc111
train,uniform,10,139,202610110139,0,,train/uniform/n10/uniform_n10_0139.tsp,7900913edd9e0e31ac01827b6967e9bfbcbc90a592003469f066b28b614c15b3
train,uniform,10,140,202610110140,0,,train/uniform/n10/uniform_n10_0140.tsp,cd1e74e78715cd84b4fb648856b38de695fc179278d1417b55b30e1582785888
train,uniform,10,141,202610110141,0,,train/uniform/n10/uniform_n10_0141.tsp,d7def7c8b49cfadfd6413f369d28baf43e6036114ac5a80029cc91a239e81fcd
train,uniform,10,142,202610110142,0,,train/uniform/n10/uniform_n10_0142.tsp,4a9b0cc18afeafe59f2d6e6140d2fe7de62e9c4f93efbee1ffe0e4616d1cf9f4
train,uniform,10,143,202610110143,0,,train/uniform/n10/uniform_n10_0143.tsp,040163c46cd0da4dd10ecdeb7c79740cf37002eb352727f56d1aac90e34aff2c
train,uniform,10,144,202610110144,0,,train/uniform/n10/uniform_n10_0144.tsp,fb190af8169313ae3abcc31256d9b0f4cbf121257113b59e588c46b13dc87d66
train,uniform,10,145,202610110145,0,,train/uniform/n10/uniform_n10_0145.tsp,983425921091288d7db53a9becea84f53f8e02d999833b9309253fceadfc670e
train,uniform,10,146,202610110146,0,,train/uniform/n10/uniform_n10_0146.tsp,f0bf65e7d94027377a16806702999696bef97f80532116d28e82d27fd52676a9
train,uniform,10,147,202610110147,0,,train/uniform/n10/uniform_n10_0147.tsp,251a5fa99734cec25407cb395ec48d5d2d6aa43cbdf7b874234e70d212fbc2f6
train,uniform,10,148,202610110148,0,,train/uniform/n10/uniform_n10_0148.tsp,b0958c70090c6fdcc4cb1aceb6df3e1deb55841c9c03ef4623b5fe1adad527b6
train,uniform,10,149,202610110149,0,,train/uniform/n10/uniform_n10_0149.tsp,a9e49f197a703e739388354d321e286b4e1d4cd8d8433bb413070cfa79a17b9c
train,uniform,10,150,202610110150,0,,train/uniform/n10/uniform_n10_0150.tsp,03cb20d069368f697d28aa01bc84c3d281e48db6d0c4fe00e925b3cd58cfead2
train,uniform,10,151,202610110151,0,,train/uniform/n10/uniform_n10_0151.tsp,ab78ade457fdf55d97299509b80ce6c5f93f2a2170d09239b4f1ef9b59de382b
train,uniform,10,152,202610110152,0,,train/uniform/n10/uniform_n10_0152.tsp,817cb28979f7539c83ba2a358bf69902cbf495f5f8cbe922a10b2f689fa96cec
train,uniform,10,153,202610110153,0,,train/uniform/n10/uniform_n10_0153.tsp,855a863aee03436f5309da696f5a56f1e51b29ef91d6b4cb6a45f7900d4a2a1b
train,uniform,10,154,202610110154,0,,train/uniform/n10/uniform_n10_0154.tsp,2774f3d95840be9b2e062ef582518f596f13cebe5ea79de39bae03351a4bf2f8
train,uniform,10,155,202610110155,0,,train/uniform/n10/uniform_n10_0155.tsp,ffb050bd12cfd78e1e07b2b99d5b39bdfee6a50d8448bd6f20531b9617b16a6d
train,uniform,10,156,202610110156,0,,train/uniform/n10/uniform_n10_0156.tsp,558f5904643d246db76ce1f44bbd63bfd5cead9f02a4bf57cc74f2cba1831a9b
train,uniform,10,157,202610110157,0,,train/uniform/n10/uniform_n10_0157.tsp,448ff850952263b3bcc26f3245971fc3f9321c380cfd1937fb26b6cfdf4e77cd
train,uniform,10,158,202610110158,0,,train/uniform/n10/uniform_n10_0158.tsp,b48a7d202fb26e61fdc0be9e565c542ba6adb5f703a23831a6bfc1849121bb1f
train,uniform,10,159,202610110159,0,,train/uniform/n10/uniform_n10_0159.tsp,faa90643db7dc6703ba26b9fffad64e12185d1d1ff338573b6b67a0ac4d6f8df
train,uniform,10,160,202610110160,0,,train/uniform/n10/uniform_n10_0160.tsp,20b50c79b082a6a47c115c854779c63d1f76b467ef4b10fcc9b35cfc55b3d3df
train,uniform,10,161,202610110161,0,,train/uniform/n10/uniform_n10_0161.tsp,3653cd3fe5a32a3e6d1f8f46107be67959f763d48a31017fa13e17f759f9cfe5
train,uniform,10,162,202610110162,0,,train/uniform/n10/uniform_n10_0162.tsp,cfa50bb637a837e113bf0b2cca44f3f1bab5f2c701eda4735f122e82551745aa
train,uniform,10,163,202610110163,0,,train/uniform/n10/uniform_n10_0163.tsp,d9008a4956f528830e59e9e5c0cb7e9272f627eb34efd92e188573dd0efe79e1
train,uniform,10,164,202610110164,0,,train/uniform/n10/uniform_n10_0164.tsp,aa1eff01ee111d00377ed6211ba725c1f29d6f45cd3c60daf12ea91805c8db54
train,uniform,10,165,202610110165,0,,train/uniform/n10/uniform_n10_0165.tsp,7f72f2865e3ef86856bc49156bbbeeed81845d6f5bb1ab4e05b38ea858ce81fb
train,uniform,10,166,202610110166,0,,train/uniform/n10/uniform_n10_0166.tsp,b927c2120b280e0f3f79e774a8d823c477185cf03338b790151e4995c9fd0d21
train,uniform,10,167,202610110167,0,,train/uniform/n10/uniform_n10_0167.tsp,004d4b8c6b7ea5b4781b19b050deadb8b999d5f505890c0185eb089a0d97f30a
train,uniform,10,168,202610110168,0,,train/uniform/n10/uniform_n10_0168.tsp,c1519625a26efc734e66cd6f8cc61d5bda6c21f21ef8226c2c441a310f78202b
train,uniform,10,169,202610110169,0,,train/uniform/n10/uniform_n10_0169.tsp,3a89cad8f08e83967029901193bade82a9dfef14e4f4e6b4def0ce24801ec2e1
train,uniform,10,170,202610110170,0,,train/uniform/n10/uniform_n10_0170.tsp,a1f9d2f10040494a3ca8e11609734ed3cb55c8f3bc74e7f21faa6638619c1da0
train,uniform,10,171,202610110171,0,,train/uniform/n10/uniform_n10_0171.tsp,2af31e1f1723a4e3e26b9a0847325033aa03094c9f2798eeaed8159c4d793af4
train,uniform,10,172,202610110172,0,,train/uniform/n10/uniform_n10_0172.tsp,c243fb71d2a3682e6dcc7a3bd9e551b5207b92ea28d8ecd8e2feeacec893fb44
train,uniform,10,173,202610110173,0,,train/uniform/n10/uniform_n10_0173.tsp,92a16e53e1d445f608c83f8e494284bd3efa7fa891e256713137668ddbb199e1
train,uniform,10,174,202610110174,0,,train/uniform/n10/uniform_n10_0174.tsp,8a0774a81535df2aaf3b2256a801217b3c1ee0936a03c48e5bb6e406a49a14d2
train,uniform,10,175,202610110175,0,,train/uniform/n10/uniform_n10_0175.tsp,e6ee9b9ad511218647565b24fd61324cb23f0c7c2463bd93590c2d6616c10589
train,uniform,10,176,202610110176,0,,train/uniform/n10/uniform_n10_0176.tsp,76d65e792382c2d335ebd27c8aabd0bb94756991531cfd33a7f71097169088a3
train,uniform,10,177,202610110177,0,,train/uniform/n10/uniform_n10_0177.tsp,79a9e47e9c71af8475040bc75c03bf035a75df05839f9312f1970065fc161845
train,uniform,10,178,202610110178,0,,train/uniform/n10/uniform_n10_0178.tsp,8f5c28df252b3b65d036af49e28d6159b0a2370276c9cac1c56a449af9f07de8
train,uniform,10,179,202610110179,0,,train/uniform/n10/uniform_n10_0179.tsp,e09e238e2632cd1ba447daef50c185ca510b194e57801cb94502aba36edb2f79
train,uniform,10,180,202610110180,0,,train/uniform/n10/uniform_n10_0180.tsp,76965ab2b2a2babb66475861b83cf3612347d844c833a0812c4b509dd218c532
train,uniform,10,181,202610110181,0,,train/uniform/n10/uniform_n10_0181.tsp,51b5517e1d7f3d490fc8544ddc99b5e342e083e8da357354b34a28a6bbc9304a
train,uniform,10,182,202610110182,0,,train/uniform/n10/uniform_n10_0182.tsp,7b1484a74982b22bd3995fc4a14fbf7928af6c7a7837b9b65291630d4f06a0ed
train,uniform,10,183,202610110183,0,,train/uniform/n10/uniform_n10_0183.tsp,e5dc6752c8f3811f58426209c78273bf2a0c4a6defb14b7955a716e63c725595
train,uniform,10,184,202610110184,0,,train/uniform/n10/uniform_n10_0184.tsp,1a94c0e5bd8b930f4ef5a0f5ede9667a44ec6c2c7c8293efa0ed445cddd9073a
train,uniform,10,185,202610110185,0,,train/uniform/n10/uniform_n10_0185.tsp,aadc49ee0997e2b52640b5989de396a95dcfc81cca83ec3d8c26dcfa9391aafa
train,uniform,10,186,202610110186,0,,train/uniform/n10/uniform_n10_0186.tsp,33e14a43f38d81a751ab62e35f7ddb4a01ae59ed2173e55a1102898f094a9367
train,uniform,10,187,202610110187,0,,train/uniform/n10/uniform_n10_0187.tsp,6b92bd2d3dfad7e297dc8a8616617bc9893f45c670f6947f60634285f39d03ac
train,uniform,10,188,202610110188,0,,train/uniform/n10/uniform_n10_0188.tsp,f66c332e3970d1ff05493d4e37c9d3e3848d135b1c45394b879739ccd303fa62
train,uniform,10,189,202610110189,0,,train/uniform/n10/uniform_n10_0189.tsp,6a1039a00582f18cc164595273cb8942378ad201b123587bdcdd124419067781
train,uniform,10,190,202610110190,0,,train/uniform/n10/uniform_n10_0190.tsp,d1b17decbe8a0489c165ecc0e04fbce551b8b6c06c519de522d175e4051ae6eb
train,uniform,10,191,202610110191,0,,train/uniform/n10/uniform_n10_0191.tsp,3762b83fbe25034090041f92cf148693648c80fcf3d5fd0bb329ce216b63b988
train,uniform,10,192,202610110192,0,,train/uniform/n10/uniform_n10_0192.tsp,a0c6c32e2586960912670cff908325f22d3f6cb26c5d174736f82122e31a64cc
train,uniform,10,193,202610110193,0,,train/uniform/n10/uniform_n10_0193.tsp,3770668e89b8b44604c428fe55081128e8df18d802925141c60ee06bd2a825b7
train,uniform,10,194,202610110194,0,,train/uniform/n10/uniform_n10_0194.tsp,11cb731e52b490947b99eab8f31b826b9f7dce17fa38f5baf89eccee3f701374
train,uniform,10,195,202610110195,0,,train/uniform/n10/uniform_n10_0195.tsp,e7b58398c92414471494efc06c55d28404b9c900b86e9430287da7978c8e682c
train,uniform,10,196,202610110196,0,,train/uniform/n10/uniform_n10_0196.tsp,3f11924f7edcc28c27e4c5e9c2c27076adf785b2e166b23b44cbb496ee0902b1
train,uniform,10,197,202610110197,0,,train/uniform/n10/uniform_n10_0197.tsp,0ca187137d2b4d1433f242918fe18d63ca50a41f03ec3cc87de1ec21770a1ae2
train,uniform,10,198,202610110198,0,,train/uniform/n10/uniform_n10_0198.tsp,d980ca35a656e5da3c655789c5b9a818ad721592bac43909f69ce86fa5e6b249
train,uniform,10,199,202610110199,0,,train/uniform/n10/uniform_n10_0199.tsp,0a9026b5d3cfeecc36a223b3fd990ecffa476aba271e26bb404e21cdcaaf4e8f
train,uniform,10,200,202610110200,0,,train/uniform/n10/uniform_n10_0200.tsp,f7212ddff981c4989293487063fbbcd6744452f9ce3a536d60a0f7e08a9dee16
train,uniform,10,201,202610110201,0,,train/uniform/n10/uniform_n10_0201.tsp,d6811f35a6f281b0e82308ba4a71bd64a3851fcef2f531468aefb6b3e5646bbb
train,uniform,10,202,202610110202,0,,train/uniform/n10/uniform_n10_0202.tsp,c17b1d6b86e4485244052f83cb08f759b7ba873abfb9de8f5f5d5ca978ffb7d4
train,uniform,10,203,202610110203,0,,train/uniform/n10/uniform_n10_0203.tsp,29455bf402f61fc653b4ccedf924b2211f1690d6a81338cc204560435a428a0a
train,uniform,10,204,202610110204,0,,train/uniform/n10/uniform_n10_0204.tsp,4386140b24c291054e84c79468d81c91e3a7cbf93a4d99f7a96343991cd0113d
train,uniform,10,205,202610110205,0,,train/uniform/n10/uniform_n10_0205.tsp,befa0a33b516f02c4c2f7f53125645be3bc53e1856a7c5af418238f519621c70
train,uniform,10,206,202610110206,0,,train/uniform/n10/uniform_n10_0206.tsp,8d5c4c6c9c0b4b1c79ad43b51e9c603e266fba5748e649826bed2acb834b3795
train,uniform,10,207,202610110207,0,,train/uniform/n10/uniform_n10_0207.tsp,cf0a192a6edbdd08bd80fee7ce6fe560f8d11a6db791fc556f1e4bd0af238bc0
train,uniform,10,208,202610110208,0,,train/uniform/n10/uniform_n10_0208.tsp,0aa739136a32d072155a204353719fe4b0b02bedbed4b6e970fb3a12d82caa85
train,uniform,10,209,202610110209,0,,train/uniform/n10/uniform_n10_0209.tsp,f8e356562c6ea47d849f54676f312f647518d87d48ec8d6ea246ceca8c33e103
train,uniform,10,210,202610110210,0,,train/uniform/n10/uniform_n10_0210.tsp,96aedcf11cdb62c1043b4f85f465d03fc2ac50c1369160e8cc31ab294540009f
train,uniform,10,211,202610110211,0,,train/uniform/n10/uniform_n10_0211.tsp,8565cdc96ef201036c1d1a398d837097da9bc0d00abb39eda3d1c3a637793f22
train,uniform,10,212,202610110212,0,,train/uniform/n10/uniform_n10_0212.tsp,375e5f46bc2d80ccc862d83b90aa6ff2bc109bb258e53ecbfe7eb14802d42774
train,uniform,10,213,202610110213,0,,train/uniform/n10/uniform_n10_0213.tsp,a8946132cb3b0bbb2f7eaaa129f02e316c4896e74bbb4c86306e3e76d01e2826
train,uniform,10,214,202610110214,0,,train/uniform/n10/uniform_n10_0214.tsp,cd6426c4e6cc0d508f4a67bd1714c33acf6183b6dce2b565047db10f0aefb7e1
train,uniform,10,215,202610110215,0,,train/uniform/n10/uniform_n10_0215.tsp,c76c4adf6eea75644dd5d7f5c249c74ac7915f84a9caea54bb683c05b7ae6d67
train,uniform,10,216,202610110216,0,,train/uniform/n10/uniform_n10_0216.tsp,4d4c6cae760666e9e3c1948b3713c8a16669bc58f90528507faea0388323e89e
train,uniform,10,217,202610110217,0,,train/uniform/n10/uniform_n10_0217.tsp,21a5977ae00ff11817b36bed2855c44a9dde7671983ae8a3f7562ec93430dc1e
train,uniform,10,218,202610110218,0,,train/uniform/n10/uniform_n10_0218.tsp,8e11fc9b0243e16f95a1ce8a41758fe58d732307e188adb1c05d6e957848d8cb
train,uniform,10,219,202610110219,0,,train/uniform/n10/uniform_n10_0219.tsp,b193ee6e21d3350f11e5c7cb5ee8c78298aac594207841de3feaad3bca77b4fa
train,uniform,10,220,202610110220,0,,train/uniform/n10/uniform_n10_0220.tsp,999bda84e7b3bbfcd9b5c35d9dc648354dc40db9389e67635bab7f11fbcc7a47
train,uniform,10,221,202610110221,0,,train/uniform/n10/uniform_n10_0221.tsp,3ef9d4310a9f20760da27afe702a80c954a5a1555065bcd1167b3b90f77faef1
train,uniform,10,222,202610110222,0,,train/uniform/n10/uniform_n10_0222.tsp,1fc59499bc2ec85157ee808f6a46ce65b101179d6add19044e98095b21f780a0
train,uniform,10,223,202610110223,0,,train/uniform/n10/uniform_n10_0223.tsp,e317f71dc4806a19544fd6d1b9a65e17bb50b72c670fb8b9ec1f88d5fa62673a
train,uniform,10,224,202610110224,0,,train/uniform/n10/uniform_n10_0224.tsp,f2a1024465f45604c94e6e55a4f9d87ec2f7b01a6944df40d115a46b5b9be5b2
train,uniform,10,225,202610110225,0,,train/uniform/n10/uniform_n10_0225.tsp,f545b7d353bc66467abd84d5508ba7e5ef0daeb2a0c03fb4c2f925d1df2e1541
train,uniform,10,226,202610110226,0,,train/uniform/n10/uniform_n10_0226.tsp,ca3f522efe7137723b3aa723ea625f24b2badb8bc21d30fb4b26c5018d324df7
train,uniform,10,227,202610110227,0,,train/uniform/n10/uniform_n10_0227.tsp,a5f1d8d6f8ad958299bd5bc1b3ab345ba83ac6ccfd7354a7937d16aa2519c87a
train,uniform,10,228,202610110228,0,,train/uniform/n10/uniform_n10_0228.tsp,28afacc80c22192316c16f9f0ab6561fe2abd1f8a799bdc096742d3cd582dd7e
train,uniform,10,229,202610110229,0,,train/uniform/n10/uniform_n10_0229.tsp,617b091ec80e56c4f422cb51cb69fc325b7b7af747fb85950a9a01fbbaaaf810
train,uniform,10,230,202610110230,0,,train/uniform/n10/uniform_n10_0230.tsp,75ad3a94a0a54b49f70885bf90aa68a57e0c203485b785400605a940b5f719bf
train,uniform,10,231,202610110231,0,,train/uniform/n10/uniform_n10_0231.tsp,588551d697d5da2df37a07205440f07fbb88ec78bcfcb98df8621bbd4c006776
train,uniform,10,232,202610110232,0,,train/uniform/n10/uniform_n10_0232.tsp,c81358733ddb10e27559f13a91d6146b730883c9947c334597fbaf80d743d292
train,uniform,10,233,202610110233,0,,train/uniform/n10/uniform_n10_0233.tsp,7c902222eef1e4b34327353045211f9fd6a142b4f744a43cd4812efbd51c8113
train,uniform,10,234,202610110234,0,,train/uniform/n10/uniform_n10_0234.tsp,c455016e75785d85b727e3d4af8011c02059c417e7a17115f007d370e4ef0a31
train,uniform,10,235,202610110235,0,,train/uniform/n10/uniform_n10_0235.tsp,33bd865c624c0f5c81b55438c2f23257109317c895dfdb72a2d6b8f9788a38ea
train,uniform,10,236,202610110236,0,,train/uniform/n10/uniform_n10_0236.tsp,d60da6d268592c2239939b6cf1b8ddc43d1ffe52c1bd79830429c566b149c949
train,uniform,10,237,202610110237,0,,train/uniform/n10/uniform_n10_0237.tsp,81613b4060476557ff60da36d856cfed5822c1489a906128abef42550d8e584a
train,uniform,10,238,202610110238,0,,train/uniform/n10/uniform_n10_0238.tsp,f7705ef94d035e6071dd005330e058078af1e934ef2db18d4997dc04151fc161
train,uniform,10,239,202610110239,0,,train/uniform/n10/uniform_n10_0239.tsp,660e4a9661ea94f6ad2afa73aea2e1148c4130b390beca9bf1f06b51b0a28ccf
train,uniform,10,240,202610110240,0,,train/uniform/n10/uniform_n10_0240.tsp,426e4d40f38dda43930c1636ea410bc67583fc8b4319c7074043cc48c243767a
train,uniform,10,241,202610110241,0,,train/uniform/n10/uniform_n10_0241.tsp,f1d9cad7fa1a53b13c978f3d7875503ff695d85c96fe5c760e9ab07e9b94d151
train,uniform,10,242,202610110242,0,,train/uniform/n10/uniform_n10_0242.tsp,b34ac971c7c5403a4222be150caa86e42e678ce6664d4cd29a20656c90ac6327
train,uniform,10,243,202610110243,0,,train/uniform/n10/uniform_n10_0243.tsp,d77cca11af168ac460b53374bd0a4a782eef548d0710ba5fe2091afced62174e
train,uniform,10,244,202610110244,0,,train/uniform/n10/uniform_n10_0244.tsp,d81cad6c4451a94ab299c16d0909bc7734ea47b630d00513fd653a2716bff95f
train,uniform,10,245,202610110245,0,,train/uniform/n10/uniform_n10_0245.tsp,7556b9cf6d9c2187868127d66720424647236645f08690ddaf4760ab84d88a31
train,uniform,10,246,202610110246,0,,train/uniform/n10/uniform_n10_0246.tsp,7313dc4c62abb4b20f28dd754a2d9151a74bc179a94f2571bd28c20693e39cd7
train,uniform,10,247,202610110247,0,,train/uniform/n10/uniform_n10_0247.tsp,07cd060923a97008032b4972a9dfb62d3dba98ab79d951b79c1bbdb4f94b058b
train,uniform,10,248,202610110248,0,,train/uniform/n10/uniform_n10_0248.tsp,6e77f2499e2e2d8cccba78c89e92504abd36687bc0899d34403e1c03e36f6745
train,uniform,10,249,202610110249,0,,train/uniform/n10/uniform_n10_0249.tsp,22eb50eef8aab4b123992110ca4598db41237f4a638985054da00f156ff6c6e8
train,uniform,10,250,202610110250,0,,train/uniform/n10/uniform_n10_0250.tsp,eb338dcbff0ac7a46e871b7dd936e392972769cd57669ae56222567f7addd452
train,uniform,10,251,202610110251,0,,train/uniform/n10/uniform_n10_0251.tsp,e06f484d774e00027a9e4e23eb14decdd1e45a5b1d15f043af168c02d8bd3846
train,uniform,10,252,202610110252,0,,train/uniform/n10/uniform_n10_0252.tsp,f0d3dffe95893e88b99d35ea6697514b2655d9b6874c95201f9389835caab6a5
train,uniform,10,253,202610110253,0,,train/uniform/n10/uniform_n10_0253.tsp,2cbb736a6b5abeac56b5ad0440952ff8cf699d967ccec0e43f96acdb192de7b3
train,uniform,10,254,202610110254,0,,train/uniform/n10/uniform_n10_0254.tsp,4801cded393213868ba1b85f0349b859a978efdd8c29acdbe65eee97596edc2c
train,uniform,10,255,202610110255,0,,train/uniform/n10/uniform_n10_0255.tsp,dcbe0d50476c5e3dab7161ad57d7a5d5f790643c096a51395effb97375fec75d
train,uniform,10,256,202610110256,0,,train/uniform/n10/uniform_n10_0256.tsp,7745256d4c444bd027c1a00d2a32bbd819ae4ef3940fd76f41dbf7450231bbd8
train,uniform,10,257,202610110257,0,,train/uniform/n10/uniform_n10_0257.tsp,e8fe900889051f0a430e505d4f3913db88fa59dfce68411a90c844b52f780e41
train,uniform,10,258,202610110258,0,,train/uniform/n10/uniform_n10_0258.tsp,4ee4295989819abad72eeef6e91c55980f6a3b9bc07324f72a3bb14e2c2b6a07
train,uniform,10,259,202610110259,0,,train/uniform/n10/uniform_n10_0259.tsp,16b5a71286e052d3ded9712b696b70cc8179aefeb745145cb4ada2835924bd4c
train,uniform,10,260,202610110260,0,,train/uniform/n10/uniform_n10_0260.tsp,37ef119a678665903fe7aa243741a76e3b1a7bbcd6f0dbc011f6a4eb168cb774
train,uniform,10,261,202610110261,0,,train/uniform/n10/uniform_n10_0261.tsp,1a8d88d7d14b8f2fc13cfcdc058f15b545e2ac11bc22b8f2cf4701e73a62b093
train,uniform,10,262,202610110262,0,,train/uniform/n10/uniform_n10_0262.tsp,1506305a8a056a4dccdce5b6cd39d4448c8782b7a0e1ca01bc0f31024b238bc7
train,uniform,10,263,202610110263,0,,train/uniform/n10/uniform_n10_0263.tsp,f610a3db0a87cb0a478771e7fe4bba3c2cf4d724e6ea823d8c70cc536ff7cba6
train,uniform,10,264,202610110264,0,,train/uniform/n10/uniform_n10_0264.tsp,3e9fa5baaff62b4d06894c5d0fb931fb498601933cc8ac94be8b06fea0a2db09
train,uniform,10,265,202610110265,0,,train/uniform/n10/uniform_n10_0265.tsp,94cb84d0da41a6f872a749d5fcb9d39dc5c80e05c30626eecc7eb258d31d4a0a
train,uniform,10,266,202610110266,0,,train/uniform/n10/uniform_n10_0266.tsp,3b3ab3b2408f92ff64ffef058e562d9c9a9b4a98ed2e0e7021f3f2eafd3a4418
train,uniform,10,267,202610110267,0,,train/uniform/n10/uniform_n10_0267.tsp,6d1a46976cae3e567e6edbe0702981a9dfd7f04973f086d67c53e6417e216106
train,uniform,10,268,202610110268,0,,train/uniform/n10/uniform_n10_0268.tsp,94989020530a9f883d1c58677c2ba125fe05840a83301d3a67631454e71e8fc4
train,uniform,10,269,202610110269,0,,train/uniform/n10/uniform_n10_0269.tsp,91205f883a66b531afd33faf284fda81d01f34c379f02be0742c15e184cb88c0
train,uniform,10,270,202610110270,0,,train/uniform/n10/uniform_n10_0270.tsp,d202e43af1ee906d048b90fbe8764e153e1b96dedcbb90e9400f5c17fd680da0
train,uniform,10,271,202610110271,0,,train/uniform/n10/uniform_n10_0271.tsp,cb7f5032c9672cb0100ad433df1c64b6af0d36d42ba0838c79704fa2acf06a8c
train,uniform,10,272,202610110272,0,,train/uniform/n10/uniform_n10_0272.tsp,82a389d53c884ba9a940c3166b5315ca8c615a02e537ca06bed9399ddf6e6772
train,uniform,10,273,202610110273,0,,train/uniform/n10/uniform_n10_0273.tsp,8030f727926038a116cd883cba3bebc3b968baf21e82f5016b4df7fd804671e2
train,uniform,10,274,202610110274,0,,train/uniform/n10/uniform_n10_0274.tsp,0fb850733e2d9dff4b7db6aa93f4efc3b701bea79b54a8b748df888585ffd717
train,uniform,10,275,202610110275,0,,train/uniform/n10/uniform_n10_0275.tsp,54af09f6c680533cae614c744938405f84ca62630fa42bf9a70f9fc36aa05244
train,uniform,10,276,202610110276,0,,train/uniform/n10/uniform_n10_0276.tsp,62d82a0566717f596905290bec6dce8f7b1781c4b85e6c018be26da6a7025e84
train,uniform,10,277,202610110277,0,,train/uniform/n10/uniform_n10_0277.tsp,51adb6ef4317f17c8ee6961902ea1452b86bec965c76df8051370e43d8a25752
train,uniform,10,278,202610110278,0,,train/uniform/n10/uniform_n10_0278.tsp,40122f4f76b13420ab571082719fee67ebb4a4a22db1222a211336f52411139c
train,uniform,10,279,202610110279,0,,train/uniform/n10/uniform_n10_0279.tsp,20abaddbc1d22bc471465372d83c58d3a20a408676a18b42ce8e608c87c3ceb2
train,uniform,10,280,202610110280,0,,train/uniform/n10/uniform_n10_0280.tsp,f13b0e6c759c392fe8401e57b1d4751cee6f3d16f41dc033ac598ed88fdc30b4
train,uniform,10,281,202610110281,0,,train/uniform/n10/uniform_n10_0281.tsp,6944eaf160ba71163bad5a8879b5f0e23bf573fc7c7d73262cc1394db17b694e
train,uniform,10,282,202610110282,0,,train/uniform/n10/uniform_n10_0282.tsp,700c495aab8f1fa1313e104a122110f6695333c84032554a5d25b55c0124dfb6
train,uniform,10,283,202610110283,0,,train/uniform/n10/uniform_n10_0283.tsp,90e010d94a925235553dfe19bc337a4ce47af7e8d6fe41d73e7322f30c0fad20
train,uniform,10,284,202610110284,0,,train/uniform/n10/uniform_n10_0284.tsp,6185af81b7ab430c96d80293ca7c53145c19e9d755b32fd4f2501cd30b4970eb
train,uniform,10,285,202610110285,0,,train/uniform/n10/uniform_n10_0285.tsp,380ca6bd183f162d77a0a2605216947c5f51656583b4c732ffb1802797a6d990
train,uniform,10,286,202610110286,0,,train/uniform/n10/uniform_n10_0286.tsp,99c98c6e7724ed0f65edb8ed16bab5985492da70d537a7691a98c67421df22ab
train,uniform,10,287,202610110287,0,,train/uniform/n10/uniform_n10_0287.tsp,4c4cc8c1b5234a20495b49e9ee8c1fb1dae98368fad6887f923abf53f9c771d0
train,uniform,10,288,202610110288,0,,train/uniform/n10/uniform_n10_0288.tsp,9d40507aeccc6dee2f91063fea4f5d5f1dbb362c12997d32fb98b75ac9e5af0d
train,uniform,10,289,202610110289,0,,train/uniform/n10/uniform_n10_0289.tsp,90e6c6a55c4b2c4b6dba49fe029e38372b621a402b91ac70667652999dbf3323
train,uniform,10,290,202610110290,0,,train/uniform/n10/uniform_n10_0290.tsp,c0b068944292a689fdf7ae5debc740c294c1ab0633a6cead75986afb5bcbc2cc
train,uniform,10,291,202610110291,0,,train/uniform/n10/uniform_n10_0291.tsp,a28c11e8f0a7e012163fdef5c41640983e1a1af2fed6b6e30eaedecf3578ee79
train,uniform,10,292,202610110292,0,,train/uniform/n10/uniform_n10_0292.tsp,751508892aad24566ab4b07a296e1dbd16f276dd1faa4f6874cd3691eacfe90e
train,uniform,10,293,202610110293,0,,train/uniform/n10/uniform_n10_0293.tsp,b976c11ea29c62a5033c4ba153d6380777e82d2bbb5c49f2424d6ad0ab0fae82
train,uniform,10,294,202610110294,0,,train/uniform/n10/uniform_n10_0294.tsp,453f5ae880e79ee0c002c24cd757212822eea7c27e4eff17b74f58d57eb7bfb4
train,uniform,10,295,202610110295,0,,train/uniform/n10/uniform_n10_0295.tsp,f7b8dda5cc6c34c92ad72e2d62096f43b66ab71cdf18fabf4599335113bf96b8
train,uniform,10,296,202610110296,0,,train/uniform/n10/uniform_n10_0296.tsp,0605dc2d8ef95a7e263ca42192c46f6ab52c305fe66ad96713e89258c12c020f
train,uniform,10,297,202610110297,0,,train/uniform/n10/uniform_n10_0297.tsp,15f422d8dd87298bdf8518a92fd8808b890fa6faec7683849e6ea730eacabc0e
train,uniform,10,298,202610110298,0,,train/uniform/n10/uniform_n10_0298.tsp,59c3619907630c6a59e3fe45649ed82db3c1a3b264714566f29645166b67d1c5
train,uniform,10,299,202610110299,0,,train/uniform/n10/uniform_n10_0299.tsp,4146375226d21c45663acdb5877f279f043b3ee9c96738da5ff85936e8b05144
train,uniform,10,300,202610110300,0,,train/uniform/n10/uniform_n10_0300.tsp,aa61b3eb248f0d541d7a718c92eb7f5a62d555b5ed96cbbddcc0935908af673d
train,uniform,10,301,202610110301,0,,train/uniform/n10/uniform_n10_0301.tsp,fc07371e4ed757cedfceac4a57a89dd39208f31d7f0c49519ad2e620aab75575
train,uniform,10,302,202610110302,0,,train/uniform/n10/uniform_n10_0302.tsp,bef22b406c7d3e39eb66e0cd98554b10a783d0b855ca5b5f822781c8efb2e252
train,uniform,10,303,202610110303,0,,train/uniform/n10/uniform_n10_0303.tsp,e4e833c0c2e54728451f52a89947711725110c7d0cff532b82b9639539e19ac3
train,uniform,10,304,202610110304,0,,train/uniform/n10/uniform_n10_0304.tsp,3b5e8de5a6c31c190d5b2012566ad74e4a2d8a8047fd2866aff3151382ae5d7c
train,uniform,10,305,202610110305,0,,train/uniform/n10/uniform_n10_0305.tsp,1bea72d4b9c26645aa4447d9a9ff55ca2b331ddaaddeb528ad70ab08f4124aff
train,uniform,10,306,202610110306,0,,train/uniform/n10/uniform_n10_0306.tsp,415aa2e5d7e4466f757e03bacfee06465e13733ef3c836bc15c528c0573d6e7e
train,uniform,10,307,202610110307,0,,train/uniform/n10/uniform_n10_0307.tsp,0618b074930dc2295311cf9686a997b337c514aa5233fa6b04a2b46efda6846c
train,uniform,10,308,202610110308,0,,train/uniform/n10/uniform_n10_0308.tsp,691d6a8a9a4147400ca50d880bbe2a16ba4ee6b01d0b0c0158bf8b2e9da0a34b
train,uniform,10,309,202610110309,0,,train/uniform/n10/uniform_n10_0309.tsp,4b3875df18886096e78bf4c930819f091b248df40e741814313dcea67251c3c7
train,uniform,10,310,202610110310,0,,train/uniform/n10/uniform_n10_0310.tsp,b371376f21e1ae9874b89f14421a56ff9ef7a99b2881e2ef67c9ca45737c6577
train,uniform,10,311,202610110311,0,,train/uniform/n10/uniform_n10_0311.tsp,ef26592f68fce1cf25418d0231406af2ca140941ceb780a24a659c2022f58f4c
train,uniform,10,312,202610110312,0,,train/uniform/n10/uniform_n10_0312.tsp,6835b808191affbbf9ad408184adfd28b7413aed775f6526cbc8330e97190c49
train,uniform,10,313,202610110313,0,,train/uniform/n10/uniform_n10_0313.tsp,323abeb739d8a4c15f1b2deb85026d4ab4ab4bfd8c2bf3c4dc1b1cf3f052976f
train,uniform,10,314,202610110314,0,,train/uniform/n10/uniform_n10_0314.tsp,e95e497ed3d563955be1f2a2c152cce4117efdd2895a200ea32e923738c4c510
train,uniform,10,315,202610110315,0,,train/uniform/n10/uniform_n10_0315.tsp,aa471aa2ad6bdcff3699cb3a441aa92b4681444b675b2bea231ea85a60499ce4
train,uniform,10,316,202610110316,0,,train/uniform/n10/uniform_n10_0316.tsp,38952259c2a635d04166cbd95510d797543f076401616f1dbfcfd9d88deb9b83
train,uniform,10,317,202610110317,0,,train/uniform/n10/uniform_n10_0317.tsp,342f424cca42635e15e3c550cc7649a4b151c5673fd5d2c7f68d064827521d27
train,uniform,10,318,202610110318,0,,train/uniform/n10/uniform_n10_0318.tsp,853d8eed1f9e56beeb66625cb781eaae95393d8c714a295ea2c8ea09285e800a
train,uniform,10,319,202610110319,0,,train/uniform/n10/uniform_n10_0319.tsp,9dac763e658cbc47c6795ace18506af0bf53e715881cc909b0ce89c55f4911e8
train,uniform,10,320,202610110320,0,,train/uniform/n10/uniform_n10_0320.tsp,89f0c38cf7becb85208cd238932b291d20321f75b57d90f7f7588b56f8ba08a2
train,uniform,10,321,202610110321,0,,train/uniform/n10/uniform_n10_0321.tsp,b57f7f2014a8d895b7bbc8773224884b73bf54ea46d6d753f1ea0b7402401cf2
train,uniform,10,322,202610110322,0,,train/uniform/n10/uniform_n10_0322.tsp,f7ade658f1050732e81b2e6d35ca71e5fd5fd66aca5d861198ef1d5403496b16
train,uniform,10,323,202610110323,0,,train/uniform/n10/uniform_n10_0323.tsp,a99abee07782fcc7bfd105fa2d570baab5d780dbb6c926931b87f65618d6245a
train,uniform,10,324,202610110324,0,,train/uniform/n10/uniform_n10_0324.tsp,327560458f36a5745fa5be42de66476fcc7c5b7796d7e3cfaacced15d17818da
train,uniform,10,325,202610110325,0,,train/uniform/n10/uniform_n10_0325.tsp,8dd0d910d56d268f2047b7012107ec783514f5a99b86f0d84c1ee1a00781c2db
train,uniform,10,326,202610110326,0,,train/uniform/n10/uniform_n10_0326.tsp,7cb1a3b0cad3d3b613d98227c3c36a6bb6c0512e7a25fcee882c843db4b391c4
train,uniform,10,327,202610110327,0,,train/uniform/n10/uniform_n10_0327.tsp,d55e1462451f225cfb280e62bc16950e657cc4cf523980c731a0876e2b8bae2a
train,uniform,10,328,202610110328,0,,train/uniform/n10/uniform_n10_0328.tsp,da90d66a5d9d453936478a5322ab455dfa08e9e97d6e0e8327cd923d25cf561e
train,uniform,10,329,202610110329,0,,train/uniform/n10/uniform_n10_0329.tsp,7bbeeb2d91ba1ba75f42b4f8bb6fb5dcb1d98f2a88b78801dbd097e86d37e3ea
train,uniform,10,330,202610110330,0,,train/uniform/n10/uniform_n10_0330.tsp,f494e73e4126abe84516963881508e7f67f4e01a9eeae4afca2d702e7a54cc59
train,uniform,10,331,202610110331,0,,train/uniform/n10/uniform_n10_0331.tsp,261724871c6f4e8bd9b6ff09a1b62f08ee3f9e404a7e28c2b11c3719a9f58b55
train,uniform,10,332,202610110332,0,,train/uniform/n10/uniform_n10_0332.tsp,20b742f12b199242a03e0d5986e08756d0cdb0506537bc5b99fe153a84a1e2b5
train,uniform,10,333,202610110333,0,,train/uniform/n10/uniform_n10_0333.tsp,b8ca8cccdb45027eee02e193fee5ab17a4beae03aa1b7a3206ef83368c3e7860
train,uniform,10,334,202610110334,0,,train/uniform/n10/uniform_n10_0334.tsp,64fd1c4627feef7403cc294fb383c525d83b29bf41c5ac0c27a7f1830267d483
train,uniform,10,335,202610110335,0,,train/uniform/n10/uniform_n10_0335.tsp,e25bbb3ef933fee5d26e9819b377362fca80fd373af628ee542b28d02c6105f8
train,uniform,10,336,202610110336,0,,train/uniform/n10/uniform_n10_0336.tsp,897e290c5d00f142aba9749ecbdae9136dcad6e6eedf3c18f7b642f6283ae8d7
train,uniform,10,337,202610110337,0,,train/uniform/n10/uniform_n10_0337.tsp,0999f2da839865ffd0e46e47657de04f6a3c6b86860176ae1fe136853758a42a
train,uniform,10,338,202610110338,0,,train/uniform/n10/uniform_n10_0338.tsp,d5d68ffd073b8f857104b13c827c79b86cb8a677a08706c989af55f8a5f89dfb
train,uniform,10,339,202610110339,0,,train/uniform/n10/uniform_n10_0339.tsp,183c156fdeb6a28a75a9cd2a3fa1eb0c2c11b132b5924179fa35fa51af546030
train,uniform,10,340,202610110340,0,,train/uniform/n10/uniform_n10_0340.tsp,00a2625f0a2bd84d63199145ae1f2a6ce23bda3651f2676375685af51677be3e
train,uniform,10,341,202610110341,0,,train/uniform/n10/uniform_n10_0341.tsp,58ea08ea911ae863a4e5c4adadf7835a09151b968f8a88bc4288a0a8971a1ac9
train,uniform,10,342,202610110342,0,,train/uniform/n10/uniform_n10_0342.tsp,5c0567cf2b515c22b9c82d04483633375149be4bccdf0227986eff5938e78142
train,uniform,10,343,202610110343,0,,train/uniform/n10/uniform_n10_0343.tsp,1812250b9516a3c9653c1a649d97c1a30ac117e32f5672cb36878703efdb1d5c
train,uniform,10,344,202610110344,0,,train/uniform/n10/uniform_n10_0344.tsp,b2a94b87f3b2e4e35e7180c135013b059df17671fa83a199235d5acf8c59b4fe
train,uniform,10,345,202610110345,0,,train/uniform/n10/uniform_n10_0345.tsp,b9cd84709549147c970730327e88b21849182d5e1603ac98152d8840bc43bd7b
train,uniform,10,346,202610110346,0,,train/uniform/n10/uniform_n10_0346.tsp,b8a26937498455f1d6645e502414e1be5bbd26d0a3aacfe0915b079795c0df8a
train,uniform,10,347,202610110347,0,,train/uniform/n10/uniform_n10_0347.tsp,f7094524b6f804a67aed1b44c7cb8277f6d2c9a4d55269a2c7405edf48ace313
train,uniform,10,348,202610110348,0,,train/uniform/n10/uniform_n10_0348.tsp,6c04785fb02a3b04722d43e960a9313e4c7ceafd452155ec0a9e017f19e99e78
train,uniform,10,349,202610110349,0,,train/uniform/n10/uniform_n10_0349.tsp,a78d41da4e1c6d3b81ab1b826cfc1f01d9c730b3dcd8ea753ebb632fd2c60cd1
train,uniform,10,350,202610110350,0,,train/uniform/n10/uniform_n10_0350.tsp,3d7e9fd336d1c251d3f7211ff367839b2a65c83114cb5ecd9de914c0624825fb
train,uniform,10,351,202610110351,0,,train/uniform/n10/uniform_n10_0351.tsp,1f326f01b3c2c271c5b492d30061c4d98906418ef4fb830326e4134aa00e9761
train,uniform,10,352,202610110352,0,,train/uniform/n10/uniform_n10_0352.tsp,edb76bfb95cd853c50a9b2b1f75bcbc84cc99b855f3a8c8ae00ef3a7391efbd3
train,uniform,10,353,202610110353,0,,train/uniform/n10/uniform_n10_0353.tsp,d9994654a6791a64ade0c875ee35f5eb9954e6653a48cb8fcdffc974914aa5bc
train,uniform,10,354,202610110354,0,,train/uniform/n10/uniform_n10_0354.tsp,c9c3f0e76afe0159d6838a1c4de62469038fdbb5646b1d9ae673825339d51549
train,uniform,10,355,202610110355,0,,train/uniform/n10/uniform_n10_0355.tsp,3ade5e5d265916d459f4c04fc7879f5003d850ee779a8942c4a6e51c2be2bead
train,uniform,10,356,202610110356,0,,train/uniform/n10/uniform_n10_0356.tsp,94730362c82cb4293954aaee328436c0cc83bf025a637f17df5bcf89dbf4da05
train,uniform,10,357,202610110357,0,,train/uniform/n10/uniform_n10_0357.tsp,63376adfc1cf260a5681707ece4a852ab811a513c194bbdf6b4c5da35e8d692c
train,uniform,10,358,202610110358,0,,train/uniform/n10/uniform_n10_0358.tsp,7b3994c5911e3e000c46b773618c4eda9900839a8ef2d557cf0d6a4d1011ca0e
train,uniform,10,359,202610110359,0,,train/uniform/n10/uniform_n10_0359.tsp,395b6f1da5941b1db7a9757b2acf0eea3232dbf2d6f783b1f973310df037cd36
train,uniform,10,360,202610110360,0,,train/uniform/n10/uniform_n10_0360.tsp,af6925645ec056b3609fb66f781e53b8e04ed3e4065ebd762b35c9d2aac09022
train,uniform,10,361,202610110361,0,,train/uniform/n10/uniform_n10_0361.tsp,08bc66fd2af3f9a723737cf9a1ba77ad263cafa6f2800bc36b8ee68aacc4e1a4
train,uniform,10,362,202610110362,0,,train/uniform/n10/uniform_n10_0362.tsp,4256afbd7a8ad745d669b215dd9d5b0a22000fcb26c5881ed208e519b11c02da
train,uniform,10,363,202610110363,0,,train/uniform/n10/uniform_n10_0363.tsp,b1bd6d7d492e4f4af883203f8bc12267354c621034f4320e9b837057905a84d9
train,uniform,10,364,202610110364,0,,train/uniform/n10/uniform_n10_0364.tsp,16ef01b9586607318e2cf69997cad227a387bb6d98d23e0ddbca735b4eb89c34
train,uniform,10,365,202610110365,0,,train/uniform/n10/uniform_n10_0365.tsp,9f84a8bf4a5997997b1fb006c0a849b57c2405d02dfa9234a244867fb1f75279
train,uniform,10,366,202610110366,0,,train/uniform/n10/uniform_n10_0366.tsp,4e360f4a55f98a309d41cd221277eacba8dd6473bd1b14732910beae4d899878
train,uniform,10,367,202610110367,0,,train/uniform/n10/uniform_n10_0367.tsp,4b90e716cc161ffa7801b4a15b363c586be858dfa37e603092d80bec8313da31
train,uniform,10,368,202610110368,0,,train/uniform/n10/uniform_n10_0368.tsp,a32201f7c6b494055cb954d8cd79fc12c8c24f97a58d652d711e75cc6dd4b0e8
train,uniform,10,369,202610110369,0,,train/uniform/n10/uniform_n10_0369.tsp,d442f19b75cc386307afc47732869971cf40456e662536a2612a35eb86b17c5a
train,uniform,10,370,202610110370,0,,train/uniform/n10/uniform_n10_0370.tsp,ba8b7e9fa58a210634e57d51f3f932f68735db06090c392cf925105b95c6f2de
train,uniform,10,371,202610110371,0,,train/uniform/n10/uniform_n10_0371.tsp,534d062d9c02109e59e377ebb3ced12c895f170ece243aa443eb4e79473540b4
train,uniform,10,372,202610110372,0,,train/uniform/n10/uniform_n10_0372.tsp,517c1fdf1802c0261416144e109ec1f342a8a5fb3858f9ce6bd5e699e48e6fa8
train,uniform,10,373,202610110373,0,,train/uniform/n10/uniform_n10_0373.tsp,b3db11b6cece89841a2055e7fef0a6b301af74bf77156570be7485763b263b54
train,uniform,10,374,202610110374,0,,train/uniform/n10/uniform_n10_0374.tsp,69404e7c655cc3edea7518ce41618b9bfc15723f240a5ba7cb686dac832adc4e
train,uniform,10,375,202610110375,0,,train/uniform/n10/uniform_n10_0375.tsp,699a603cec12fdf0ea14e296dc20a9b1f0a1695afb4d672434a1372b7e111ab2
train,uniform,10,376,202610110376,0,,train/uniform/n10/uniform_n10_0376.tsp,5ce0c53785284f26112c31669bdd4015fa72f6c01307c97835c9e4c77d4e1193
train,uniform,10,377,202610110377,0,,train/uniform/n10/uniform_n10_0377.tsp,16e04de7d2953691567c0f21ef43aa4cfdb7a4b9d0d00334a0e422655076ba1e
train,uniform,10,378,202610110378,0,,train/uniform/n10/uniform_n10_0378.tsp,664a7b86f8a39126593d9d6bb0fa7502230cec32b1e95df73dfcb6034f1fdbed
train,uniform,10,379,202610110379,0,,train/uniform/n10/uniform_n10_0379.tsp,1baec8e01328f7efa43cee282849b3562873d53d164baf5cbd92dc6504cecc17
train,uniform,10,380,202610110380,0,,train/uniform/n10/uniform_n10_0380.tsp,bd66fc656580bf5942da8410655c72691ca338d22fcc8b3b2023d5bb49a3df4a
train,uniform,10,381,202610110381,0,,train/uniform/n10/uniform_n10_0381.tsp,fddc628c8f7898a3cdbce56552bc53eff36ab744352cdd9112b436a2745a1dd3
train,uniform,10,382,202610110382,0,,train/uniform/n10/uniform_n10_0382.tsp,521ee0a06552e3d6a66ff56ab8984779fda7ee73f51368e39e5389d3df0432ed
train,uniform,10,383,202610110383,0,,train/uniform/n10/uniform_n10_0383.tsp,0f5f076fab4adc2ff155e9f699637b88f0e4ff6f1cacba98f09756b2fe7e467f
train,uniform,10,384,202610110384,0,,train/uniform/n10/uniform_n10_0384.tsp,5b0ca9bc3d3b491275125ecac9481c590717de0900d1ae8488239d518fc217de
train,uniform,10,385,202610110385,0,,train/uniform/n10/uniform_n10_0385.tsp,a64e1ebac506acbfa3cb87d1076e992106ec835263f590a636e758300bf94ed6
train,uniform,10,386,202610110386,0,,train/uniform/n10/uniform_n10_0386.tsp,9198fa80f27bdc07bd1aec7948d5c1b1eba33720b64d03960330e8c645ff777e
train,uniform,10,387,202610110387,0,,train/uniform/n10/uniform_n10_0387.tsp,ee477497b7e87c8cff7383cdd89239622b2d76612ab2c768b72060c02806185f
train,uniform,10,388,202610110388,0,,train/uniform/n10/uniform_n10_0388.tsp,a3fb32c9f41a06ef7d65611758ace7d6c8352e5e9f676664ff0578b4a625a186
train,uniform,10,389,202610110389,0,,train/uniform/n10/uniform_n10_0389.tsp,2f9205b261623cd76cafaaec0358da040818be04768db3bf252e6ca763195cb7
train,uniform,10,390,202610110390,0,,train/uniform/n10/uniform_n10_0390.tsp,f69a262835b2a08ec927b15ad2637e924a4134631e552169da25e2c24706154d
train,uniform,10,391,202610110391,0,,train/uniform/n10/uniform_n10_0391.tsp,be5cf8feefd63e386f6d5fd8242e05d60ff071641deb7b896af73ab9fe382818
train,uniform,10,392,202610110392,0,,train/uniform/n10/uniform_n10_0392.tsp,ec681b811bd4e7f0ff5989f70d49548de0cdbd8fb5f0d5e9f1fc6e323ce90112
train,uniform,10,393,202610110393,0,,train/uniform/n10/uniform_n10_0393.tsp,c207e3077783d07bf28e5891dc1fd93e8c7f11899e6bd79118cffb20b84f1618
train,uniform,10,394,202610110394,0,,train/uniform/n10/uniform_n10_0394.tsp,48bc77beef6583d40a12f4971c81deefe2b75825aadadabc9e85e1349c2ad3c3
train,uniform,10,395,202610110395,0,,train/uniform/n10/uniform_n10_0395.tsp,a9a530c5aade586e3c3adb350aa894cdff9561a72aed9f8f74701bff94cf8671
train,uniform,10,396,202610110396,0,,train/uniform/n10/uniform_n10_0396.tsp,f848f592ce99c3f96af99dd8da45667f037cfba34aecceb8e6daa0f669533241
train,uniform,10,397,202610110397,0,,train/uniform/n10/uniform_n10_0397.tsp,7543f3bcc35f943fc01e870f9f56c00afc632f8106bf10113796a7c5a64e7aa5
train,uniform,10,398,202610110398,0,,train/uniform/n10/uniform_n10_0398.tsp,2c4d542b027179e04ee541285f0806e3739cd5d11a2e8ab16eb2e55cac4a389f
train,uniform,10,399,202610110399,0,,train/uniform/n10/uniform_n10_0399.tsp,355c2f5b89bc6ea8e71718a44e722385727af68cbe94baf02052d437bb13e038
train,uniform,10,400,202610110400,0,,train/uniform/n10/uniform_n10_0400.tsp,d7a6fab185560a065fd97f12a2b2152ca340b37fae1cef5d557d8df2a5532e5b
train,uniform,10,401,202610110401,0,,train/uniform/n10/uniform_n10_0401.tsp,820d04ad006f3f93e58ef23a55885c99d999b7f7efe7013e911dd0c2479bed0f
train,uniform,10,402,202610110402,0,,train/uniform/n10/uniform_n10_0402.tsp,b06700a41e53be53841b78fc81a8d7505a74b65d430328f9deb0ddf0dec0d985
train,uniform,10,403,202610110403,0,,train/uniform/n10/uniform_n10_0403.tsp,ed65618dbde6fec0a7604e74e5d645a8a6ef0c0f8498f2322742145b090537de
train,uniform,10,404,202610110404,0,,train/uniform/n10/uniform_n10_0404.tsp,9fe5f7809d71b77db058ac1b6038851ee1f45bdd728e9958c0f5f09f96c16f37
train,uniform,10,405,202610110405,0,,train/uniform/n10/uniform_n10_0405.tsp,359ff30f0f5341b2ef80b2e60eea9d5018dcaed61e48d405fc183d11fe008061
train,uniform,10,406,202610110406,0,,train/uniform/n10/uniform_n10_0406.tsp,acbe465263354e2d22a8e444bbbed7a905ad1af4d42905521ec522bf96d2cbc1
train,uniform,10,407,202610110407,0,,train/uniform/n10/uniform_n10_0407.tsp,cd0c5794d54008c284a4c6cd9d34658c41b65daa3592c7613ad0790e88409bd9
train,uniform,10,408,202610110408,0,,train/uniform/n10/uniform_n10_0408.tsp,b0f3cd66a5337196b004392a297a5e1969cf2952ac1feaa85c0c950b2b18d139
train,uniform,10,409,202610110409,0,,train/uniform/n10/uniform_n10_0409.tsp,c685f665093dcad59642a58803c8b6e072fbf04096ce74f8ffd178bb9b2b676d
train,uniform,10,410,202610110410,0,,train/uniform/n10/uniform_n10_0410.tsp,da775b16098bf4c8634b274bb838d04beae9cc1a455a21fdeb62e248a1807d89
train,uniform,10,411,202610110411,0,,train/uniform/n10/uniform_n10_0411.tsp,dd1b6415692f682a8633dacb9ea871eb055d859c646559ad6d6ac2e1ec256c89
train,uniform,10,412,202610110412,0,,train/uniform/n10/uniform_n10_0412.tsp,fda60e3cd31574a09662611c855e12d823e6a9566e8a4c0324e86511dd2f6479
train,uniform,10,413,202610110413,0,,train/uniform/n10/uniform_n10_0413.tsp,f3defa43f825a26a9c1b060ca9db240e23789b3b454eb4605b20025b4288880a
train,uniform,10,414,202610110414,0,,train/uniform/n10/uniform_n10_0414.tsp,a7118a334a818bc464077cfcb56f85e0206cb17f16c94f7d81c2b0e93f844048
train,uniform,10,415,202610110415,0,,train/uniform/n10/uniform_n10_0415.tsp,8db3a6cac1783cdadab5f79f95b3454abcc7b3b678f1c32a4fb8758727dd3b14
train,uniform,10,416,202610110416,0,,train/uniform/n10/uniform_n10_0416.tsp,95559b84ad5844e5c542a8d19e34272cfb8301ba3a43324b099a35c402b2e066
train,uniform,10,417,202610110417,0,,train/uniform/n10/uniform_n10_0417.tsp,6d09e72aa101f28d45c13ce613169364a8fbe4979097da5c9cdeb944bef2b425
train,uniform,10,418,202610110418,0,,train/uniform/n10/uniform_n10_0418.tsp,074dad3c38820a97688c95e4bca889f6b17735fea9315316918f2d21ad7844f1
train,uniform,10,419,202610110419,0,,train/uniform/n10/uniform_n10_0419.tsp,de6bbe448514ba26f3c46297f79e71e65f369a1cceec642b45a7c65d9e573157
train,uniform,10,420,202610110420,0,,train/uniform/n10/uniform_n10_0420.tsp,2dfa4a1bd98d874b3fb5e4d866f1d622a38e21ca435f213bd93606af441cb46d
train,uniform,10,421,202610110421,0,,train/uniform/n10/uniform_n10_0421.tsp,5a956e1f604f4fde138129b6d397693c3aac9c422e954d68d60b413f16ad7b94
train,uniform,10,422,202610110422,0,,train/uniform/n10/uniform_n10_0422.tsp,1156acc50a61b098873e14b38b848f6f532f8d88fefb3bdd41e6745c9f98d72e
train,uniform,10,423,202610110423,0,,train/uniform/n10/uniform_n10_0423.tsp,79eeb3be19668a2b5219c65c77d6462ccf52bf80a39c0a67c5f8ac74d324a060
train,uniform,10,424,202610110424,0,,train/uniform/n10/uniform_n10_0424.tsp,5209d4b4ba40e145b997a9e155b03d94321ab46afa481af80edd8740a03410c0
train,uniform,10,425,202610110425,0,,train/uniform/n10/uniform_n10_0425.tsp,ae22f277873ccdf94fa41bccf8f0955f74243c42b87014ce9da8cca7118c78e2
train,uniform,10,426,202610110426,0,,train/uniform/n10/uniform_n10_0426.tsp,13018995cb933b5fa6cffd39db6d535a3cf835641057ab294f9f53edf0f94663
train,uniform,10,427,202610110427,0,,train/uniform/n10/uniform_n10_0427.tsp,417e524735a89705cc569213332469325b4cfcc6a97e5ad41b9b9544076458d8
train,uniform,10,428,202610110428,0,,train/uniform/n10/uniform_n10_0428.tsp,72afe96ea5cdb93b605663807e374d1033612d5e5d6e4c166ccadef22b2c7db0
train,uniform,10,429,202610110429,0,,train/uniform/n10/uniform_n10_0429.tsp,eb274f3296883d465050a43452bd9458775f2dbd0e0fd0920ec577aedaee9085
train,uniform,10,430,202610110430,0,,train/uniform/n10/uniform_n10_0430.tsp,e8a1c844963c6b448c5e016c59b85c31ee3495d3c2c2565285843eda9c26229e
train,uniform,10,431,202610110431,0,,train/uniform/n10/uniform_n10_0431.tsp,c3b247492ba3808ad7c826aaa965986ca2b5e336393bc97966d99891b09b3c99
train,uniform,10,432,202610110432,0,,train/uniform/n10/uniform_n10_0432.tsp,6fb2cc17dd3ee2fd534858342ea6a71e7797a699a6ac5178801ab2cde9e7411d
train,uniform,10,433,202610110433,0,,train/uniform/n10/uniform_n10_0433.tsp,1a85375cd4c870c64ffc75a8fb71742ba0d8df6c9396cac2753775fc472e2648
train,uniform,10,434,202610110434,0,,train/uniform/n10/uniform_n10_0434.tsp,cdfc8740361459d0cc2694954433cda6c41609b31734a5b97db0419e330b181c
train,uniform,10,435,202610110435,0,,train/uniform/n10/uniform_n10_0435.tsp,2e7873e0dff3053642356fd9a636ff2ba3ff80105456944c16cb17116a19e04b
train,uniform,10,436,202610110436,0,,train/uniform/n10/uniform_n10_0436.tsp,84a8074e4c4d6062011375256ec7231265a6104d7817f2b54bbfe98007e3e0df
train,uniform,10,437,202610110437,0,,train/uniform/n10/uniform_n10_0437.tsp,0a3745c897caa20e9cbbb3faae0eafde56bcd862d7e7e38ef029a14f64eb7e7b
train,uniform,10,438,202610110438,0,,train/uniform/n10/uniform_n10_0438.tsp,86a9c41c2232e8ebb745a3acc7f8e683cbab9b89066525e89cef5385e1480a8b
train,uniform,10,439,202610110439,0,,train/uniform/n10/uniform_n10_0439.tsp,39db315e515925ae96b54bbd7c7e517f9090b8a56d82e3ef80192aa67bd02468
train,uniform,10,440,202610110440,0,,train/uniform/n10/uniform_n10_0440.tsp,b74f68449f36f4846b86127eb9e5b97fc4972755eaf4715adfec916504ed07c8
train,uniform,10,441,202610110441,0,,train/uniform/n10/uniform_n10_0441.tsp,15b5e0c68ef3d0862108a9bbd7b37012ed5f6ec2462a3383f7c0f1d78165c6ca
train,uniform,10,442,202610110442,0,,train/uniform/n10/uniform_n10_0442.tsp,3027c072e45f6ddb4829bb21fd8c7ab62be90ab3044d2c6cda5105e3563d4767
train,uniform,10,443,202610110443,0,,train/uniform/n10/uniform_n10_0443.tsp,5d38e5c2fa8b4edbf4bdee2ba07b9c97193f41a091b8e4db3e18c9ed706c62b9
train,uniform,10,444,202610110444,0,,train/uniform/n10/uniform_n10_0444.tsp,88413d213c91718ee50aeca8b7bb0ea739cfa8eb252ddcb5e3a6eac977f76bc2
train,uniform,10,445,202610110445,0,,train/uniform/n10/uniform_n10_0445.tsp,3e5347341eb7375c7615e57601ece9e4fc8cc83e9ac1058d480d05978ce6ae81
train,uniform,10,446,202610110446,0,,train/uniform/n10/uniform_n10_0446.tsp,72cefcf317bf1703bd34f427abe7e53f558704e4f0470560369e06e6f00d5e1d
train,uniform,10,447,202610110447,0,,train/uniform/n10/uniform_n10_0447.tsp,a7f8796da2f28f68cb0e7c837aca404ba138f58999ede27fb45e34754001a678
train,uniform,10,448,202610110448,0,,train/uniform/n10/uniform_n10_0448.tsp,1db7e3797e42ad91abf2d7ddfaf067d5eb63819a80b77b533d2f9911e79dc363
train,uniform,10,449,202610110449,0,,train/uniform/n10/uniform_n10_0449.tsp,6861371afc09012fbd89cece21c2b597ea79fcee19091f7c2cd6d2f8b97ebf8b
train,uniform,10,450,202610110450,0,,train/uniform/n10/uniform_n10_0450.tsp,951dd366df2801e8d44e62d1ce81f395e58b9fde0cbcb3f341237b0df3c29aa5
train,uniform,10,451,202610110451,0,,train/uniform/n10/uniform_n10_0451.tsp,43fe12ff18d146d90f0f8720678a8eba0e8a3246cfcd62bae58d36b6c41ec80f
train,uniform,10,452,202610110452,0,,train/uniform/n10/uniform_n10_0452.tsp,018957cb83b3bf9d3ee26a192e9903880ff45b62e2caf129d654a0827e72bad0
train,uniform,10,453,202610110453,0,,train/uniform/n10/uniform_n10_0453.tsp,11da0c75cdd2276c291896c79e222e23a8b68b79a580b502ea8f37713b85ecb6
train,uniform,10,454,202610110454,0,,train/uniform/n10/uniform_n10_0454.tsp,5c93378bb1006f5feef7fa2d4c8e569e89a102148879f6d5dfeb93015f0e8311
train,uniform,10,455,202610110455,0,,train/uniform/n10/uniform_n10_0455.tsp,0c502e7f7767e67de15392bf89d455329a33d27835aaf3d1881261b6a3709cf8
train,uniform,10,456,202610110456,0,,train/uniform/n10/uniform_n10_0456.tsp,cdcbfdd349cb1bb2435349876e6c0d93223fc3a96fbabe24d4fb94fe2f9340af
train,uniform,10,457,202610110457,0,,train/uniform/n10/uniform_n10_0457.tsp,74ed3baac23f3621f8f2a2d5ec40e251286e0fd2a7a781a4185d834e513cefd6
train,uniform,10,458,202610110458,0,,train/uniform/n10/uniform_n10_0458.tsp,a2ec5975c26a75d4512097d172e06f35e2c01f3595bac68d8a19ece6471d33d5
train,uniform,10,459,202610110459,0,,train/uniform/n10/uniform_n10_0459.tsp,41ba094ffa4c26cd382e512a61ab785fbef4b4dcc2c82787cec5b33686db056b
train,uniform,10,460,202610110460,0,,train/uniform/n10/uniform_n10_0460.tsp,208dcccc91943627069a9096df7e86abd5ab39888914ce5ed507be27884b1cee
train,uniform,10,461,202610110461,0,,train/uniform/n10/uniform_n10_0461.tsp,c1096c345b9b227b211ac0a4319dc6665ccc669ef5f52097554c64f397ab041b
train,uniform,10,462,202610110462,0,,train/uniform/n10/uniform_n10_0462.tsp,32b16416be99e8f9f4ea150789bcaed1ad1c5ac7f130c9d691e3f69381a90e12
train,uniform,10,463,202610110463,0,,train/uniform/n10/uniform_n10_0463.tsp,a923ada8f066ed4ff4e47085287c0a1a8b0df232da1e1955d257fbf330a598a3
train,uniform,10,464,202610110464,0,,train/uniform/n10/uniform_n10_0464.tsp,355f57413c268ba6f6b3cdf210b2c69e70b0e8b1691a7b2f7db9f5b2e6a0df6a
train,uniform,10,465,202610110465,0,,train/uniform/n10/uniform_n10_0465.tsp,104d04b16691d9f32c753e4e6b562f5df6bc3ff531e5328fbb3ee4f188f7704e
train,uniform,10,466,202610110466,0,,train/uniform/n10/uniform_n10_0466.tsp,ad069318dd4623b455092fa2da02ca4de212d9583ac2ec0faf82dd03ecd813fd
train,uniform,10,467,202610110467,0,,train/uniform/n10/uniform_n10_0467.tsp,54602f3edab928a7511cd5b9a7861db6af5b8a667bbb5bac574887d14673b277
train,uniform,10,468,202610110468,0,,train/uniform/n10/uniform_n10_0468.tsp,1ed2daa7a63c8831f1e0c35086f074e7922d9d00b557b03d3961f0e2c78ded72
train,uniform,10,469,202610110469,0,,train/uniform/n10/uniform_n10_0469.tsp,45a3e5b0a2203c3a7dcbe6cc54873488dc7baf214fc6c40464334d0f7688287c
train,uniform,10,470,202610110470,0,,train/uniform/n10/uniform_n10_0470.tsp,e7953faa74b138cc0f50265d23753701e50358d699995f55826a94d4d2253401
train,uniform,10,471,202610110471,0,,train/uniform/n10/uniform_n10_0471.tsp,7a2c93e107a0602d9c729364de9b70b30d7f65132258dda38e59bf554149a495
train,uniform,10,472,202610110472,0,,train/uniform/n10/uniform_n10_0472.tsp,83c89063f8ff2339b9fd510d9d8f7b8e8d2b63338e45bfc280da4d3785ee1ff0
train,uniform,10,473,202610110473,0,,train/uniform/n10/uniform_n10_0473.tsp,37890b653744e778fcbeeb37657341ccbc4f661fdcbc1cc705f8e6d767348840
train,uniform,10,474,202610110474,0,,train/uniform/n10/uniform_n10_0474.tsp,8c7cddfc9c7a811843649a5d1687cf345ae71fa5ff7680f267c1e8ded2a41fc7
train,uniform,10,475,202610110475,0,,train/uniform/n10/uniform_n10_0475.tsp,7a4aa06ae53d9d7e1bb1c2b0000cbd4c817cf00e557908bf9b250feb8268d9ce
train,uniform,10,476,202610110476,0,,train/uniform/n10/uniform_n10_0476.tsp,77497fb38d0073140b5046d0db5322098007003bfadedeece45897faa5e62db8
train,uniform,10,477,202610110477,0,,train/uniform/n10/uniform_n10_0477.tsp,505faf619f9477189d5ff7aa1e83d12c00c405b14d2c4acf4592b8b362832175
train,uniform,10,478,202610110478,0,,train/uniform/n10/uniform_n10_0478.tsp,2a3e5405af4fefcaa4cb1e3204b2a54660b022d9262cfbf66da060a52515f778
train,uniform,10,479,202610110479,0,,train/uniform/n10/uniform_n10_0479.tsp,d8c3240fa178a65a108e642edf62009bc0d916f99f16fe6fc8c9e3870b93ddba
train,uniform,10,480,202610110480,0,,train/uniform/n10/uniform_n10_0480.tsp,6cad46a07fdec27adf82687cd4b2818d0165bd65f845cd1d5b72a8b260beb5f2
train,uniform,10,481,202610110481,0,,train/uniform/n10/uniform_n10_0481.tsp,d2062554b803ba9ccc911607afac430cdf1638f4bc5ec177dd521744de8dfb10
train,uniform,10,482,202610110482,0,,train/uniform/n10/uniform_n10_0482.tsp,aab58cd4c443c37d542f0dc5b1b47bb40842951be5fba499749f47447d716b08
train,uniform,10,483,202610110483,0,,train/uniform/n10/uniform_n10_0483.tsp,1fa7a2b7a91650a32e14a0b24986d7a5fc803428bd18986d04152940c2491f04
train,uniform,10,484,202610110484,0,,train/uniform/n10/uniform_n10_0484.tsp,fb7ec469277d14808ad18b4880d6d67952262dbae980a621971e7898af2944b1
train,uniform,10,485,202610110485,0,,train/uniform/n10/uniform_n10_0485.tsp,626178490312def6500799424c4d9baaa938a95fe5b5950c81e29ba542a7679f
train,uniform,10,486,202610110486,0,,train/uniform/n10/uniform_n10_0486.tsp,f8226a2db66e40acbacceafe6f2f0c80a463937ae20a74e0ad7e22f6d9826c72
train,uniform,10,487,202610110487,0,,train/uniform/n10/uniform_n10_0487.tsp,92d2bebe1c1184e78b54e1b965f7a028a5ca42c43c02a9e92cf288d037ed8b9b
train,uniform,10,488,202610110488,0,,train/uniform/n10/uniform_n10_0488.tsp,864f807d7a3ab3346eb31307daed397a57b90cfa09c95c7be77e3be531f1b1c6
train,uniform,10,489,202610110489,0,,train/uniform/n10/uniform_n10_0489.tsp,e930377ec570816e9a406e481eee582a58b2510c57c4db39dbbf19cee24ce6d4
train,uniform,10,490,202610110490,0,,train/uniform/n10/uniform_n10_0490.tsp,d9f8dacf92abb3d798eb46fc006723b2605167ab3ab70dac5b5d0055e1465009
train,uniform,10,491,202610110491,0,,train/uniform/n10/uniform_n10_0491.tsp,b95feed8988319f9cd3e8db500a1b3e9fc20a5461c6654b0874ce86d04d136d6
train,uniform,10,492,202610110492,0,,train/uniform/n10/uniform_n10_0492.tsp,be73f042be9647812c3a3a34426dd43868098ad9fc48e76df751b6b2e5a96229
train,uniform,10,493,202610110493,0,,train/uniform/n10/uniform_n10_0493.tsp,40a22a9cbd774dbb7e3756e555048ad8860b5e855ee3ac9fc0a5abb64a8a3ea1
train,uniform,10,494,202610110494,0,,train/uniform/n10/uniform_n10_0494.tsp,4fb73b7cceb8da34361acf7ef8db74bafba7caacb4b58b91d02bc6137de5f81f
train,uniform,10,495,202610110495,0,,train/uniform/n10/uniform_n10_0495.tsp,0669a4b88cdad356fd7d59c1eb81a30761bf7b60ec1717f34224ffd49a455b71
train,uniform,10,496,202610110496,0,,train/uniform/n10/uniform_n10_0496.tsp,269e9585ef767432fb5c9822958a767e944473be618f6810b3341e6b9c75e40d
train,uniform,10,497,202610110497,0,,train/uniform/n10/uniform_n10_0497.tsp,4ffdb075ab92a235489b1dd41bf0128371aa4dd9ad93b2758d9feedccc0d7138
train,uniform,10,498,202610110498,0,,train/uniform/n10/uniform_n10_0498.tsp,4b41dbf3b39d928526c6360c2e01f97c4049378053667829af7cbb9e442a287f
train,uniform,10,499,202610110499,0,,train/uniform/n10/uniform_n10_0499.tsp,1eabfc34b07ca952f9cf0d5f8e15ba0d0e45072a0b9376cb7cab0fb686380e7a
train,uniform,20,0,202610210000,0,,train/uniform/n20/uniform_n20_0000.tsp,2a83bf09e28c380eb977c9d9b7883fe2c399cdc5b6f89f9528bf092a5d607f83
train,uniform,20,1,202610210001,0,,train/uniform/n20/uniform_n20_0001.tsp,8764afc77487143aaa53f331f9ee584482ed5892ca09cffcd5c4ca68b3f10913
train,uniform,20,2,202610210002,0,,train/uniform/n20/uniform_n20_0002.tsp,0a9961467c2177c25db117ef4aefb73128cc06c36d06e9d959aac534d511cbdb
train,uniform,20,3,202610210003,0,,train/uniform/n20/uniform_n20_0003.tsp,2eb50db4b4d08d96aa2bfa77b6383eb1ca5626c03e4c1d39055d81004efa2d63
train,uniform,20,4,202610210004,0,,train/uniform/n20/uniform_n20_0004.tsp,a3020c5edc895cc526bdca075d8c2d8812d84813e6c2ce76db07c05a628ce711
train,uniform,20,5,202610210005,0,,train/uniform/n20/uniform_n20_0005.tsp,30a09e0583c7e2df4bbcb7ce07fe19222ffea8e1edaafc92b4b4b99318285ff4
train,uniform,20,6,202610210006,0,,train/uniform/n20/uniform_n20_0006.tsp,6fc8f53481510c2965934367010bf043ec52880e3b94f6a5d76e345089e76d6b
train,uniform,20,7,202610210007,0,,train/uniform/n20/uniform_n20_0007.tsp,49760ada24da9fd6bf0f58a5cbc35bf3016ea847863ef4e13a1336c9df93af52
train,uniform,20,8,202610210008,0,,train/uniform/n20/uniform_n20_0008.tsp,c96315c4a8416909cc4ae9e9225bf1127c906805518f90ff5b592c6e45ce6cfd
train,uniform,20,9,202610210009,0,,train/uniform/n20/uniform_n20_0009.tsp,138b7483ff26888e1e6cf39d65bcd97325225b156c03516cbfb6bd671352b65d
train,uniform,20,10,202610210010,0,,train/uniform/n20/uniform_n20_0010.tsp,5a1948b770a85ab89cb901f797c1ed4bc7b3b9fda1672438d20aad550bddcf62
train,uniform,20,11,202610210011,0,,train/uniform/n20/uniform_n20_0011.tsp,e3cb0c1516a8af661722cb75f8321a865a6001c7773a19b8bc7ba96e38d2712e
train,uniform,20,12,202610210012,0,,train/uniform/n20/uniform_n20_0012.tsp,2738031d642f4efe23dcff0803a14568b21a827f7f08de0f9935ca233c3b68a7
train,uniform,20,13,202610210013,0,,train/uniform/n20/uniform_n20_0013.tsp,a25bdf3fc8ae023c9251adba3ed93883838bb78d6a119c767eb44aee37f77b48
train,uniform,20,14,202610210014,0,,train/uniform/n20/uniform_n20_0014.tsp,29a8b839fb1885e00dc3c629c17f31e9d2f242317379dea89f1a5472c8a46cf7
train,uniform,20,15,202610210015,0,,train/uniform/n20/uniform_n20_0015.tsp,bc6691fe0b329d557bd1692624d595edc48eae79828105fefc1fa257226a4b4b
train,uniform,20,16,202610210016,0,,train/uniform/n20/uniform_n20_0016.tsp,b01d1b13f71e9c9b758d1c3eb4785e845187f3b5da18090534b58dc5a7543b79
train,uniform,20,17,202610210017,0,,train/uniform/n20/uniform_n20_0017.tsp,d022a9611f4812dbbe484ddcbe5e1bfa186b133635936c1b96792a93d704c824
train,uniform,20,18,202610210018,0,,train/uniform/n20/uniform_n20_0018.tsp,4b51d2462418cf33e614d5ac43300f895c64617582d7ca45f007af77b64a5efd
train,uniform,20,19,202610210019,0,,train/uniform/n20/uniform_n20_0019.tsp,a6bd3b0b0dab49bfb796cfbfed840d402f8a375eaa835b7dbd4581fa1a4c94ae
train,uniform,20,20,202610210020,0,,train/uniform/n20/uniform_n20_0020.tsp,f292338a5999e33e340f5c4a62b85dfbfc64d1b12b562b9ab5854c610daa653d
train,uniform,20,21,202610210021,0,,train/uniform/n20/uniform_n20_0021.tsp,b86e590ca3e254e46a04a5d3d703b64701e3f99a5ea8507be71bf4fed1f65061
train,uniform,20,22,202610210022,0,,train/uniform/n20/uniform_n20_0022.tsp,cd034811bf904c53d42be3b9cb12a94a8fce52c535dcf7a69f5fd7bb6212c484
train,uniform,20,23,202610210023,0,,train/uniform/n20/uniform_n20_0023.tsp,8c6547e7ee5ae07d6eb7677b044adaef57f53847fb5bc6890dbcf3d28ef0768b
train,uniform,20,24,202610210024,0,,train/uniform/n20/uniform_n20_0024.tsp,c563f6e422135c1d4665fb9b30be3a058c71697de5aae23a8b4d6094c0c39b46
train,uniform,20,25,202610210025,0,,train/uniform/n20/uniform_n20_0025.tsp,c9d5ac8036c39813f68c1e4321ff1af9de6f7e820d86f2922ed3fcf0d9043a71
train,uniform,20,26,202610210026,0,,train/uniform/n20/uniform_n20_0026.tsp,3917ebcf63cafe688557e0266f20f0fc2250d66f24963c2ab6bb7f92aa1bc650
train,uniform,20,27,202610210027,0,,train/uniform/n20/uniform_n20_0027.tsp,274ce7d7eeaf0245ac009de83c358cd4af6aa4d452a6ee8ae59a32d963437110
train,uniform,20,28,202610210028,0,,train/uniform/n20/uniform_n20_0028.tsp,beb5d952545db2e1425c29b957f288e3da7b4ad3d2d248bd91215e37af9e367f
train,uniform,20,29,202610210029,0,,train/uniform/n20/uniform_n20_0029.tsp,2c75a182147b84acef6824ef96f1ab11d417cad7b9ecf158430f917af98df36c
train,uniform,20,30,202610210030,0,,train/uniform/n20/uniform_n20_0030.tsp,d9f78b13366f21d365e1f57621e9b78d556989edab5b8ab6cc7da8ce931cfe89
train,uniform,20,31,202610210031,0,,train/uniform/n20/uniform_n20_0031.tsp,9e50e2347579550eabbc7270ea53f154038803aaa18588e2c99abf5a4249b5cc
train,uniform,20,32,202610210032,0,,train/uniform/n20/uniform_n20_0032.tsp,d031682d11dd9ec343bf69f66d0c04160266db26e315c983667583dd3e9e84c7
train,uniform,20,33,202610210033,0,,train/uniform/n20/uniform_n20_0033.tsp,f4bfca464ad3327684c253e2b87feaf012ca56f91baca269d729f1889af157c9
train,uniform,20,34,202610210034,0,,train/uniform/n20/uniform_n20_0034.tsp,f54720a656958d16c181edc7ef40725e0df08fe9a7f1e5ef2af3036279094178
train,uniform,20,35,202610210035,0,,train/uniform/n20/uniform_n20_0035.tsp,e851822a41382485bea212e1fade7c057829cc94816e8e033efed53594f169d9
train,uniform,20,36,202610210036,0,,train/uniform/n20/uniform_n20_0036.tsp,a06eb6d66e0e7bd5ddf835ea84abca0f98cda62d8398eda21f4c5c1edbc754cf
train,uniform,20,37,202610210037,0,,train/uniform/n20/uniform_n20_0037.tsp,0144724bd79bdb76a89b580dab9d7fff9fb8fac7c49b97abefe344f7a61be61a
train,uniform,20,38,202610210038,0,,train/uniform/n20/uniform_n20_0038.tsp,545ccba25b42c6068f1bfd1d92eb127d5c5f0ff9567b3e35fc82d0122a1ad61c
train,uniform,20,39,202610210039,0,,train/uniform/n20/uniform_n20_0039.tsp,a8a3cb53a0e418a18f96ed6961d93e86b2bda95c919d496685d918d2f4389f3e
train,uniform,20,40,202610210040,0,,train/uniform/n20/uniform_n20_0040.tsp,1258f77053b76f74db932f400c50ea67b1612e7edb3332d498a018350f0d9bfb
train,uniform,20,41,202610210041,0,,train/uniform/n20/uniform_n20_0041.tsp,b52c684f5db1575c44cd9c728d0997dbeb3b2be0f3acb6bbf80d2c13f185ec4c
train,uniform,20,42,202610210042,0,,train/uniform/n20/uniform_n20_0042.tsp,5ac0188562a6b0cf9a54094c772c4c92321a14f63d63f85f08b6a6df2d3d98fe
train,uniform,20,43,202610210043,0,,train/uniform/n20/uniform_n20_0043.tsp,6fc04e68ddb2cfe866c9dfda6cef520b84da1b411bf991f3e4e1929bdf35d148
train,uniform,20,44,202610210044,0,,train/uniform/n20/uniform_n20_0044.tsp,e43787d3b44d14c5a8da3670e9294fe86898f2160216f38ae9ed2e0b8492e5d1
train,uniform,20,45,202610210045,0,,train/uniform/n20/uniform_n20_0045.tsp,5d8dbafb4bf1c35957a8b34682f8a5f4df33286867b9b7075620e00a2830d2c0
train,uniform,20,46,202610210046,0,,train/uniform/n20/uniform_n20_0046.tsp,477aa0578cf0ede7aa90adbe94009c6e974767a45eefea05ec2a7ae8f2d2530f
train,uniform,20,47,202610210047,0,,train/uniform/n20/uniform_n20_0047.tsp,996a1861403778af2798efad54e8a42578b3ff7fe95af2d8c533d07297b32e79
train,uniform,20,48,202610210048,0,,train/uniform/n20/uniform_n20_0048.tsp,79eb51032f90b58fc0730a8226677c0a052e4372a4398d30c4e28cc2b25ccbb6
train,uniform,20,49,202610210049,0,,train/uniform/n20/uniform_n20_0049.tsp,ea90e28ccec7af20ede8318062cc3c87f87e5bfc1def1ba26d23783ef5d0c3d8
train,uniform,20,50,202610210050,0,,train/uniform/n20/uniform_n20_0050.tsp,168ff69b7b27578280f805e69e1b4e34ed13dda77e6358d1686ceb9550cec3b6
train,uniform,20,51,202610210051,0,,train/uniform/n20/uniform_n20_0051.tsp,1cb24e4139008c638a0d4f08c8abce3ccd56459b6d199f7c13c3360cf7726a1c
train,uniform,20,52,202610210052,0,,train/uniform/n20/uniform_n20_0052.tsp,7889ad3b1130b0153b6db9a246d04ad2f7ff0379ba6b7e04fabb95800b03e7c0
train,uniform,20,53,202610210053,0,,train/uniform/n20/uniform_n20_0053.tsp,47d2b17d36fdb97a49c7a8acefdce57a2ce08ded6642242e80f6fa943050a25e
train,uniform,20,54,202610210054,0,,train/uniform/n20/uniform_n20_0054.tsp,8485349399d675ddc4bc1f9a4465a961e3f2a53c092e60bb7c78ac8869fb08cf
train,uniform,20,55,202610210055,0,,train/uniform/n20/uniform_n20_0055.tsp,bd47d26585f3670957300a5b1ba3160aaa6af5dddfed292d960f632298868fd7
train,uniform,20,56,202610210056,0,,train/uniform/n20/uniform_n20_0056.tsp,ee0efa092be65187412d8e0fdef6fe05fa864545bc53645237d5fc8222765629
train,uniform,20,57,202610210057,0,,train/uniform/n20/uniform_n20_0057.tsp,0f21afad75d09dac900c1602bb56abdbefe72ccc34ff9b8965288065698f5fed
train,uniform,20,58,202610210058,0,,train/uniform/n20/uniform_n20_0058.tsp,4bd158ee57e9321edd33b6fd81ed5cdd8e309e1d75b53f897890b3b055a3fa95
train,uniform,20,59,202610210059,0,,train/uniform/n20/uniform_n20_0059.tsp,7cd37425e73b39666cf85f35590b63749c548428a0e5c30c39979176f023129f
train,uniform,20,60,202610210060,0,,train/uniform/n20/uniform_n20_0060.tsp,4cac9bc109b7bd86b6da5c5e48b1cda56d98eb04210cce28cc1a599f1b0fc5d4
train,uniform,20,61,202610210061,0,,train/uniform/n20/uniform_n20_0061.tsp,c25e5b60c8d9286bd4b8f99440288cddc609242829bfd53f324ed8a89197e4d2
train,uniform,20,62,202610210062,0,,train/uniform/n20/uniform_n20_0062.tsp,219e81aed5b7a6f5672c02995ca20d6862fc7618c8dd7adcaebfd4a4b8070257
train,uniform,20,63,202610210063,0,,train/uniform/n20/uniform_n20_0063.tsp,7d289850e87cf80cf905fa01099e58ca03541d433bfa369f9a314bbecf086475
train,uniform,20,64,202610210064,0,,train/uniform/n20/uniform_n20_0064.tsp,540f5bae0dc5cf992a7c4d18d31757052117c5017a235af2ce5db0fe81b3226d
train,uniform,20,65,202610210065,0,,train/uniform/n20/uniform_n20_0065.tsp,2c9683328b9a21cd42236c888d218cba35d5624781078b3447edaa0b682bfee5
train,uniform,20,66,202610210066,0,,train/uniform/n20/uniform_n20_0066.tsp,101babf1f6a54b3e276c15bfc0a40f376363e0dae19608c06b0c0583d41cf584
train,uniform,20,67,202610210067,0,,train/uniform/n20/uniform_n20_0067.tsp,49b1f9e25910273e6be67ef1d999f1cfd3fe07f742e9869338077a0aefa98170
train,uniform,20,68,202610210068,0,,train/uniform/n20/uniform_n20_0068.tsp,baaac4acb9932c3d6169e80f1d2905362143bb061b6b4ff67c1677a9dc5b8f6f
train,uniform,20,69,202610210069,0,,train/uniform/n20/uniform_n20_0069.tsp,2f70d9fa1d7eaf32ff0b99b593d4787fa599f5047a368844163dc976172ce62e
train,uniform,20,70,202610210070,0,,train/uniform/n20/uniform_n20_0070.tsp,a9a75365462f0afc782d29b2a69b261bc186e3da124212b80b9e83e43dd3fa26
train,uniform,20,71,202610210071,0,,train/uniform/n20/uniform_n20_0071.tsp,f27f568746ab41d247584b6fcb5ffd511a97a8b919b22aed1d5adadf57810348
train,uniform,20,72,202610210072,0,,train/uniform/n20/uniform_n20_0072.tsp,f43c41bed3a3a90ff2f6ed59727b269399e5f5a212b1ba69a9d1b996439c5a75
train,uniform,20,73,202610210073,0,,train/uniform/n20/uniform_n20_0073.tsp,64f071468aa36e66042a856c32a86759a50922d59bbcc38f7e2bf602a41e4a00
train,uniform,20,74,202610210074,0,,train/uniform/n20/uniform_n20_0074.tsp,ea6265936a7254be46e0089908e837c2f71473e0ae008a85d9e5e1bb2e155c83
train,uniform,20,75,202610210075,0,,train/uniform/n20/uniform_n20_0075.tsp,9ca058e65fbf7f749b5f07cc61c3437e66eb8c20406c956e843e21e31030b3b8
train,uniform,20,76,202610210076,0,,train/uniform/n20/uniform_n20_0076.tsp,0460bb2477fa41d1be6bbbd8398a5d74077a55252ad2f3a082dbcec7a6c8a83a
train,uniform,20,77,202610210077,0,,train/uniform/n20/uniform_n20_0077.tsp,26014f1be11722c4c6539d7af0d7820bd86515f3549242ca740f72fca70adf82
train,uniform,20,78,202610210078,0,,train/uniform/n20/uniform_n20_0078.tsp,78cd9d06a27bf2aebc3a5f327796c4dab2a63a10a080203c7d9e0b715bee86d1
train,uniform,20,79,202610210079,0,,train/uniform/n20/uniform_n20_0079.tsp,5b7ef8400f0f6b65f959ddef5fddddeada72ea149d2cf364268885df55896b65
train,uniform,20,80,202610210080,0,,train/uniform/n20/uniform_n20_0080.tsp,fd7665d49b7a127acbc1947457ffe6330a2b14bd5f19bc1725431585c503770b
train,uniform,20,81,202610210081,0,,train/uniform/n20/uniform_n20_0081.tsp,d803d0d14f455f13d8311d34cad8f012c61349d4e00e8f5153dc122d91a633ce
train,uniform,20,82,202610210082,0,,train/uniform/n20/uniform_n20_0082.tsp,8597711d99f39655013c85ba596bbb7b4f5be916cc72bad806bd45c91b2862a8
train,uniform,20,83,202610210083,0,,train/uniform/n20/uniform_n20_0083.tsp,da12b5f10bc977f04cf6c0c3b6e9e75836ccb7e9a1ff12f11d7b40f0ad56541f
train,uniform,20,84,202610210084,0,,train/uniform/n20/uniform_n20_0084.tsp,5d84b44c0646b2ea60a7cb544ca2c9afd0519e441972b8796c64018a63586d13
train,uniform,20,85,202610210085,0,,train/uniform/n20/uniform_n20_0085.tsp,438e3e04fe55efbef0e0c2bf2cae1af4df38efd9173f8327528ee2be429f8cab
train,uniform,20,86,202610210086,0,,train/uniform/n20/uniform_n20_0086.tsp,1163a3c001c3023f1104de34065de38bdc94baafe7edbd7ea3043b23854341aa
train,uniform,20,87,202610210087,0,,train/uniform/n20/uniform_n20_0087.tsp,2c08b1dc2d437eb30c1ba4760f63ab66637e70d7f5ddb0462cc1499ae796a4e4
train,uniform,20,88,202610210088,0,,train/uniform/n20/uniform_n20_0088.tsp,1dd0770855e984d13bfe6f5edbba64c70f8547981ebbfff3c75814a32ac8d7b8
train,uniform,20,89,202610210089,0,,train/uniform/n20/uniform_n20_0089.tsp,cee61eeb876a48cb9e4c8a5ac7b53ce6ceb51d8fd9c0447d5529e7c1b83a1f5a
train,uniform,20,90,202610210090,0,,train/uniform/n20/uniform_n20_0090.tsp,716938239bf09dd6451fa332644aee21546d23376a135e8f37b4ae802a94a80b
train,uniform,20,91,202610210091,0,,train/uniform/n20/uniform_n20_0091.tsp,8805170540bb35cff51ea11f96beebc244fc3e5af136264245c631b94e20d34f
train,uniform,20,92,202610210092,0,,train/uniform/n20/uniform_n20_0092.tsp,159ac315618d2c272105cf65487ba6a761d79e8dd74fc1fdd2fc6aa5c8d22b4a
train,uniform,20,93,202610210093,0,,train/uniform/n20/uniform_n20_0093.tsp,37717f78801637a08e06b0cecdf60aa369ecaa3cfc499469d522d648d3efffb0
train,uniform,20,94,202610210094,0,,train/uniform/n20/uniform_n20_0094.tsp,03b30c5c95238b0f3c82fd365f1314720f26c37256c04617760b74fb5d15dc77
train,uniform,20,95,202610210095,0,,train/uniform/n20/uniform_n20_0095.tsp,9ff0d9fa7af68cf0799a0748b0dc2e3dbd4e3461a42eb08f140327d64894b834
train,uniform,20,96,202610210096,0,,train/uniform/n20/uniform_n20_0096.tsp,269203dce0060cb6f3edd4997352ef512069a878a16a122b219aab3ae8ce3bce
train,uniform,20,97,202610210097,0,,train/uniform/n20/uniform_n20_0097.tsp,a3a3da507aa84437f7a3f55c5f5d89cb1e04a1316139089c5c9854e75bda2910
train,uniform,20,98,202610210098,0,,train/uniform/n20/uniform_n20_0098.tsp,21eaad041ba1053a8e36a0d76d93fbd8833f2095d461844dfd2dcec7134e6bc4
train,uniform,20,99,202610210099,0,,train/uniform/n20/uniform_n20_0099.tsp,a34cceedff0300119edaf790fe89d345af66cd9948a5a5257e4a37bc31b70723
train,uniform,20,100,202610210100,0,,train/uniform/n20/uniform_n20_0100.tsp,14fffab846deca7cbcfaeeaef68ea6329391be12a4f90c3140b10fd4fe700558
train,uniform,20,101,202610210101,0,,train/uniform/n20/uniform_n20_0101.tsp,44ac49f9d7859e87c90666ec5625e8ee8d897941a69486ad30cf92e3d6e1cbfa
train,uniform,20,102,202610210102,0,,train/uniform/n20/uniform_n20_0102.tsp,5ea8c3e8bf6ca876f272459c5c0f92353143eedb5c95d314f5115f3b1f8e0e85
train,uniform,20,103,202610210103,0,,train/uniform/n20/uniform_n20_0103.tsp,976c16baf679ad3524db760ae9ddf9a329f84cba3c467d07503040d2129ef7b3
train,uniform,20,104,202610210104,0,,train/uniform/n20/uniform_n20_0104.tsp,3bdaee2174fb5c6d7e4bf804055e8dd7c621f5315632be3acc461fafd6fbd751
train,uniform,20,105,202610210105,0,,train/uniform/n20/uniform_n20_0105.tsp,d87998315dd8d98324114f8ded6525e4e4656b22066338e7e98b5b45b3026c67
train,uniform,20,106,202610210106,0,,train/uniform/n20/uniform_n20_0106.tsp,fe1df443a341f189cd70651e3a40ff6579b4ea55f739c993aa150f64d341451a
train,uniform,20,107,202610210107,0,,train/uniform/n20/uniform_n20_0107.tsp,8e5741998ff25658786084e589e500492bf3b4bb077065755bc7741159c9d5e3
train,uniform,20,108,202610210108,0,,train/uniform/n20/uniform_n20_0108.tsp,bfbd127dacedda83a36e78a7542837d5b370c085ad864baf40eba972d0c4563f
train,uniform,20,109,202610210109,0,,train/uniform/n20/uniform_n20_0109.tsp,96fdfbe64d3fb3d6d90ceb0d6cbdb3d7d92ab63e0dfae79d3945a2475a8182dd
train,uniform,20,110,202610210110,0,,train/uniform/n20/uniform_n20_0110.tsp,cdeb9402cebbbe820724d4761c6a2a5cd9ab7de12409cf268a1252fef8c900c9
train,uniform,20,111,202610210111,0,,train/uniform/n20/uniform_n20_0111.tsp,19d2d828fe2b9f5c23d8702ee4a43c7f436d934ca942c11111b1c9f3dd46715f
train,uniform,20,112,202610210112,0,,train/uniform/n20/uniform_n20_0112.tsp,caf427601ab6a97c3384d381edde93c6e434b000cdbf4e9e3372834dd40bb2b6
train,uniform,20,113,202610210113,0,,train/uniform/n20/uniform_n20_0113.tsp,cb3c9aa0779159f44ba3dd7c8bbefd8c6e3a52480d19942eeabfe47cbf984bc2
train,uniform,20,114,202610210114,0,,train/uniform/n20/uniform_n20_0114.tsp,acdc63e2e7201eef7a17542865f23381f4fe8526040d9aa3952cf5af95844833
train,uniform,20,115,202610210115,0,,train/uniform/n20/uniform_n20_0115.tsp,cb0a3bf3b7346101c9c0dc5a5896e7f1a040c989beea85cfed594b327d576d41
train,uniform,20,116,202610210116,0,,train/uniform/n20/uniform_n20_0116.tsp,4f10127e49058a75c8695233b3ba7b85aafae7b99bba454f53f3f0556e5b8d49
train,uniform,20,117,202610210117,0,,train/uniform/n20/uniform_n20_0117.tsp,6e3e3a2f7ac52601c862e5d769b843631df213433552c232bae3abb442ffcdf1
train,uniform,20,118,202610210118,0,,train/uniform/n20/uniform_n20_0118.tsp,de5ba56fb4b7a9113493aaf736a018bcc5c521b391052a65566b8453cd55d874
train,uniform,20,119,202610210119,0,,train/uniform/n20/uniform_n20_0119.tsp,9a9d94b3bf2730b62e0efd69a7eab97fb493df69cbfe3c054cc0934f802bef05
train,uniform,20,120,202610210120,0,,train/uniform/n20/uniform_n20_0120.tsp,010b55149a0bf2b5caa9ecbde4ca7f99cfa5e7cc9a0ba9600fd009bfc7a852f9
train,uniform,20,121,202610210121,0,,train/uniform/n20/uniform_n20_0121.tsp,8de7560695c96827153d8d7c96e4b0e771a6ec90abec7b44d4f918b9ca2ebb3e
train,uniform,20,122,202610210122,0,,train/uniform/n20/uniform_n20_0122.tsp,355307f7b5d58fc738a8a7e4206ed964d4312c73099ef75a6dd6645b53767ff7
train,uniform,20,123,202610210123,0,,train/uniform/n20/uniform_n20_0123.tsp,bd5481eb319e3b527b9690cf5958ce713d449091d971626decefef2d8c4b4a0d
train,uniform,20,124,202610210124,0,,train/uniform/n20/uniform_n20_0124.tsp,38221c9a3cfe273cb0249fa3980295daa05c1135f88eac28037e258b9c6d9d08
train,uniform,20,125,202610210125,0,,train/uniform/n20/uniform_n20_0125.tsp,277cc226cac2e0aa6a24a19c1ca8d4e11ee02dd50cc4dcbf7e18ba4b4977972b
train,uniform,20,126,202610210126,0,,train/uniform/n20/uniform_n20_0126.tsp,7c4226165096de3bcf6a286e567c6411ae204c3e9a7fd9ea83a3542f47e8b990
train,uniform,20,127,202610210127,0,,train/uniform/n20/uniform_n20_0127.tsp,6141b305ec50a287a30ab15b78707c12d129b210245096bf3611578ce826d31d
train,uniform,20,128,202610210128,0,,train/uniform/n20/uniform_n20_0128.tsp,01b51f1aaa323edc3cf9a8d6bda7c1cc7c7eedf97ef829b0c5755243714fc2c0
train,uniform,20,129,202610210129,0,,train/uniform/n20/uniform_n20_0129.tsp,ee8d422ed4b4ddd5bae973bdde4229735c0d804073292fd349891a2e71f45841
train,uniform,20,130,202610210130,0,,train/uniform/n20/uniform_n20_0130.tsp,46be71a4fc61631277b0b11f636105a5803f66fbb573a18399631b009f57eece
train,uniform,20,131,202610210131,0,,train/uniform/n20/uniform_n20_0131.tsp,56843511ee0e80ed7931e669b3ba86099a0951944780a2a210fc9d442e85e581
train,uniform,20,132,202610210132,0,,train/uniform/n20/uniform_n20_0132.tsp,b291e87f258c643f77a96d843b1b9c8127e473a84d15d9e7eb015c9d3ef32171
train,uniform,20,133,202610210133,0,,train/uniform/n20/uniform_n20_0133.tsp,0bcd70fe915cd03312a8a81a5718fe32e1f0e893e6bbd7d02267ba13af131436
train,uniform,20,134,202610210134,0,,train/uniform/n20/uniform_n20_0134.tsp,f4b278dea358e36c4ea61851eb3f42dbf3d88a8174c7dc3a90d3f250a4f31661
train,uniform,20,135,202610210135,0,,train/uniform/n20/uniform_n20_0135.tsp,02151e07cab16a1c5255204692a10549da2406fa7c0b6143b7177aaa4120c384
train,uniform,20,136,202610210136,0,,train/uniform/n20/uniform_n20_0136.tsp,275f87cd48d24f480a8759f19da43f64068f2ac4d4a78d809479a0cb899baf4d
train,uniform,20,137,202610210137,0,,train/uniform/n20/uniform_n20_0137.tsp,420955fbecbcbec2fce3d0151aad93afb8eeef54319cffdc0f6dac29af11fa7f
train,uniform,20,138,202610210138,0,,train/uniform/n20/uniform_n20_0138.tsp,b8afda6da3f82ac442f24d26c254b0073dcf296ee90e2a531ae90f9b21e9e2ca
train,uniform,20,139,202610210139,0,,train/uniform/n20/uniform_n20_0139.tsp,6818cdb1a96e0ffaae0f75c1e1d70e9324b1dc3b557f985fc7eb8f63d76fae16
train,uniform,20,140,202610210140,0,,train/uniform/n20/uniform_n20_0140.tsp,02a68e85b46c40cdbf0e3a03110a673a3980bba99c0c6e1f42139d03a1f63109
train,uniform,20,141,202610210141,0,,train/uniform/n20/uniform_n20_0141.tsp,4308fd25b63acc830ac0d6f0f758f69be038f5ecda3e38423b7a2448a25f55a5
train,uniform,20,142,202610210142,0,,train/uniform/n20/uniform_n20_0142.tsp,a73b498ad23f89d471bf691e7a828aa440ac8fe447b7724fc96469bcee393f4f
train,uniform,20,143,202610210143,0,,train/uniform/n20/uniform_n20_0143.tsp,7925618932ab1e1a5c205fb8f0ec57810a4f5b0def400005c539a9142006c894
train,uniform,20,144,202610210144,0,,train/uniform/n20/uniform_n20_0144.tsp,553996d1cc789c20b8c5ca537d69df28f853eba8fc9da131888d95433b3ed5e2
train,uniform,20,145,202610210145,0,,train/uniform/n20/uniform_n20_0145.tsp,8534708a9d5da8dda53f6427ee8112fa7f214622062a91e891936d87f6598504
train,uniform,20,146,202610210146,0,,train/uniform/n20/uniform_n20_0146.tsp,56925024e3ebf2020e8d70c840392e1880cbc2d70c92b5bb0b778457c3fe52de
train,uniform,20,147,202610210147,0,,train/uniform/n20/uniform_n20_0147.tsp,d0cc8914c3dce5d8e37e313379c73fe36e3504a7d789938cd44c6200aca34a4f
train,uniform,20,148,202610210148,0,,train/uniform/n20/uniform_n20_0148.tsp,786adf7f49be2b299499cc966bb78de2947e8725d343cd49f2dcb28692b05fce
train,uniform,20,149,202610210149,0,,train/uniform/n20/uniform_n20_0149.tsp,3e83d8895a06f9e31c4831250f388580b821ac6c8d2d2eb8bb85ce3d9ea09efb
train,uniform,20,150,202610210150,0,,train/uniform/n20/uniform_n20_0150.tsp,478d7f0d69c4f83662738ff8d387c0efe93410b6d0ad6194f27e1756a23c2e3a
train,uniform,20,151,202610210151,0,,train/uniform/n20/uniform_n20_0151.tsp,9bb05f6ef6a47b7d62f5902388a4a79bc37aba401a96067a23a817101633eac3
train,uniform,20,152,202610210152,0,,train/uniform/n20/uniform_n20_0152.tsp,6942bdb5476e5ac8d9460d27017a4b56048471c5d53414de071e85e631c8d1c8
train,uniform,20,153,202610210153,0,,train/uniform/n20/uniform_n20_0153.tsp,d045304933b4b4f14090f304dbf8cb55e6fdc263c7021beac85ff75581d5b239
train,uniform,20,154,202610210154,0,,train/uniform/n20/uniform_n20_0154.tsp,f28062a2b2e8e21ebcc6096d4e18c5ad7020f74d433f7dbdcd92da1d0c53fd06
train,uniform,20,155,202610210155,0,,train/uniform/n20/uniform_n20_0155.tsp,64de34cd64fdfff00769918614f0444dca866bde6c00797154b4e7b89920e74e
train,uniform,20,156,202610210156,0,,train/uniform/n20/uniform_n20_0156.tsp,c9fda3b243841b8ca5a331a92a1b4cd4cda18a84b25590b4f860316887116804
train,uniform,20,157,202610210157,0,,train/uniform/n20/uniform_n20_0157.tsp,5ef475655a617d2e1337820f3a7a453bc533808f5771b56e8874c8df26397ec8
train,uniform,20,158,202610210158,0,,train/uniform/n20/uniform_n20_0158.tsp,281802db27513cc9b76586f770fcb35304a9fb809efd170a994b2d8a1dd459fb
train,uniform,20,159,202610210159,0,,train/uniform/n20/uniform_n20_0159.tsp,7041706a1da43bde378a7f038f6c9efd1237569feeb581a94efeb09024d89ad4
train,uniform,20,160,202610210160,0,,train/uniform/n20/uniform_n20_0160.tsp,c0af6445a7ac8d39e722af2503f4494dca1c9e0cabcaaeddce1daa73ae265168
train,uniform,20,161,202610210161,0,,train/uniform/n20/uniform_n20_0161.tsp,5ae739d47a656591eb26fcff67d193c3db93e73ebd4b0df4f3c25dffcabf4e63
train,uniform,20,162,202610210162,0,,train/uniform/n20/uniform_n20_0162.tsp,85c79d5c02aae5eb64006c87ed6c77ecac3655bfd0b109eceaa95c946cd9d84f
train,uniform,20,163,202610210163,0,,train/uniform/n20/uniform_n20_0163.tsp,84144a475ee437c46e4b5cf3aa103e33b6daf7b6b2cd0803412a4edcf050cf7e
train,uniform,20,164,202610210164,0,,train/uniform/n20/uniform_n20_0164.tsp,8b37adbc414886b7b020465cae353c03ddd12445d23eccb02e7584dcbaf117ae
train,uniform,20,165,202610210165,0,,train/uniform/n20/uniform_n20_0165.tsp,fec6942b1a68617e15df73ffbc128005e2af61df4ce12a187aaed1869f34759e
train,uniform,20,166,202610210166,0,,train/uniform/n20/uniform_n20_0166.tsp,7ec10601656a9918b13b5bfab808fae2af9208ad1b4ea44f72e5e788d6962896
train,uniform,20,167,202610210167,0,,train/uniform/n20/uniform_n20_0167.tsp,567a0bf2238cbfaaf77f01a70a7add83caf7b873d806655008660448da70816a
train,uniform,20,168,202610210168,0,,train/uniform/n20/uniform_n20_0168.tsp,b43377eea80804513bf607a6ecc7818d87ba07947e2dd1f30f26b7fb35ae6291
train,uniform,20,169,202610210169,0,,train/uniform/n20/uniform_n20_0169.tsp,ae098367758469b988dfddebb52dfea8cd358dc000be28138c8d01b283b9cf2e
train,uniform,20,170,202610210170,0,,train/uniform/n20/uniform_n20_0170.tsp,d345fa0be28fc221ed0540af64384f6f4012581ea379b06dd35361c2bc6e80f2
train,uniform,20,171,202610210171,0,,train/uniform/n20/uniform_n20_0171.tsp,8d1867025c0d22b0d00d114d9332407e493705151ab952431ac05fab4f1238a2
train,uniform,20,172,202610210172,0,,train/uniform/n20/uniform_n20_0172.tsp,61745aeb2e6ff78b3715894d2ee14a11bc0f0f3516b16b80509faf37e4530ec8
train,uniform,20,173,202610210173,0,,train/uniform/n20/uniform_n20_0173.tsp,d18b50fb971fe2ccef804f374f2aeb7a440a0700ba3af9b31d87751c6020342a
train,uniform,20,174,202610210174,0,,train/uniform/n20/uniform_n20_0174.tsp,7be588ea6b88f78e58d3600ea56ee6de6885910c86407fc501d09d4f92f38c8a
train,uniform,20,175,202610210175,0,,train/uniform/n20/uniform_n20_0175.tsp,0189e9970c43ea9360b57bb29f48fc2afb44d705324bcac9bcde8c014a73092d
train,uniform,20,176,202610210176,0,,train/uniform/n20/uniform_n20_0176.tsp,a33d1ddb4324e346ebef15f8604b3576716098e2e194f31f54340b21e6632814
train,uniform,20,177,202610210177,0,,train/uniform/n20/uniform_n20_0177.tsp,7a47c611a175b12820a5d23e04b1962e7ad6fc81cd6cbd831db24af0bfbee0a3
train,uniform,20,178,202610210178,0,,train/uniform/n20/uniform_n20_0178.tsp,b4422a846f90739ac29fd5e408183ed6f46bf04c8e57f100b2cb6270482a09fd
train,uniform,20,179,202610210179,0,,train/uniform/n20/uniform_n20_0179.tsp,247735e39e373926c4b1c1da193b7a87ba29e8cc5d8ef4517a7ece05529c089f
train,uniform,20,180,202610210180,0,,train/uniform/n20/uniform_n20_0180.tsp,02c75e9f97f16a3e8c1a609bb6485b3836a802ab5a371727b5c89dadfe73c444
train,uniform,20,181,202610210181,0,,train/uniform/n20/uniform_n20_0181.tsp,d612e2248643faa5c4f2aae673b2cdbb51cade41aa7feaf8bfe11ef8a684cff5
train,uniform,20,182,202610210182,0,,train/uniform/n20/uniform_n20_0182.tsp,f390039e4caaf0d13551f37f76b085d0732a2942d8b58caaeaf5910a1c58e20c
train,uniform,20,183,202610210183,0,,train/uniform/n20/uniform_n20_0183.tsp,4dcc72570633ec670cf59a0da89a4fce9d0dd4c22b957d525a99693f01497df2
train,uniform,20,184,202610210184,0,,train/uniform/n20/uniform_n20_0184.tsp,f2e9b100e84be9d04e3a6b4439865cc162f386e888551243157db7a348c62bda
train,uniform,20,185,202610210185,0,,train/uniform/n20/uniform_n20_0185.tsp,9bf3c6a169c7fc83eaf368ab5e606af6bd9530e49a8d3b0651bdbaf72c8bc3a5
train,uniform,20,186,202610210186,0,,train/uniform/n20/uniform_n20_0186.tsp,62e46cc699b54a3c1d964645e8db51ceac71a02b2851c6391ec4fc46bb570f60
train,uniform,20,187,202610210187,0,,train/uniform/n20/uniform_n20_0187.tsp,14d0c087dd10ef7442835f57e077deeb910fc83ff33fc01f9725c92ae921ed71
train,uniform,20,188,202610210188,0,,train/uniform/n20/uniform_n20_0188.tsp,212a603e8bc295ca86ec02f66a31cdc41b241e985f76605e1c733aeaa7a8c872
train,uniform,20,189,202610210189,0,,train/uniform/n20/uniform_n20_0189.tsp,999e7db25a91267f8e056a645027df3ca025df12118c9921776bc60a8e33caa4
train,uniform,20,190,202610210190,0,,train/uniform/n20/uniform_n20_0190.tsp,fe482bc4cbc981d8dfc701afa57f605f156e98133503a66efc7f19b58f2e4833
train,uniform,20,191,202610210191,0,,train/uniform/n20/uniform_n20_0191.tsp,4796f5d20a8211caf7a5de1ab633d9c9cc309cc51e0ca281dad92f3904b6bee9
train,uniform,20,192,202610210192,0,,train/uniform/n20/uniform_n20_0192.tsp,0dcde6bf8f296e8708018b785c5eabc85bd28b665052800031d96ee28cf85f5f
train,uniform,20,193,202610210193,0,,train/uniform/n20/uniform_n20_0193.tsp,24e6fb134f91b4d30535180f8b77220bc5db1b939f48ad743695ed54a689e84a
train,uniform,20,194,202610210194,0,,train/uniform/n20/uniform_n20_0194.tsp,949db6f8975b2c1d8a021098ab4fd557618238c71e02b0b3079038b1cf9a8579
train,uniform,20,195,202610210195,0,,train/uniform/n20/uniform_n20_0195.tsp,99ee6c3f93e5558cc367f588db143701b08d29b79d89838db815c96d983bd5e0
train,uniform,20,196,202610210196,0,,train/uniform/n20/uniform_n20_0196.tsp,5cc6703812d317a3d115f60848819826cd82a6273506ec9768ad429818a8e3bc
train,uniform,20,197,202610210197,0,,train/uniform/n20/uniform_n20_0197.tsp,18dcaa3563a8200754290661fea55b54cc639ad7f7e89794f44757a83a480c59
train,uniform,20,198,202610210198,0,,train/uniform/n20/uniform_n20_0198.tsp,006e9528da0602c82083c178caaaf010f9531b863709a98f6b3c39e504496ae7
train,uniform,20,199,202610210199,0,,train/uniform/n20/uniform_n20_0199.tsp,a69d658bf8de51d44114f56cd1c8ee80e5619f9f6cea24b17cc2cb2319105bf9
train,uniform,20,200,202610210200,0,,train/uniform/n20/uniform_n20_0200.tsp,e06cc61fcdc6749e8e074b20bc809780216ecde4fe285b72124259a3df6d3d0a
train,uniform,20,201,202610210201,0,,train/uniform/n20/uniform_n20_0201.tsp,f01af163b1756fbd95acbfeabb80bc70a91fb34a579d43cc640273beb9ebbd9f
train,uniform,20,202,202610210202,0,,train/uniform/n20/uniform_n20_0202.tsp,cbf7f2df6f2658e510f599c494b499fbaf31e57e2c6194ab2328a46eb17c332d
train,uniform,20,203,202610210203,0,,train/uniform/n20/uniform_n20_0203.tsp,aca692cfdd86cc78062357fe6ee7151ccc3fc56199e4db99b858bd6b699ad106
train,uniform,20,204,202610210204,0,,train/uniform/n20/uniform_n20_0204.tsp,05c7ccc8b9a54c89d9c1fd21940e3a69fae62962e25e93639f29470368f7c1f2
train,uniform,20,205,202610210205,0,,train/uniform/n20/uniform_n20_0205.tsp,bd33a579ebf19b2d08d9677761026acf37b40a049d4eaee0605abd582285d30c
train,uniform,20,206,202610210206,0,,train/uniform/n20/uniform_n20_0206.tsp,465461e116694503e2e0d6a5bdda0d281f3d86bd34fec3862d748e8acc2d5fd4
train,uniform,20,207,202610210207,0,,train/uniform/n20/uniform_n20_0207.tsp,b55f62d9924b587768fe9796c1bd186c040f94b627d0bb33d5e184153aea2a82
train,uniform,20,208,202610210208,0,,train/uniform/n20/uniform_n20_0208.tsp,19e71caf53e4006eebab1a3b95b1a190adda9ae1c3bf2a1f3071325aad10ac9e
train,uniform,20,209,202610210209,0,,train/uniform/n20/uniform_n20_0209.tsp,68b45c1711e913dbeec2955a88c3de4dd5a8e3f8fbf7dc1f98b0c00f242d9c94
train,uniform,20,210,202610210210,0,,train/uniform/n20/uniform_n20_0210.tsp,83e70d7d1530e51106f9edddb269cd5c8389ac5ded357131997c5ab282be671b
train,uniform,20,211,202610210211,0,,train/uniform/n20/uniform_n20_0211.tsp,dd9726d671f0ead0b738c906b137da16838144a2a85f2468d8491ec10ecdfa00
train,uniform,20,212,202610210212,0,,train/uniform/n20/uniform_n20_0212.tsp,aa7ae3e216a9a9aa8584b9eeb997b2901997db973772f44cea9b904c8c444c19
train,uniform,20,213,202610210213,0,,train/uniform/n20/uniform_n20_0213.tsp,1c614bf46696a8be3efcf8e0758a3b4571e614f75c121ed6f823d7bc45c06a7b
train,uniform,20,214,202610210214,0,,train/uniform/n20/uniform_n20_0214.tsp,9d9af28654a8c372c2f16fb14714c549f8ca568e14fca58172d070bcbe024fa2
train,uniform,20,215,202610210215,0,,train/uniform/n20/uniform_n20_0215.tsp,07d9084aa1e4837dad59ac044e2bcdfd354f7ca755e1f67eb30816bf6e44087a
train,uniform,20,216,202610210216,0,,train/uniform/n20/uniform_n20_0216.tsp,6d064078574fd2a4822759f7c68a05499eb551d3b8508eb34aa10c13cfd44a03
train,uniform,20,217,202610210217,0,,train/uniform/n20/uniform_n20_0217.tsp,9237d72cf22d5e5af9216ee242d593fc0750530dea932d4e22a1997845dabde4
train,uniform,20,218,202610210218,0,,train/uniform/n20/uniform_n20_0218.tsp,19662710b14daa5c227b1d0600c469425989cfc2c67e83ba84b73a94da719677
train,uniform,20,219,202610210219,0,,train/uniform/n20/uniform_n20_0219.tsp,685feb789b7e72dbffa59c60f5741c525f398c3ce9d4e5516bd29553f5c4eca0
train,uniform,20,220,202610210220,0,,train/uniform/n20/uniform_n20_0220.tsp,b043066cbfdc817e7660ab6497f9b97b50dbb53230509d63a72cac3101cd19de
train,uniform,20,221,202610210221,0,,train/uniform/n20/uniform_n20_0221.tsp,3e636655cf942f2f51563feeab38fe504b05e26cf4a6cf97f5c76c7df74644e5
train,uniform,20,222,202610210222,0,,train/uniform/n20/uniform_n20_0222.tsp,f179f7ee8f135da6e8227e765a7ccb6f8de2f0c7672006fc4467a2705e557682
train,uniform,20,223,202610210223,0,,train/uniform/n20/uniform_n20_0223.tsp,6351fdc2acbef8fbc6f990f37a5980b85b62c2c17c1acc7de30db8f4ee52b642
train,uniform,20,224,202610210224,0,,train/uniform/n20/uniform_n20_0224.tsp,146d3ff8b2d8c36532b221b7c640d9e19f0dc214cc9b5505014ae1eab7ce31c5
train,uniform,20,225,202610210225,0,,train/uniform/n20/uniform_n20_0225.tsp,a149fed92afa4995b2d8da2ec16928837fa9674ebf3f590ee01cee148b430755
train,uniform,20,226,202610210226,0,,train/uniform/n20/uniform_n20_0226.tsp,74669926f74610aee0bb65db6c5a1ff786814a56e92af1da17b1dd299e044d76
train,uniform,20,227,202610210227,0,,train/uniform/n20/uniform_n20_0227.tsp,bcfc419ffb5edd9dd4078f3fc6532d62ba03d0b746050bb1f64e61f7dd7c11a4
train,uniform,20,228,202610210228,0,,train/uniform/n20/uniform_n20_0228.tsp,16732557e9589cb317746caa8c860f919633f29ff34a9ddcd4b05bd0a1f5f37b
train,uniform,20,229,202610210229,0,,train/uniform/n20/uniform_n20_0229.tsp,3fc00fce3d0396d36480ce87074ba2929c4e3c9cbed6245d774515ee32558a1a
train,uniform,20,230,202610210230,0,,train/uniform/n20/uniform_n20_0230.tsp,6770af05c47ed11cde76434c644632f617e02e1511116cbb0f21a042f3a0ebb3
train,uniform,20,231,202610210231,0,,train/uniform/n20/uniform_n20_0231.tsp,b5a6432ce9a4a144c2e32168157c5a1624dbf4c16529461697e70da139be35bf
train,uniform,20,232,202610210232,0,,train/uniform/n20/uniform_n20_0232.tsp,c5980fc35e1bce14ea4de50d707fd365a001a42bc549be976d5d96ec45f182a8
train,uniform,20,233,202610210233,0,,train/uniform/n20/uniform_n20_0233.tsp,5457130cfa7d310ae2ab3bedbc376a10f4428ce651a658eb579c56ce5b7c35b2
train,uniform,20,234,202610210234,0,,train/uniform/n20/uniform_n20_0234.tsp,59f8ca022748dfcbad33506d5b62d81d359975db51d25490bffc23b50c5c1cd1
train,uniform,20,235,202610210235,0,,train/uniform/n20/uniform_n20_0235.tsp,105e8f678285120019770acdc8b92a773c99b9dc5c6cd2662d74e56ba3a6e5d9
train,uniform,20,236,202610210236,0,,train/uniform/n20/uniform_n20_0236.tsp,c626fdb92ba82dfe9e9a77f9ad19454ca5b57f7544ebdcddfd4ac1016f8d17da
train,uniform,20,237,202610210237,0,,train/uniform/n20/uniform_n20_0237.tsp,4a1479f8ee4d6242714358795a6db860441a9842473a5b2f2c5869e467238a36
train,uniform,20,238,202610210238,0,,train/uniform/n20/uniform_n20_0238.tsp,7610ce05827b6b0fe90e979639ec5db30d2f4fdd339af4e2002eaac2949d469f
train,uniform,20,239,202610210239,0,,train/uniform/n20/uniform_n20_0239.tsp,15c688fb32d42f5a19a6f6a91bcc2e06233c46d89b1f768c356c2a77bf9ff999
train,uniform,20,240,202610210240,0,,train/uniform/n20/uniform_n20_0240.tsp,bc3eb7115012e40678292bc6a29ad3afcbff358be30f08fe819cad573a4807fe
train,uniform,20,241,202610210241,0,,train/uniform/n20/uniform_n20_0241.tsp,c3806731933537ece4f22bd32e2abac549ad90521854d20df2da35caa080de73
train,uniform,20,242,202610210242,0,,train/uniform/n20/uniform_n20_0242.tsp,447ddc76c3305135098af8303f3974e3504484fa9125195de987db35f4d29a6a
train,uniform,20,243,202610210243,0,,train/uniform/n20/uniform_n20_0243.tsp,e276288f4b4ada4240d5f7ea20dace9fbbbea98a603012b31ff5af932bb6aff4
train,uniform,20,244,202610210244,0,,train/uniform/n20/uniform_n20_0244.tsp,2b5d554e90e8575d7b883a62e952a006c49fa39d69f6439214c575f1fa39d269
train,uniform,20,245,202610210245,0,,train/uniform/n20/uniform_n20_0245.tsp,cfd76934e92b40975b6a6c7373531683387f5b0e12ed8c919756c930580416d9
train,uniform,20,246,202610210246,0,,train/uniform/n20/uniform_n20_0246.tsp,3cdbeaee3f8641c59031b04f85f06b770f8ecc2e133db5190d3dca5a92a620ca
train,uniform,20,247,202610210247,0,,train/uniform/n20/uniform_n20_0247.tsp,a205c6e197fb4dedbd663311c75db26f478b0473fe2fe09bb737a4abe5e60cfc
train,uniform,20,248,202610210248,0,,train/uniform/n20/uniform_n20_0248.tsp,6d7112195a3309b85461db7a9595ea7932b8a5c7e6b8bf10e64a28ba4981c3e3
train,uniform,20,249,202610210249,0,,train/uniform/n20/uniform_n20_0249.tsp,f2fb7126424df69fa31e5a1ce8a18a098f296fdbda126635804b1c880ecece08
train,uniform,20,250,202610210250,0,,train/uniform/n20/uniform_n20_0250.tsp,6b0d94a5c856bb37ee7291beef22511f0db5bd0cad06fc378abe34116329b62e
train,uniform,20,251,202610210251,0,,train/uniform/n20/uniform_n20_0251.tsp,44b008b255eee6f96e31e6205810156c6db455f80a6689ce889b5248ec67db3b
train,uniform,20,252,202610210252,0,,train/uniform/n20/uniform_n20_0252.tsp,7f0e2eface1ad3d05f5de716c6a8db710e8e4532e3909dcb3ae0c58017d07d10
train,uniform,20,253,202610210253,0,,train/uniform/n20/uniform_n20_0253.tsp,8755b08341521c3d3e6201030249e6027b4dbab99004ca514e12931e0fcf7642
train,uniform,20,254,202610210254,0,,train/uniform/n20/uniform_n20_0254.tsp,2f9a3afd3e6b431d3fc108868dede6da835474e73a7d3b8e98743045c17be048
train,uniform,20,255,202610210255,0,,train/uniform/n20/uniform_n20_0255.tsp,53545099f01b81b600eecc62a161a1a858fdde234f325ccb1d0119f57dfdf6c1
train,uniform,20,256,202610210256,0,,train/uniform/n20/uniform_n20_0256.tsp,1cb0c4343849d28431dc621f92cc160d797ad16f646812d92d0370b434026cbc
train,uniform,20,257,202610210257,0,,train/uniform/n20/uniform_n20_0257.tsp,34ceb130b89124f8f42cb134fccf2f3352ae9af07b8d6520fff31aff25661cc5
train,uniform,20,258,202610210258,0,,train/uniform/n20/uniform_n20_0258.tsp,ec2999c2dbfcb77320684dc45243088ae7cf94fedb1170d433e722bd8e177513
train,uniform,20,259,202610210259,0,,train/uniform/n20/uniform_n20_0259.tsp,9aab61d173415fa9db338f84e44ea45c7d889f9661b28856b64428e182a7afd3
train,uniform,20,260,202610210260,0,,train/uniform/n20/uniform_n20_0260.tsp,a7ebeb74c24dff295c7b5308c86ba544549c92441045cd6c2d8d8558187b4eda
train,uniform,20,261,202610210261,0,,train/uniform/n20/uniform_n20_0261.tsp,bbb6d26660026961a9b4c7f3e9be9083ffd1f19561d55d5f1952a794f4ff3dbe
train,uniform,20,262,202610210262,0,,train/uniform/n20/uniform_n20_0262.tsp,6945b85471c16a8ff00649414fda1e698f009f96f508e4126cdfff179cdb6eaf
train,uniform,20,263,202610210263,0,,train/uniform/n20/uniform_n20_0263.tsp,38aa4085a46f662571617088387325323b21e385ae5d3795ea0cdad9311cf08b
train,uniform,20,264,202610210264,0,,train/uniform/n20/uniform_n20_0264.tsp,9efe7472670876860ed5e6a3e8d3c6f3831812dfd3adf740d20c93d8f5a9cd14
train,uniform,20,265,202610210265,0,,train/uniform/n20/uniform_n20_0265.tsp,aa94325668ec6cb6d93808b1dbb40f962fbf6e3dec5e8d49ee8f7fab57e86248
train,uniform,20,266,202610210266,0,,train/uniform/n20/uniform_n20_0266.tsp,55f7c41743a2d73a7d19deb0cd49f754b7a6c1f88dc5704823671b4d8c775455
train,uniform,20,267,202610210267,0,,train/uniform/n20/uniform_n20_0267.tsp,a15813be6f5bee5af329e36b373de1e22ed67149195bc90ed5358ce9f8a2f79a
train,uniform,20,268,202610210268,0,,train/uniform/n20/uniform_n20_0268.tsp,edd4e1a6c98a820eb9d37c1ff8b21c02baee50658c53a909c0ffe8a1b9d5c5ef
train,uniform,20,269,202610210269,0,,train/uniform/n20/uniform_n20_0269.tsp,cd176e445f04532d94e3f132b7a77019d321e2f01fed5ede79c38c71a4ce71ab
train,uniform,20,270,202610210270,0,,train/uniform/n20/uniform_n20_0270.tsp,42cb3660709b63fc916bfee532cb027165eab68916f9adecc326a5ad7097e5f3
train,uniform,20,271,202610210271,0,,train/uniform/n20/uniform_n20_0271.tsp,c2cd2c60602ca48bf35441ed576832287dfff7f487f966dc04de4393bda6ecbe
train,uniform,20,272,202610210272,0,,train/uniform/n20/uniform_n20_0272.tsp,4ad34dc096260ecc82ac20ab13fff833a213bff9bf3d2491fb97c7e2cba497c5
train,uniform,20,273,202610210273,0,,train/uniform/n20/uniform_n20_0273.tsp,e687828cc7bb6ccc0c2d095cb05c7c16b7963159e4f872adeaa518d06917c5f1
train,uniform,20,274,202610210274,0,,train/uniform/n20/uniform_n20_0274.tsp,bb10425b87736209270a644b1ef3d443d358b82eca6f578c94e2f40797448c0b
train,uniform,20,275,202610210275,0,,train/uniform/n20/uniform_n20_0275.tsp,56df99a8339141d88b6ed6c94f4e6b98c2bb1c0ebc9cf222eb7810387262feed
train,uniform,20,276,202610210276,0,,train/uniform/n20/uniform_n20_0276.tsp,4910869c834ae3e365316a1de3bba9776876e167008ab4c6a780f2b151dd5b11
train,uniform,20,277,202610210277,0,,train/uniform/n20/uniform_n20_0277.tsp,4e05663f3dd1b4c55cb15c7016b0ebe425dd1830a17fa2f7e4b5cceafd732d2e
train,uniform,20,278,202610210278,0,,train/uniform/n20/uniform_n20_0278.tsp,ed13958627ca52344b719f910ce425a5fa7391f5061b4b2070bf67bd3470fe1c
train,uniform,20,279,202610210279,0,,train/uniform/n20/uniform_n20_0279.tsp,87ceeb3adefb89f2893002a162b51287a410c2d2934c725a7e275617706fcb03
train,uniform,20,280,202610210280,0,,train/uniform/n20/uniform_n20_0280.tsp,88d24e00e258c1e53a92e64eccdf8c81dbe1c1ea36350e4cea47e22fc6dc62b1
train,uniform,20,281,202610210281,0,,train/uniform/n20/uniform_n20_0281.tsp,bb47cefc469bc7fc5347780abfbab973d24af3825bd4a8aa5602b0e518796b88
train,uniform,20,282,202610210282,0,,train/uniform/n20/uniform_n20_0282.tsp,753675aafca13969756ee00075b6d41c048d3fb14853792b43ec17f351315a9f
train,uniform,20,283,202610210283,0,,train/uniform/n20/uniform_n20_0283.tsp,495a03211994d76d78f0830db01cb210a604f4c84464a277d7b2c00b6cadef83
train,uniform,20,284,202610210284,0,,train/uniform/n20/uniform_n20_0284.tsp,bcb86426de7ea1848e371ebed0db167ef22453cc11edb5533cd3e9cf83126801
train,uniform,20,285,202610210285,0,,train/uniform/n20/uniform_n20_0285.tsp,7bb588c9296e2b36c309390fb01a49c28ffe84804860f70d54b31220f9635d4b
train,uniform,20,286,202610210286,0,,train/uniform/n20/uniform_n20_0286.tsp,3ba569192502f4d482198175bd3a4a95d4b17bec6dfbbe61fa948073e83640fb
train,uniform,20,287,202610210287,0,,train/uniform/n20/uniform_n20_0287.tsp,abd82e96002e6c5cc948545e1b9b4321a3adfe8437e9b9e60d54ce6000a81636
train,uniform,20,288,202610210288,0,,train/uniform/n20/uniform_n20_0288.tsp,92a3cac2f681a0feab9954a2c74fed26e1dc050add9fd2761a0d04b46d0a3b49
train,uniform,20,289,202610210289,0,,train/uniform/n20/uniform_n20_0289.tsp,5f142bb336c6902a120c31a8363523c1a69bbe7bd91f53df0997d78234dc200d
train,uniform,20,290,202610210290,0,,train/uniform/n20/uniform_n20_0290.tsp,6fd1318447316a7f05749e205892445f6675b3812c868c5ad85d14e060395d12
train,uniform,20,291,202610210291,0,,train/uniform/n20/uniform_n20_0291.tsp,72019123e94763d73a56eba6143be19be3a164c9e5cc4d23909b92811d188f90
train,uniform,20,292,202610210292,0,,train/uniform/n20/uniform_n20_0292.tsp,94167226bb46990afa00e392f82f1dbd4058a4e9af10062e2d7fbce96979e0d4
train,uniform,20,293,202610210293,0,,train/uniform/n20/uniform_n20_0293.tsp,f4d72ce4ca722c1229590c5f0e5def19f3cb9fcb20c9d93321f8323d35e58401
train,uniform,20,294,202610210294,0,,train/uniform/n20/uniform_n20_0294.tsp,16915b300cebd665a71b892fcad9b6b5fe22f695744fc6ae72910ea96a7e2d65
train,uniform,20,295,202610210295,0,,train/uniform/n20/uniform_n20_0295.tsp,8c4044b73b5f2eb705d4c79aefd1f36d2cc5900a1216a71203c5dd396ca0d12c
train,uniform,20,296,202610210296,0,,train/uniform/n20/uniform_n20_0296.tsp,27aaf735d1ee6b41a51c06dfdfecaf81d56da49ae394fa94cb65109af4878620
train,uniform,20,297,202610210297,0,,train/uniform/n20/uniform_n20_0297.tsp,03d741686f6254392015de573c37378904fd2aa006c978962de740560074ebec
train,uniform,20,298,202610210298,0,,train/uniform/n20/uniform_n20_0298.tsp,38bf18231201c23efdb3c167f96fed5f880077211b43b4a3b5ee0f07197e3ffe
train,uniform,20,299,202610210299,0,,train/uniform/n20/uniform_n20_0299.tsp,72e6e8663b49e6afa0dc69db4433d070576e32e84d7b94559ac9391fedbf31f8
train,uniform,20,300,202610210300,0,,train/uniform/n20/uniform_n20_0300.tsp,e413c463c290a5444b3548a5946b687952e6b37c9a9e1b1fa3859da661ebc4bf
train,uniform,20,301,202610210301,0,,train/uniform/n20/uniform_n20_0301.tsp,d7b3ce0c8aae968a3d904fbee4fc428c368f576e0539ceff572f21fd6b9364cf
train,uniform,20,302,202610210302,0,,train/uniform/n20/uniform_n20_0302.tsp,5aa066d1d65e2dd27347d944a16125d668d3ac6727840d2649873bb44c682040
train,uniform,20,303,202610210303,0,,train/uniform/n20/uniform_n20_0303.tsp,fcd87a47f54e6b46ac0225793d6fce9b57977c977f35d0d572cf990e2ba6e835
train,uniform,20,304,202610210304,0,,train/uniform/n20/uniform_n20_0304.tsp,194e0820c5ae23b282660be968f1b60cb5525a62acdf4691881884f4f7f06d05
train,uniform,20,305,202610210305,0,,train/uniform/n20/uniform_n20_0305.tsp,42a5c189d3792f3fadf20c698aa295731bebe0b53c332e86b66fcc5a63739aa4
train,uniform,20,306,202610210306,0,,train/uniform/n20/uniform_n20_0306.tsp,32a312975c72120a25b1aee41d7f808e9a716b9ef6b7d5049b1c014b63fdd402
train,uniform,20,307,202610210307,0,,train/uniform/n20/uniform_n20_0307.tsp,03df079f4d0448f084a38d5391d8a320248f1fd25cf2f8eb43820118879e8abb
train,uniform,20,308,202610210308,0,,train/uniform/n20/uniform_n20_0308.tsp,7ab70c4a45c021ade5a67043094d51c0f52d7d10b70c3864aeb9a902b04fe458
train,uniform,20,309,202610210309,0,,train/uniform/n20/uniform_n20_0309.tsp,513275d3b9972d3a933115279e686a2cd43df64314522f2aa8eac5c608c5d112
train,uniform,20,310,202610210310,0,,train/uniform/n20/uniform_n20_0310.tsp,2d86e10ab40c11ef64889ad0ca4a6a003228307dd183eebcff378ed3f7d22264
train,uniform,20,311,202610210311,0,,train/uniform/n20/uniform_n20_0311.tsp,6d6c6a01d635a0ea6bec4b6adf89c1a67ad5d9b9bbd335e67c601133fc784f0c
train,uniform,20,312,202610210312,0,,train/uniform/n20/uniform_n20_0312.tsp,6349f91a52190f576fc5f083ff66e5ac659442460aff06ff96436097c380b261
train,uniform,20,313,202610210313,0,,train/uniform/n20/uniform_n20_0313.tsp,e72e1173e0aa4ca602cec1af747be1ce112c22de6030a50660e9837be186d5ff
train,uniform,20,314,202610210314,0,,train/uniform/n20/uniform_n20_0314.tsp,238c9bf974f5843cbee610deafd07e9e5e2d03ae59b37630ec76691cf225cbd8
train,uniform,20,315,202610210315,0,,train/uniform/n20/uniform_n20_0315.tsp,a75c7c8ffff84b0f469d2496f249416ceb028d2cb4e2d8e2bfee047ce8bec681
train,uniform,20,316,202610210316,0,,train/uniform/n20/uniform_n20_0316.tsp,d5e87dc927ddc120473160779e3eb80f5cb875d0b608468bfb2680e7ab244b9e
train,uniform,20,317,202610210317,0,,train/uniform/n20/uniform_n20_0317.tsp,13758a5e11cb660c2790d43da91d310b43a260b8319d5bbbeaf9695cfed8b118
train,uniform,20,318,202610210318,0,,train/uniform/n20/uniform_n20_0318.tsp,e61fae4bef365c0e921e27c622338ce5f0c729b4cca857f3f2df6cc859dacec8
train,uniform,20,319,202610210319,0,,train/uniform/n20/uniform_n20_0319.tsp,35e377a37b52b26fac7a69d5d1e81391c2d72b664759dbfbfb8dc10b34365560
train,uniform,20,320,202610210320,0,,train/uniform/n20/uniform_n20_0320.tsp,9737a6cfd59076ba2aae65c3e59ecf8431ad4ba13de86a5dfd8f70ac602a6651
train,uniform,20,321,202610210321,0,,train/uniform/n20/uniform_n20_0321.tsp,7a37000de938b609272538b39fdaa54224caea7b210f6852c644fbf16403992c
train,uniform,20,322,202610210322,0,,train/uniform/n20/uniform_n20_0322.tsp,fc31af0f0fcf1da50e76f76fe1f5031ff7a9d363828368b31be8ba8f9588c7ac
train,uniform,20,323,202610210323,0,,train/uniform/n20/uniform_n20_0323.tsp,5a03c6201b1d725f33ecada651e034e82f042180716f2d21ff6e81a846ba0583
train,uniform,20,324,202610210324,0,,train/uniform/n20/uniform_n20_0324.tsp,4d4305c4c1beb83b15f5913b96cd2dd78568edcf1510b9db761da48adae38e8f
train,uniform,20,325,202610210325,0,,train/uniform/n20/uniform_n20_0325.tsp,478fdc8f324790c8c121db0f903f903d7ab96450bb5caffdb02e374055f7711e
train,uniform,20,326,202610210326,0,,train/uniform/n20/uniform_n20_0326.tsp,996726b1690ef40fdc5b989311353f9e184d455b42a81fa09f31e3bbf631e5b0
train,uniform,20,327,202610210327,0,,train/uniform/n20/uniform_n20_0327.tsp,1a95de28783ab93b94d1cd5263e5d16d7ff5318b944de6a57e0ed2f99042cae0
train,uniform,20,328,202610210328,0,,train/uniform/n20/uniform_n20_0328.tsp,23bacbf07f138333561fc128e061089130cef47e29d731d482cab13d368d0d25
train,uniform,20,329,202610210329,0,,train/uniform/n20/uniform_n20_0329.tsp,8b4db1727fe7a5cc8e97a0a672836672f5d6bfe346997d11e5eae08bbb00fc2c
train,uniform,20,330,202610210330,0,,train/uniform/n20/uniform_n20_0330.tsp,00a3e808e786695e624af734f1c50a81ace22f998164b3e134b36217961922e2
train,uniform,20,331,202610210331,0,,train/uniform/n20/uniform_n20_0331.tsp,d09378aedf3a651ae37c794973a98b4c6f4bf3a3561eb2afabb35733ae281f35
train,uniform,20,332,202610210332,0,,train/uniform/n20/uniform_n20_0332.tsp,f76e20b6a1bf3f66f6f18506881030ef719e7fd7022fd3c81ee096c6ed2c5aba
train,uniform,20,333,202610210333,0,,train/uniform/n20/uniform_n20_0333.tsp,f32ba894905bdbdd445e62b85110efe960eabaa2b0f282528e406ba0ffbe8fce
train,uniform,20,334,202610210334,0,,train/uniform/n20/uniform_n20_0334.tsp,ff89c9442c4711af3e7a92de86fae530b9a45507f667096da37c18bf4cec8b49
train,uniform,20,335,202610210335,0,,train/uniform/n20/uniform_n20_0335.tsp,6d2719588925fbcc4730e8cd5d7a45bde23c208374546c2e3e22c5487eaa7e78
train,uniform,20,336,202610210336,0,,train/uniform/n20/uniform_n20_0336.tsp,c1e52c98ba45e174bf368de0475c55cdd9601c17e380242679433f040988ff35
train,uniform,20,337,202610210337,0,,train/uniform/n20/uniform_n20_0337.tsp,603e83e913130eac7de563a2224050cb0d1584d0f0a4b1da580c8b5ebc4fe8e7
train,uniform,20,338,202610210338,0,,train/uniform/n20/uniform_n20_0338.tsp,0c2da0d3408f9d8efa9fe392bc31475bffad075315b5b0ad5e7d1dd7645f263d
train,uniform,20,339,202610210339,0,,train/uniform/n20/uniform_n20_0339.tsp,ffa7a0c9d68dd0acfbed0793637e2550a2fd7f25ee9213032cf2fcb342eb1c36
train,uniform,20,340,202610210340,0,,train/uniform/n20/uniform_n20_0340.tsp,0bcc8095fa6735564b033748aa7f9d58dc795cec3668fdd7a2eeaa70e4e16145
train,uniform,20,341,202610210341,0,,train/uniform/n20/uniform_n20_0341.tsp,be057a61da48443be92841707b7e26743621413e84acfc40f1c313ec16d16e3f
train,uniform,20,342,202610210342,0,,train/uniform/n20/uniform_n20_0342.tsp,3c2227462e412ecd4aa102c02cc1e1d5ba1c8ad567c86223571cb3d7858e2b0f
train,uniform,20,343,202610210343,0,,train/uniform/n20/uniform_n20_0343.tsp,773017eeecb1a8c41af86388c69a0183a731b7cf2c03f2d5e77135fcfc14b549
train,uniform,20,344,202610210344,0,,train/uniform/n20/uniform_n20_0344.tsp,4517d3a4fb12fcb6140547e3bd26d166755f5232f446dc3d3cb57241edae1392
train,uniform,20,345,202610210345,0,,train/uniform/n20/uniform_n20_0345.tsp,d3628fbf08b3b557f7e1247a9f92775443ee3ac4dfd463399257bd3a5bf30700
train,uniform,20,346,202610210346,0,,train/uniform/n20/uniform_n20_0346.tsp,fca7d37f792d2ac0ac478992296cb621cda2c4505ade5b74af9dd6d12ae8b8a6
train,uniform,20,347,202610210347,0,,train/uniform/n20/uniform_n20_0347.tsp,2246370973b784b0544ca3443dde4036046a7367fffecaf0ad5e040a76acfa4b
train,uniform,20,348,202610210348,0,,train/uniform/n20/uniform_n20_0348.tsp,ff6066f1af8305ac56a464f52ff8dfcd372d445c71b120aa56e3f7527b5753a8
train,uniform,20,349,202610210349,0,,train/uniform/n20/uniform_n20_0349.tsp,e5275f3ada7d71df6fd7ed5fc6afd56e911612a8c7ae4aa85acd4e13a2804287
train,uniform,20,350,202610210350,0,,train/uniform/n20/uniform_n20_0350.tsp,00e3ceda3b680db30fc03ad8611ad9373fe87bea329875e296e013d3a935c718
train,uniform,20,351,202610210351,0,,train/uniform/n20/uniform_n20_0351.tsp,6184113c417f7526b3c6016b3e824e61f778b6e6823718d380cc9c779c80bf66
train,uniform,20,352,202610210352,0,,train/uniform/n20/uniform_n20_0352.tsp,a120b268b37ee5ad0a5335eed94aeb8c4c424d3aed0f27d4b21e1a5ab1b403ae
train,uniform,20,353,202610210353,0,,train/uniform/n20/uniform_n20_0353.tsp,2a286b3cee194d0da9f9dbb02bdddbb68c1a676d2ca696b0cb73f117ceeb5f93
train,uniform,20,354,202610210354,0,,train/uniform/n20/uniform_n20_0354.tsp,2060ef4f2bbcb03465d6f255759a1d5f96fc361ac35a8ab9eafb21de889840d2
train,uniform,20,355,202610210355,0,,train/uniform/n20/uniform_n20_0355.tsp,1a5d1d818679e39b1f3cfd4c4a546efb9503dd39dec124924e1745dfd6a8744a
train,uniform,20,356,202610210356,0,,train/uniform/n20/uniform_n20_0356.tsp,4d514b11c615a3e1106e9647832b97a3cd6c173fdb337fbea365dd7f7a8daffa
train,uniform,20,357,202610210357,0,,train/uniform/n20/uniform_n20_0357.tsp,1d86c9c57b44dbf1006ff7233b96aead87774eee7dc9cd72ba546dfacf369fba
train,uniform,20,358,202610210358,0,,train/uniform/n20/uniform_n20_0358.tsp,153eba0c220a999bb4e31115f0190a8fa063708e33165a95ade27481827d08fa
train,uniform,20,359,202610210359,0,,train/uniform/n20/uniform_n20_0359.tsp,83145d5308a7f65f2c1dbe1cae49bbc6d6961cacc215b7e3be6231220fcf1292
train,uniform,20,360,202610210360,0,,train/uniform/n20/uniform_n20_0360.tsp,9543998c69b48325ea86894cc11aeb25d8d3745e86d47b2ad4d22bcc0d1190be
train,uniform,20,361,202610210361,0,,train/uniform/n20/uniform_n20_0361.tsp,ecd6b81f5c3a4b5b171e5a393cbda79b68814128c4fc05f69795fc3ede6ee873
train,uniform,20,362,202610210362,0,,train/uniform/n20/uniform_n20_0362.tsp,6ba6b3cdeec4ebc1ba65fb4bab5c03bf7c7012178b9592b97de97a25db698e75
train,uniform,20,363,202610210363,0,,train/uniform/n20/uniform_n20_0363.tsp,ba37814361736b87a14562a88d82dae11c8e49135a69167e3dd6138789a4aa42
train,uniform,20,364,202610210364,0,,train/uniform/n20/uniform_n20_0364.tsp,ec5ccbafd9a1aa0e3281ed7e8f118682ec9a78ae7c9018953a7a72de8047515f
train,uniform,20,365,202610210365,0,,train/uniform/n20/uniform_n20_0365.tsp,b000bb03d61de242de0c61e0ffb58d07417fae8b088ded5c564d65900be51fbe
train,uniform,20,366,202610210366,0,,train/uniform/n20/uniform_n20_0366.tsp,9af66bb48318d470fc0d706dfe0bd123ce78423f9a6710c24a7252823be41951
train,uniform,20,367,202610210367,0,,train/uniform/n20/uniform_n20_0367.tsp,7314138108eee55fda63566d5364c2f0a2b4b9a7b3dbdb44144b9dd334896d59
train,uniform,20,368,202610210368,0,,train/uniform/n20/uniform_n20_0368.tsp,28d0dea18cbfa4565cfa50c61c47e06818f40885f1c6255dc8a1301d78cd33cb
train,uniform,20,369,202610210369,0,,train/uniform/n20/uniform_n20_0369.tsp,0cbf047b4a2d44e44770cf3d457f6562ab84081b0df558f13d5f5c2a08a8f606
train,uniform,20,370,202610210370,0,,train/uniform/n20/uniform_n20_0370.tsp,d78dfee41db5feb32eab7aeedd0125a798111a3e30be1e8da74b77ab0887f170
train,uniform,20,371,202610210371,0,,train/uniform/n20/uniform_n20_0371.tsp,047f0e119edd8b98430c698d2d3f62b93746ae6bf4e36c890d8d0d9d597ea4f5
train,uniform,20,372,202610210372,0,,train/uniform/n20/uniform_n20_0372.tsp,1d85ff7f0f7f6580a776c22f6723e48a233b816eb5f29206dad926e7dc077dd1
train,uniform,20,373,202610210373,0,,train/uniform/n20/uniform_n20_0373.tsp,6b092df9f1d916f44f32db5ee2c94bc2c29bf25729be86210de62c0fb4a15d60
train,uniform,20,374,202610210374,0,,train/uniform/n20/uniform_n20_0374.tsp,b5c7b26e3548e2f0b9541570c670261f8e6d126992c5ff3a3d7a3234c3711000
train,uniform,20,375,202610210375,0,,train/uniform/n20/uniform_n20_0375.tsp,d4d4751d5d9287d9437a8126a44f6071fa63fcd24c721882382a9851f227c24a
train,uniform,20,376,202610210376,0,,train/uniform/n20/uniform_n20_0376.tsp,fe01067a5bfb96119f917d03aabe7373a98338f31fea8c7b8932db9d2a0f1463
train,uniform,20,377,202610210377,0,,train/uniform/n20/uniform_n20_0377.tsp,113948a685ae779ab98eb29c4c8f721471685c9f823e22c8e79321e84e943911
train,uniform,20,378,202610210378,0,,train/uniform/n20/uniform_n20_0378.tsp,fe19a16761f676a3c01f232b2959bca424d65179e715e6e59b448a5db76ea8c9
train,uniform,20,379,202610210379,0,,train/uniform/n20/uniform_n20_0379.tsp,92888c72d6b911ac5a8989abea41858993d0aca6151bd5878a5146268346061a
train,uniform,20,380,202610210380,0,,train/uniform/n20/uniform_n20_0380.tsp,d454491f441fb5a50b99b2ca28503b17c1128329432939d8ed10a9d929ec1f35
train,uniform,20,381,202610210381,0,,train/uniform/n20/uniform_n20_0381.tsp,24d09fc62dcd0686cfc6209f8ae0555271f72ee2a7fc246a19c51a36ac3509d5
train,uniform,20,382,202610210382,0,,train/uniform/n20/uniform_n20_0382.tsp,d72dfb001470fc7e88ae786839609cb5a9080f218d4faf3655b0976dda624ca7
train,uniform,20,383,202610210383,0,,train/uniform/n20/uniform_n20_0383.tsp,75e2275272a3aa6f081c777d03fa67c435c63676b76339a27538a8ddbdc693e2
train,uniform,20,384,202610210384,0,,train/uniform/n20/uniform_n20_0384.tsp,7b04896955abb2fd317d631aae8df07713dfb78fd4081b4e689635c2e0cf8f73
train,uniform,20,385,202610210385,0,,train/uniform/n20/uniform_n20_0385.tsp,708d45cda9637ca07c44eef5bf1ff74e81f052b95895ae51ab2ea96065af754d
train,uniform,20,386,202610210386,0,,train/uniform/n20/uniform_n20_0386.tsp,bdc9bc07eeeccc32599b682062e43d78a2a461fa1159c2b3144ec55f37bd7bf8
train,uniform,20,387,202610210387,0,,train/uniform/n20/uniform_n20_0387.tsp,495c18d38ef44c740ca3a47958e704c472e3aa7d85846f4917d108ea34ea9632
train,uniform,20,388,202610210388,0,,train/uniform/n20/uniform_n20_0388.tsp,b12306f457054ab158becb03fdd88601ac073749c625248387627cb64611d364
train,uniform,20,389,202610210389,0,,train/uniform/n20/uniform_n20_0389.tsp,39eb8eb43f63e56fb95f4745b93285a29ab497f0bac296c2a0248cf73c441eec
train,uniform,20,390,202610210390,0,,train/uniform/n20/uniform_n20_0390.tsp,b443691ad37d74e4ea5946a078b7a8550a1e2d02d292cb785f6d84f06819fcee
train,uniform,20,391,202610210391,0,,train/uniform/n20/uniform_n20_0391.tsp,bf7ffb26a55336909ec4fa33535553ef6edb607830e42c1aec55dc183563cb87
train,uniform,20,392,202610210392,0,,train/uniform/n20/uniform_n20_0392.tsp,4b646d15da69019337e6661ca4d2dfd9184b90d059810ad74fe8a388f2790f82
train,uniform,20,393,202610210393,0,,train/uniform/n20/uniform_n20_0393.tsp,49ba90003956614b723214f828ecac9ad9604514a40f1f6f962e2a1fb6d6b849
train,uniform,20,394,202610210394,0,,train/uniform/n20/uniform_n20_0394.tsp,3ba9eeef8f066fd120c806b5bb37a090c31b7a478001e14c96806d70e5b4bd97
train,uniform,20,395,202610210395,0,,train/uniform/n20/uniform_n20_0395.tsp,8f7165e44969ccd91daf07ada6a946d6b698c234289201e35f8c1a4ac7d4cbde
train,uniform,20,396,202610210396,0,,train/uniform/n20/uniform_n20_0396.tsp,11d6fde65015dc4e4063836cdbbb3b3bbdb8d0f8a7fab2cb286b71c38dbf4ecf
train,uniform,20,397,202610210397,0,,train/uniform/n20/uniform_n20_0397.tsp,39e29bd22e64b8dcd091043755706c6023747cc4c63d0c7ab0cd7ad8ad075e0e
train,uniform,20,398,202610210398,0,,train/uniform/n20/uniform_n20_0398.tsp,6c047a03c6a4819a2b689ee308e013f93f1fcec96e6f44f55ee6a4b9deb8b069
train,uniform,20,399,202610210399,0,,train/uniform/n20/uniform_n20_0399.tsp,810cb644604886170ff5a00f8f6e156eaa0703219f043370bdac5b60a75092a5
train,uniform,20,400,202610210400,0,,train/uniform/n20/uniform_n20_0400.tsp,2b941842dd62ddcbfe1234d9eca00d83d1768378122681aab60c44f18626404c
train,uniform,20,401,202610210401,0,,train/uniform/n20/uniform_n20_0401.tsp,a96f523fa2b63e1f4e965eedd871066a5b9d535d57e349b874e7c712b99e7b0d
train,uniform,20,402,202610210402,0,,train/uniform/n20/uniform_n20_0402.tsp,7bf89a226296abab2c1703515e6a77b8ef91180759d620f2dc4978f7371b5b81
train,uniform,20,403,202610210403,0,,train/uniform/n20/uniform_n20_0403.tsp,ac690f3d61f90a5a8dce755b6146488a82fec17474a21cd363399d6d6f918129
train,uniform,20,404,202610210404,0,,train/uniform/n20/uniform_n20_0404.tsp,9f54eaa74a0b9eaf14c816c1fb633390be75a2b652d7668fb3ae7d7a4da447a1
train,uniform,20,405,202610210405,0,,train/uniform/n20/uniform_n20_0405.tsp,c61389c92f588c57e14b3775721f59482c1d2fae7b4e210e53e663b60b3f318b
train,uniform,20,406,202610210406,0,,train/uniform/n20/uniform_n20_0406.tsp,88608ccfdf3ee6e9ce6083b3ce65cf42a811e8fa636b966d6fee3e49eb487b45
train,uniform,20,407,202610210407,0,,train/uniform/n20/uniform_n20_0407.tsp,7555b85e28e4446d805b8246b4999a5dba7f4d9707ce379ba5f49cc7e8cfb014
train,uniform,20,408,202610210408,0,,train/uniform/n20/uniform_n20_0408.tsp,85e6e4659258a81a0e8db99d514a9c168c6d7a44f1ec388bdbc450c61813f468
train,uniform,20,409,202610210409,0,,train/uniform/n20/uniform_n20_0409.tsp,fe414d6caff43a0f7c9388585497f02b8c516a397b9d9a2f45e0430205c1ccd1
train,uniform,20,410,202610210410,0,,train/uniform/n20/uniform_n20_0410.tsp,ca37ebfbf17f8f90554fcb71433dab40d966710d879cb8a9471e613e64f98686
train,uniform,20,411,202610210411,0,,train/uniform/n20/uniform_n20_0411.tsp,a443382ece94be88ff5acc113dd24aa66202bcb68e24ef3b4c14edaa3b35a8b2
train,uniform,20,412,202610210412,0,,train/uniform/n20/uniform_n20_0412.tsp,dd710ed58c550ae8c4edf30e3c287aa096c99f9648ae0e0ef8de0e2486652535
train,uniform,20,413,202610210413,0,,train/uniform/n20/uniform_n20_0413.tsp,59fd98fa3e5d55ae8a25842d5bc545c15de5fe4aba5d55899f79c152646a78cb
train,uniform,20,414,202610210414,0,,train/uniform/n20/uniform_n20_0414.tsp,3727b3493dc62a529f5c67bcb5214064fb9ea4603854355169569d46826001bc
train,uniform,20,415,202610210415,0,,train/uniform/n20/uniform_n20_0415.tsp,a7058d545682e034a4be67a657d9af7486d5b4b3be3f01c1e1165cd85672040b
train,uniform,20,416,202610210416,0,,train/uniform/n20/uniform_n20_0416.tsp,53d749e48f68f584b2769574e3050a18126ed3c74627ea4883043530eeee3ac0
train,uniform,20,417,202610210417,0,,train/uniform/n20/uniform_n20_0417.tsp,410f42c488f9d610204be3a1d27f26adf0e8f304a6b1adc85b775d9d99cac14f
train,uniform,20,418,202610210418,0,,train/uniform/n20/uniform_n20_0418.tsp,52570b4df57515a73112207ec18f48b3f50ab9ea6a9e343869dde633451b81fa
train,uniform,20,419,202610210419,0,,train/uniform/n20/uniform_n20_0419.tsp,c3f2edc3a789bc77cb87035efb0717929fa08524a2e56c75a4eba70c7c3ccb0c
train,uniform,20,420,202610210420,0,,train/uniform/n20/uniform_n20_0420.tsp,458a1618a1201693f51c999f5010aff0315a7a045fb333a4b059814d6c40cb1f
train,uniform,20,421,202610210421,0,,train/uniform/n20/uniform_n20_0421.tsp,30e98c45f9c89d3d9074ca9e378815f6b3a6751f5b7ec42c81df34e9c272711e
train,uniform,20,422,202610210422,0,,train/uniform/n20/uniform_n20_0422.tsp,8352a227f65b06ed859a2b2fdcfeff177d399e194045943631501bcde2bfb292
train,uniform,20,423,202610210423,0,,train/uniform/n20/uniform_n20_0423.tsp,05bb7fc3f324a880c4b6dc874333ea956c31247c03d6e8ab93de8f89887a08b1
train,uniform,20,424,202610210424,0,,train/uniform/n20/uniform_n20_0424.tsp,b75d70446eae5b82b44ad1d1c695218c6afdb3ae906b21aaefca7ec2278fef4b
train,uniform,20,425,202610210425,0,,train/uniform/n20/uniform_n20_0425.tsp,65691d7ff057c3fc722411b2a6cfa5fd69f04f4b801688a93b96047225b56610
train,uniform,20,426,202610210426,0,,train/uniform/n20/uniform_n20_0426.tsp,561d714bcebac8d70e0ac65fb29150344c7227e1d5dbf234fd7e0907b5b4fd4f
train,uniform,20,427,202610210427,0,,train/uniform/n20/uniform_n20_0427.tsp,f423c114c6185d13a71e1063651a6de0ddbcbd4275d34e876cd06d8d88a3bea1
train,uniform,20,428,202610210428,0,,train/uniform/n20/uniform_n20_0428.tsp,895cfb0e3e9b97894d60f4a62410d611297711f85ef95ba1ffcc040c27ddc885
train,uniform,20,429,202610210429,0,,train/uniform/n20/uniform_n20_0429.tsp,7147f0b53f7fbd933dad649eb804d2b8e6910fe269532b7c2744ab3ccdf49328
train,uniform,20,430,202610210430,0,,train/uniform/n20/uniform_n20_0430.tsp,fe47c7fb966a3bf00a74a318dd6cd23522c408163cc9aa5fb5555664c2f4a9b8
train,uniform,20,431,202610210431,0,,train/uniform/n20/uniform_n20_0431.tsp,44f9fa6e681d60e7a576a5f0cf3c9a26ec101e331320edd03f377e0d2dfc72af
train,uniform,20,432,202610210432,0,,train/uniform/n20/uniform_n20_0432.tsp,89acf242ed81531f6b08803be476a64a4d278a42f19988182017dc94e1449cd2
train,uniform,20,433,202610210433,0,,train/uniform/n20/uniform_n20_0433.tsp,9c344c768e3c88e900306d0cb1313ff065af4de00d5225c2ba5ade90e67dc072
train,uniform,20,434,202610210434,0,,train/uniform/n20/uniform_n20_0434.tsp,f29657c79ff1d32afb975bb1d41c0507e7999ddba7724417c4e1f0952221e117
train,uniform,20,435,202610210435,0,,train/uniform/n20/uniform_n20_0435.tsp,bb944712b3efeb68f379a26ccc31e2054173db03d712debcdeada771ab88c38b
train,uniform,20,436,202610210436,0,,train/uniform/n20/uniform_n20_0436.tsp,c200df485319fc04548fe8d6ca914f4980bb684a540569ffba96071f2cc66224
train,uniform,20,437,202610210437,0,,train/uniform/n20/uniform_n20_0437.tsp,5526e00296246cbf2e9d2fea574d845f6e4bdfc849f6b34a491d574fb0970647
train,uniform,20,438,202610210438,0,,train/uniform/n20/uniform_n20_0438.tsp,13f1d3403c7d3d2a41b0e2afb8a140d8ed2a50ee1da0ab5bd27254563c1186ac
train,uniform,20,439,202610210439,0,,train/uniform/n20/uniform_n20_0439.tsp,cda3d07452892c32614aad28f89c943613473ab8130e6e72d7d73028debeed45
train,uniform,20,440,202610210440,0,,train/uniform/n20/uniform_n20_0440.tsp,c8e85addac59109b1f0f8407e3d838dc4cf7ec30f24a3747fd4c3ab2bf666d90
train,uniform,20,441,202610210441,0,,train/uniform/n20/uniform_n20_0441.tsp,fee9c7ce2c8040a611a9f2fcbdb6b41b6fdcaf3b3137fd7b03299e5dd4d314de
train,uniform,20,442,202610210442,0,,train/uniform/n20/uniform_n20_0442.tsp,ad6ed2bac092b751d8d2a0b517444aca5497f20b2d3407f09dbc20ee3968f595
train,uniform,20,443,202610210443,0,,train/uniform/n20/uniform_n20_0443.tsp,8956bff7661f1d71cabcb51fb6f8a75348d2562738af053e88e3b2f03000d273
train,uniform,20,444,202610210444,0,,train/uniform/n20/uniform_n20_0444.tsp,425b4d89aeecb0363f7833caf1ed716e73e6a65730adcfe0182223d30a8b2adf
train,uniform,20,445,202610210445,0,,train/uniform/n20/uniform_n20_0445.tsp,dc52254d0774e7a7bb437bc3aa0c3a84ed5c947ed1b158e660b05b4d66604f63
train,uniform,20,446,202610210446,0,,train/uniform/n20/uniform_n20_0446.tsp,694757c8e5abeff3daa798ce8909d1d49aa2611d0c354091374f2326a9817585
train,uniform,20,447,202610210447,0,,train/uniform/n20/uniform_n20_0447.tsp,c7d6a0b14eb1294c2e9af226f437393324df39fe8d25cc7bcdc220945d1f1453
train,uniform,20,448,202610210448,0,,train/uniform/n20/uniform_n20_0448.tsp,2346b37f2b15ec456c74bca8c2dc5325c996f186fb79aa4910e86bf0c7c4e217
train,uniform,20,449,202610210449,0,,train/uniform/n20/uniform_n20_0449.tsp,91e4bf018d8fcba15f255dd35b6acafe7c4f787ef873d7fee0eef5148ecd3c88
train,uniform,20,450,202610210450,0,,train/uniform/n20/uniform_n20_0450.tsp,62f0d7571e1881298a99acce264be91f521ce17bb2be8cc2b8e85152e869d519
train,uniform,20,451,202610210451,0,,train/uniform/n20/uniform_n20_0451.tsp,a8152ab7f790a57da4aae81fb50955d60441ff28f992c7c4dba3900cb9da0c2d
train,uniform,20,452,202610210452,0,,train/uniform/n20/uniform_n20_0452.tsp,1568339d05d1f77cc36097b234843971ee6a0a3bfc3835b5f35fc4ed9b65fa1b
train,uniform,20,453,202610210453,0,,train/uniform/n20/uniform_n20_0453.tsp,4f1b974c28d9eb2cc2cbf8d981fd3e536ef0eefe1a2c40b1fdd2910e96f08a45
train,uniform,20,454,202610210454,0,,train/uniform/n20/uniform_n20_0454.tsp,6108679c8bd01775a7e076019fccb7727fb3a7b2609bc7bfa2048e30fe110a24
train,uniform,20,455,202610210455,0,,train/uniform/n20/uniform_n20_0455.tsp,0682f96e766dcdf8467d2ab6dd2702d7b936418728c5d4bdfb3c428a90250c51
train,uniform,20,456,202610210456,0,,train/uniform/n20/uniform_n20_0456.tsp,df5cfcbd2dcd0890746c3c825abda9b67edfd979be6831a30b92d0ad23312420
train,uniform,20,457,202610210457,0,,train/uniform/n20/uniform_n20_0457.tsp,ae392fa04d343be589ac45b30edded5150edbafa1ac51e276a081688e6521724
train,uniform,20,458,202610210458,0,,train/uniform/n20/uniform_n20_0458.tsp,93feeb0bdf92991ef1acd0efe093563fb2cd853828de53358d19010bac07eafe
train,uniform,20,459,202610210459,0,,train/uniform/n20/uniform_n20_0459.tsp,1c1c04770c7fbb8e757e826b54186cc3b619d2588296f65163b843c9d1b5c099
train,uniform,20,460,202610210460,0,,train/uniform/n20/uniform_n20_0460.tsp,33f84f1e1642dcde4b775a8f330e1dd6498e183a4fe290d4d5e81389bec3f567
train,uniform,20,461,202610210461,0,,train/uniform/n20/uniform_n20_0461.tsp,234c25ed861de71d85b7af0d56a089c4d039967154460919f8556dc56a326fbb
train,uniform,20,462,202610210462,0,,train/uniform/n20/uniform_n20_0462.tsp,7fc5c2724c7f4fb01fadd2dde86f5d6fdca9ad4f516830795ee48eb5d1bcfb8d
train,uniform,20,463,202610210463,0,,train/uniform/n20/uniform_n20_0463.tsp,c8e7afaef49f965f677e30f7ba80cfea12314357ac68dac7ca2d26b18362bf88
train,uniform,20,464,202610210464,0,,train/uniform/n20/uniform_n20_0464.tsp,bf6f8a46ba85cb14f24580113e4395d44337729eacad4bda21730bb98f4c28f0
train,uniform,20,465,202610210465,0,,train/uniform/n20/uniform_n20_0465.tsp,4a1233f59e8fd2a121d0547ab05a53f85f98712ac78cb143ec9daadbe398907e
train,uniform,20,466,202610210466,0,,train/uniform/n20/uniform_n20_0466.tsp,40887db5be7f1fd62628221c1ea4509f73cd9dd15b42413a4174af94a481a6cd
train,uniform,20,467,202610210467,0,,train/uniform/n20/uniform_n20_0467.tsp,2560812eaad44a289e8910aab26e136d52224b83a2a27f20d593611561cc8328
train,uniform,20,468,202610210468,0,,train/uniform/n20/uniform_n20_0468.tsp,cc3a4742cd2b9021f70053e55e45b2b96dcdbf0f76ccb68f05a443b7a64d725b
train,uniform,20,469,202610210469,0,,train/uniform/n20/uniform_n20_0469.tsp,0a676ff05ff9db197ea14d29d6ba41769e8a0fb98168ba005dbd1a9ca88e23c1
train,uniform,20,470,202610210470,0,,train/uniform/n20/uniform_n20_0470.tsp,61fbec12ffb3663ed7f9e66361dc840e772407dd4baf138d81b1ba7980c55d99
train,uniform,20,471,202610210471,0,,train/uniform/n20/uniform_n20_0471.tsp,ac8191c176bfb687efa0eab6cb088465b55eb8d371afa94722f496f79d5b13be
train,uniform,20,472,202610210472,0,,train/uniform/n20/uniform_n20_0472.tsp,8f5f9f4b693eac97be8ef5815b1a269161f442236024b2ed1e70f47bab18698e
train,uniform,20,473,202610210473,0,,train/uniform/n20/uniform_n20_0473.tsp,738b0c46a27c7859ef4b45a7bfa88383e7888d7d926947c0cd360944c8b81e7b
train,uniform,20,474,202610210474,0,,train/uniform/n20/uniform_n20_0474.tsp,1441eeda9835f427d98fb61852234b1e359e5dbd9684618457642e69529f2c11
train,uniform,20,475,202610210475,0,,train/uniform/n20/uniform_n20_0475.tsp,1fb9cf763d9a481fd64e89fb82305f3d62226e423c79b97d432b7045e61bd002
train,uniform,20,476,202610210476,0,,train/uniform/n20/uniform_n20_0476.tsp,5416411a495f361f1e7acaf4ae0d165b5015270e6456afa10eb49edd49ab7b29
train,uniform,20,477,202610210477,0,,train/uniform/n20/uniform_n20_0477.tsp,cbe2072914baa8b8ce075bcc880d8711d837f76eb0c635c66248f99352ea7998
train,uniform,20,478,202610210478,0,,train/uniform/n20/uniform_n20_0478.tsp,90db9324b6de254235a26ba130fa2aa6f62ede81f1afc7a0aa2e6043bd3ebdaf
train,uniform,20,479,202610210479,0,,train/uniform/n20/uniform_n20_0479.tsp,eed2a76103ed48b31845b9fd39d860a01f515ba6eeb6426314310da6825bf88e
train,uniform,20,480,202610210480,0,,train/uniform/n20/uniform_n20_0480.tsp,723c8ad7dc0b46a29603facd45a4dedc6c79c99e647e11683c46e626032fbb14
train,uniform,20,481,202610210481,0,,train/uniform/n20/uniform_n20_0481.tsp,aa25a21e41bc0d6c6c0349730b6e3c59dd2afa465d626e8291209af9cd353645
train,uniform,20,482,202610210482,0,,train/uniform/n20/uniform_n20_0482.tsp,31dd0233211d7f2db1c60507730edcdf97f0f00ec50f4b5fe93b805543771805
train,uniform,20,483,202610210483,0,,train/uniform/n20/uniform_n20_0483.tsp,461471d553c55eb5413c5f0b8d6786bc6bddf78fd6dab949c5704378fa0dc993
train,uniform,20,484,202610210484,0,,train/uniform/n20/uniform_n20_0484.tsp,acf70fe4ceebf0866b2c6de1ed090d4b87e2571f21d6ad854f5c9fc6a50dced9
train,uniform,20,485,202610210485,0,,train/uniform/n20/uniform_n20_0485.tsp,f7681ed328913d1fd860ce846ec8d98a6aba02746c887899d120531ea59b2907
train,uniform,20,486,202610210486,0,,train/uniform/n20/uniform_n20_0486.tsp,b4328021b25aa5d7ba529d72a69381933dbad841b32911512b12155138ddcc71
train,uniform,20,487,202610210487,0,,train/uniform/n20/uniform_n20_0487.tsp,d87b682a6d396fea1f40aaaeff688c20e80a4cf67e270ab4b939ece06864f3c1
train,uniform,20,488,202610210488,0,,train/uniform/n20/uniform_n20_0488.tsp,9a76e769320d0ed647edad92ada61e1991d1b6d0e4f7979d4acd88fbb3bb67ad
train,uniform,20,489,202610210489,0,,train/uniform/n20/uniform_n20_0489.tsp,1d493171837b67c76633ca10c89258ac7efcf7cd5dfb810ff40e4d7b6e33206b
train,uniform,20,490,202610210490,0,,train/uniform/n20/uniform_n20_0490.tsp,62c2150b45634b13126ad8162e7c0f88dbbf580af54366ac63b7ca8f21534b08
train,uniform,20,491,202610210491,0,,train/uniform/n20/uniform_n20_0491.tsp,a4a5eefd599050c998bb8f29ac4670800566c1b1cd4abcf5fe8df9121cfaa939
train,uniform,20,492,202610210492,0,,train/uniform/n20/uniform_n20_0492.tsp,c529dd08650e7fabdcd10885a7401a5b5de49c1bb1b0ea440d58f7bb16c5f636
train,uniform,20,493,202610210493,0,,train/uniform/n20/uniform_n20_0493.tsp,b4ef6748a7ff08ade71b82f02699bf3591f4a622229a1465abdf8789800b7d8f
train,uniform,20,494,202610210494,0,,train/uniform/n20/uniform_n20_0494.tsp,dfc630f7b9bf3d8a56fa5455777572ec4e4b91ebb2f4f2cecc06b36317e904ae
train,uniform,20,495,202610210495,0,,train/uniform/n20/uniform_n20_0495.tsp,5c0632c9e02ed4d0aefb93baf352b6bed995b86682cf3e056c4dce76c06600f6
train,uniform,20,496,202610210496,0,,train/uniform/n20/uniform_n20_0496.tsp,538dd69bcf025f2a785f9ac7481f782b9e55466af4bdbb5e25eb693db73bb9a4
train,uniform,20,497,202610210497,0,,train/uniform/n20/uniform_n20_0497.tsp,7200874fc27f5ac484c768ab89727f08e126dd5d2bbdbafb76b442097ec761bf
train,uniform,20,498,202610210498,0,,train/uniform/n20/uniform_n20_0498.tsp,b1fd894a34a14cf5d22c5a82a3d1104c9a9283f4c98d651c1426f4520b7e1c90
train,uniform,20,499,202610210499,0,,train/uniform/n20/uniform_n20_0499.tsp,d5a842966c55d1f4c874059ae1eb18da42fabccb7dea13ee03ed860e2102770f
train,uniform,30,0,202610310000,0,,train/uniform/n30/uniform_n30_0000.tsp,58d658f2c4f97285e9cbc58c445532704ff944b0869fd4101cb96da0090a41a0
train,uniform,30,1,202610310001,0,,train/uniform/n30/uniform_n30_0001.tsp,220a19066b9ae0edcefb49d3ac3eee9716c3c768bc4f4536d1b48812d2c2e6db
train,uniform,30,2,202610310002,0,,train/uniform/n30/uniform_n30_0002.tsp,197ffc5dbb70e78eec09bd1881938e06caf5206bd43c9d44fc512f1f5dba863d
train,uniform,30,3,202610310003,0,,train/uniform/n30/uniform_n30_0003.tsp,bd3c6a34b57384356b002d6733d38c30699ffd7c907817da4d85539ee39fa55a
train,uniform,30,4,202610310004,0,,train/uniform/n30/uniform_n30_0004.tsp,1249b119e5f53d70e2ab13b0406f23470a484c41135e146e7a64cccf81417371
train,uniform,30,5,202610310005,0,,train/uniform/n30/uniform_n30_0005.tsp,2fd8b7df1d6c71ef27adaacf215c863efedc5a12ceb49b75a24daebd1d25c6c8
train,uniform,30,6,202610310006,0,,train/uniform/n30/uniform_n30_0006.tsp,9026ac6493f70b6fbe399e05ec83cd686c7f8a645cb78de1e3d4d91e2be62baf
train,uniform,30,7,202610310007,0,,train/uniform/n30/uniform_n30_0007.tsp,4e648d057977e3b8031cafa808e4294ff4ec03ded7e29aca7e5bbf6b7adee247
train,uniform,30,8,202610310008,0,,train/uniform/n30/uniform_n30_0008.tsp,cc906b040a6e0f063d39a65376c166a1228ab2e99ef17bf258a25444e907c6eb
train,uniform,30,9,202610310009,0,,train/uniform/n30/uniform_n30_0009.tsp,4846fe57649aaa0395796dabedacb5343036af2e0153b46ded9b1e05f61870c4
train,uniform,30,10,202610310010,0,,train/uniform/n30/uniform_n30_0010.tsp,3c3a65dc0fbbba7fdde9db1a11dc87cb60f4d096f0b68cb16442ae88dc480682
train,uniform,30,11,202610310011,0,,train/uniform/n30/uniform_n30_0011.tsp,b32af8e5a37828c1720349d83a520b455be72b146a38ab82c241f3ecc5328651
train,uniform,30,12,202610310012,0,,train/uniform/n30/uniform_n30_0012.tsp,79264474bb5b35adf77a8dd98a5f35a51f79e9a7b77669762a4654c88d2b02e7
train,uniform,30,13,202610310013,0,,train/uniform/n30/uniform_n30_0013.tsp,d59e005240948d88f67ccc4f003a37eeec364c6b7c38f549d7899dd860d15cf2
train,uniform,30,14,202610310014,0,,train/uniform/n30/uniform_n30_0014.tsp,bc716482fc8b7b5db79b9baecfae2be1c7fde0887a53ee703d693a8872c91ef4
train,uniform,30,15,202610310015,0,,train/uniform/n30/uniform_n30_0015.tsp,e8bfc543557e1258b6877aa15fefc7326181c5729bec28aa204cc334c9941c4e
train,uniform,30,16,202610310016,0,,train/uniform/n30/uniform_n30_0016.tsp,85ce9c74cf9890ecba9f07cb24d2616047933f24f993dc2746a7743dd350943e
train,uniform,30,17,202610310017,0,,train/uniform/n30/uniform_n30_0017.tsp,3ec8d8447c72c8dd86d75b14189a0e2cea51157247280752afb2c282949f28bc
train,uniform,30,18,202610310018,0,,train/uniform/n30/uniform_n30_0018.tsp,b07af052470ae52263ffe92b715b19d283db140f2eb2eb8b93123b96051d0c62
train,uniform,30,19,202610310019,0,,train/uniform/n30/uniform_n30_0019.tsp,0e2fd5d7ee4c0b7df892bee1a8d8afaeceaab08ffa37447538597dcf2c090dae
train,uniform,30,20,202610310020,0,,train/uniform/n30/uniform_n30_0020.tsp,1d99781ce9534ef45129543d61abd5806312b42915ffee9b620d1e3f55fd6694
train,uniform,30,21,202610310021,0,,train/uniform/n30/uniform_n30_0021.tsp,26ec1b533598e36f0b544a60133cc9dbb29cd62439644e286639b529260a7c00
train,uniform,30,22,202610310022,0,,train/uniform/n30/uniform_n30_0022.tsp,a2c60794eb9de2f9f5bdf34fd6a2159a57483158a5827ddf126447981fee37ce
train,uniform,30,23,202610310023,0,,train/uniform/n30/uniform_n30_0023.tsp,61f885640928962a40ff44fd854894949f0f23e1ea303f1a86b19c59f6c99fbb
train,uniform,30,24,202610310024,0,,train/uniform/n30/uniform_n30_0024.tsp,2a910441b24add48d89f8024cc3071a57e08d843c009a1b7725ecdb0dbea42fe
train,uniform,30,25,202610310025,0,,train/uniform/n30/uniform_n30_0025.tsp,bff8a6430cdcc06bb9d2034831177281a803caf69bb66cfde0e9d3c083f2a521
train,uniform,30,26,202610310026,0,,train/uniform/n30/uniform_n30_0026.tsp,8883eabf2dee193ff7e88cf2c07a8955e4d9b61590710fe694340dd9fc2f1bbd
train,uniform,30,27,202610310027,0,,train/uniform/n30/uniform_n30_0027.tsp,b92de03e888147cdcbdd23083543e2c958623ee4eef2f5e593805c7e46e7b776
train,uniform,30,28,202610310028,0,,train/uniform/n30/uniform_n30_0028.tsp,80124c2a22111e3e1d306e836784654eee3f4347a50ed9b32c34b468047b870c
train,uniform,30,29,202610310029,0,,train/uniform/n30/uniform_n30_0029.tsp,65320935c2107f4502ff2bb648a3925074daeaa73a791280e11e78a29ae229c0
train,uniform,30,30,202610310030,0,,train/uniform/n30/uniform_n30_0030.tsp,05b0c83686296a3e968f5391117665c6ca6448a8c15dc61fa167799658cd985e
train,uniform,30,31,202610310031,0,,train/uniform/n30/uniform_n30_0031.tsp,e1fe148b752df342021bc98cf3c893e9d9e0dc7f20648b01e285fe2afe4a4f8e
train,uniform,30,32,202610310032,0,,train/uniform/n30/uniform_n30_0032.tsp,94619b2d0c5526f353b05bd2433f86f7372ad4c6d6805dd754c6dd4e0962ef48
train,uniform,30,33,202610310033,0,,train/uniform/n30/uniform_n30_0033.tsp,a9aafb86700f269e05c13d6c84fc198b0cad0e3e170a8a6bf458502a7a3afce1
train,uniform,30,34,202610310034,0,,train/uniform/n30/uniform_n30_0034.tsp,37c203907db2b2ae77a53283b5a91496ffa0ff7cbc2dab1ae0819465e63c744a
train,uniform,30,35,202610310035,0,,train/uniform/n30/uniform_n30_0035.tsp,b247041a7674417697c49627f3e4815440cb0a647ff1fe02a3fa31a3247f9bb4
train,uniform,30,36,202610310036,0,,train/uniform/n30/uniform_n30_0036.tsp,97067b54dc969a3e606b66955344336e0f0a65800a35e4ad10c89b2314a0f621
train,uniform,30,37,202610310037,0,,train/uniform/n30/uniform_n30_0037.tsp,35cc517fa0c1f4e0b3f97f6312eb70c5f4a72935fda2981eab7cbec224e2d5b7
train,uniform,30,38,202610310038,0,,train/uniform/n30/uniform_n30_0038.tsp,eb5dddc0cd4fdee4967f7a4f5b501b2e94b5183f63a59af4f004fd3790a06597
train,uniform,30,39,202610310039,0,,train/uniform/n30/uniform_n30_0039.tsp,75fd297fe6f0d6b4c19078c9a946bce6d6ba182c71ee0d00b2b0543eb647aefe
train,uniform,30,40,202610310040,0,,train/uniform/n30/uniform_n30_0040.tsp,9c95623cca2c002b3a5a4ff1b3038770f841d1091b247164e2480e48634dac6b
train,uniform,30,41,202610310041,0,,train/uniform/n30/uniform_n30_0041.tsp,cb6f8ef4fb3ac01cbe8fa85f615d7635041b8021946395320daa03d69ccdb2b7
train,uniform,30,42,202610310042,0,,train/uniform/n30/uniform_n30_0042.tsp,b4b858d5253bc75c70abdfa3fcaf677500a346552e1f1afe135b50a47e03d43b
train,uniform,30,43,202610310043,0,,train/uniform/n30/uniform_n30_0043.tsp,2678719aac05c5c73260a3604cc2eff96d544d1aab818150a3a14bdffd1cc56f
train,uniform,30,44,202610310044,0,,train/uniform/n30/uniform_n30_0044.tsp,45c24443efd47fe017a7f912f523119f40d462f7168a579fe16e40db2c4e07dc
train,uniform,30,45,202610310045,0,,train/uniform/n30/uniform_n30_0045.tsp,a88703d84a91f9ec577b0c8a1a5fcf235cb20682c9ce284b6386c0c6e2f6682b
train,uniform,30,46,202610310046,0,,train/uniform/n30/uniform_n30_0046.tsp,db80a43404492832ec40679e85e8e6ccaa0e2a6e0b153b3a15c558e4d8da7dff
train,uniform,30,47,202610310047,0,,train/uniform/n30/uniform_n30_0047.tsp,4256d70c4505bb78a049b8a668bc888ca817f286149c4cbf67f7e54b278d706c
train,uniform,30,48,202610310048,0,,train/uniform/n30/uniform_n30_0048.tsp,3380410189f75e691c44d8b8f40f8b372d9fbce9259d11b42516aa15d30498e5
train,uniform,30,49,202610310049,0,,train/uniform/n30/uniform_n30_0049.tsp,94460b6aa6ed25444f3184212f4d1458f3e682b86c11411d331f5a7817aa1869
train,uniform,30,50,202610310050,0,,train/uniform/n30/uniform_n30_0050.tsp,6e42b4c598fae29959da6b576271231bc39fdfb24c3fbee75b25de5abcac4733
train,uniform,30,51,202610310051,0,,train/uniform/n30/uniform_n30_0051.tsp,58748889ed76be5e7b97b01d94aae8f3940f3447b6f45ed6a2a729c58156243a
train,uniform,30,52,202610310052,0,,train/uniform/n30/uniform_n30_0052.tsp,6367242a385763f842a5be0e8d92317b8e0f590f985412210ca1daa8bfafb5e3
train,uniform,30,53,202610310053,0,,train/uniform/n30/uniform_n30_0053.tsp,4bcb90f549366f5b63d9da9e58ff8328fc936091b0dff497c6826c0c43c00353
train,uniform,30,54,202610310054,0,,train/uniform/n30/uniform_n30_0054.tsp,15032ea727f025e1b83ffbda544586bf4ec9584ba6de9718409a355edebe8b5f
train,uniform,30,55,202610310055,0,,train/uniform/n30/uniform_n30_0055.tsp,3f164cc586ea58ac45def817c1acf5f844ceabdc927a9e2d1759a3189c30e8b5
train,uniform,30,56,202610310056,0,,train/uniform/n30/uniform_n30_0056.tsp,5e1321c2e4f8fe07c2475ccfb0c9ee83c27aa7b8b5cfdf4d44b1c5d6b7612749
train,uniform,30,57,202610310057,0,,train/uniform/n30/uniform_n30_0057.tsp,add308d8c6d96cd9ee34d1dfe36274ff1c6e046ede1acd3fa4caa2deb477dcb0
train,uniform,30,58,202610310058,0,,train/uniform/n30/uniform_n30_0058.tsp,1918a6fe93d278a42983345f11076808eb88fceb6b3b2650e252536e35dafed4
train,uniform,30,59,202610310059,0,,train/uniform/n30/uniform_n30_0059.tsp,7ec0b322501cea17ccc5f9bee3c799e3a6c04bbe92ca5fa5978de1b634ffa154
train,uniform,30,60,202610310060,0,,train/uniform/n30/uniform_n30_0060.tsp,addd9c19f497cc4f721dbea473cf7cd414949c1c7e21b80f23d20971c696e815
train,uniform,30,61,202610310061,0,,train/uniform/n30/uniform_n30_0061.tsp,80a6b01b09b2ff9d245f2aa8733b3236edc809c6ca99e9d3b59e480b78f9b936
train,uniform,30,62,202610310062,0,,train/uniform/n30/uniform_n30_0062.tsp,63e398c20f053d4c3044e996ecab5b56bc64b1e06f8ae8404c4ea66999e146a3
train,uniform,30,63,202610310063,0,,train/uniform/n30/uniform_n30_0063.tsp,ecf8a0d6691f6c2171cc5a29baaa30046dd145be9c389c5baad3bdcaee01c482
train,uniform,30,64,202610310064,0,,train/uniform/n30/uniform_n30_0064.tsp,ccffb93207e2a9e884b67f93ee04c04520fe4af6b2e6d478bb5fca4d738e886e
train,uniform,30,65,202610310065,0,,train/uniform/n30/uniform_n30_0065.tsp,695287af14b4b1b4e4f9c50509504ff525635cb7ac131a0f804298d4530fab08
train,uniform,30,66,202610310066,0,,train/uniform/n30/uniform_n30_0066.tsp,7c31dbcd5456ecf328fdc26de892dce1e6ec49ba9202484f6cca71936496c7f6
train,uniform,30,67,202610310067,0,,train/uniform/n30/uniform_n30_0067.tsp,4a34dc4ec7d443273feffc87028655dfcfeffe5417708b48146000c94d60f0e7
train,uniform,30,68,202610310068,0,,train/uniform/n30/uniform_n30_0068.tsp,99ae61162a3db5251b043706715b7084d38ade77506802f3f11a06ee741e4740
train,uniform,30,69,202610310069,0,,train/uniform/n30/uniform_n30_0069.tsp,f62f238f37b62fea7d533782ee0bf0db419f13fa289c5831f9600b32cb747376
train,uniform,30,70,202610310070,0,,train/uniform/n30/uniform_n30_0070.tsp,d7ca6aeaeb27013883578204f089c3d7b98f90addf19476b684e90a36c32dcf7
train,uniform,30,71,202610310071,0,,train/uniform/n30/uniform_n30_0071.tsp,f53805cdc94879bc9c31f0460bc6c3759efcd95e2846ffafde2cf78903fd7bc3
train,uniform,30,72,202610310072,0,,train/uniform/n30/uniform_n30_0072.tsp,e698129a3ae9752f301d2b995bbde1276de831dbcc7b58818a4ae3436efb3eab
train,uniform,30,73,202610310073,0,,train/uniform/n30/uniform_n30_0073.tsp,8d70bee32d2dbd562e3be11bc06c9f9bc936af0a2046572d4d80f82f7a55a8bc
train,uniform,30,74,202610310074,0,,train/uniform/n30/uniform_n30_0074.tsp,8a926b4b08d19af95833f933d7df359ff441d68532db581fe7399dd8c4413a1c
train,uniform,30,75,202610310075,0,,train/uniform/n30/uniform_n30_0075.tsp,0039f561005dd6da231b3c33a9ef83608a513b2c03294fc25f823b9f13d7bc92
train,uniform,30,76,202610310076,0,,train/uniform/n30/uniform_n30_0076.tsp,eea07a2f212772b6a9a5d3c4e5779636fe04a9bca305cdfbd72d388e4f07e168
train,uniform,30,77,202610310077,0,,train/uniform/n30/uniform_n30_0077.tsp,893c69097b1b038b741674de53a5ce6971956df388392cf3d612ef785ffc0783
train,uniform,30,78,202610310078,0,,train/uniform/n30/uniform_n30_0078.tsp,b609cd3f9d96650496a6f80f6bd71026493a6d086fb1c2094bfd8031f19ddb8e
train,uniform,30,79,202610310079,0,,train/uniform/n30/uniform_n30_0079.tsp,65dc408bdeb1a7431ce751802c28907fd1b667ee16b9d0515e15de67b89a2e6f
train,uniform,30,80,202610310080,0,,train/uniform/n30/uniform_n30_0080.tsp,11043e960fef0a6396e89da618dbb2e15ecd2aa8e9d6e333e04d95ab411b8070
train,uniform,30,81,202610310081,0,,train/uniform/n30/uniform_n30_0081.tsp,20a783d99ed93b40efbf04baa6479e9ab67016942b3194ac454a452afeb406bb
train,uniform,30,82,202610310082,0,,train/uniform/n30/uniform_n30_0082.tsp,0744f01eb82eeb41ed7e62d88a3e1c67ff10488d207b1979572a377a9f3f4419
train,uniform,30,83,202610310083,0,,train/uniform/n30/uniform_n30_0083.tsp,ee463e07269724f3aac1be1a3610e0a7c82ba0853c829b09e9c91e2c6c6dffde
train,uniform,30,84,202610310084,0,,train/uniform/n30/uniform_n30_0084.tsp,ec333a9b9fdafc2dfc541ad1c0badebbf5e5f60a2d0ecd9cb4f357011b655a07
train,uniform,30,85,202610310085,0,,train/uniform/n30/uniform_n30_0085.tsp,bf845f8b87c914aa7b6eb85b4cdfddd6b0e875a08ad0fbfd60dad2621724faaa
train,uniform,30,86,202610310086,0,,train/uniform/n30/uniform_n30_0086.tsp,558e9688dded4424173ca70380aaad9325ef8fd73023a75bde09ecd2a4ef9b4b
train,uniform,30,87,202610310087,0,,train/uniform/n30/uniform_n30_0087.tsp,be40039e5328cbec1d8b45ee7088aafa11531f652c494f925488562d25e4c43d
train,uniform,30,88,202610310088,0,,train/uniform/n30/uniform_n30_0088.tsp,62fbc308236bf226eb71ef3c8cfd2c8c7c70bb4b6d8d051d37650c64a1bc1f41
train,uniform,30,89,202610310089,0,,train/uniform/n30/uniform_n30_0089.tsp,8e1e6efbad78fa010a71697b4bb97131581e6c180d1c5b3c2a5daf15c9573d6d
train,uniform,30,90,202610310090,0,,train/uniform/n30/uniform_n30_0090.tsp,38bf713640ef72e220691024185684282ef3c1adb9dd29ee592d67a8476eafd1
train,uniform,30,91,202610310091,0,,train/uniform/n30/uniform_n30_0091.tsp,1ce07c911b917229dadd1722b3d29fe418714ff596d8cc5f470fce32b9a56b0a
train,uniform,30,92,202610310092,0,,train/uniform/n30/uniform_n30_0092.tsp,e9a625834737b8b421035b6f3397cd002855284f94b75359c9543f7e4274c62f
train,uniform,30,93,202610310093,0,,train/uniform/n30/uniform_n30_0093.tsp,c55f339b9af8635171e383a13086641e147f80ec809aa250763448bb66c5a27b
train,uniform,30,94,202610310094,0,,train/uniform/n30/uniform_n30_0094.tsp,3671e7226d3af07fba4877a50dc5e277daa64ea009851ac94a11bbb2e7f8004c
train,uniform,30,95,202610310095,0,,train/uniform/n30/uniform_n30_0095.tsp,ee26b923fdda034b24e73e75e4c9a4a213c285e2be2224f10a585669827a56a1
train,uniform,30,96,202610310096,0,,train/uniform/n30/uniform_n30_0096.tsp,169d599aac199022213c9f5930eb55b954138ae06de9eddf0623851a54f2b1c8
train,uniform,30,97,202610310097,0,,train/uniform/n30/uniform_n30_0097.tsp,a0a7bec8c02c8d375524fa680a609f2b9753d1100d6660e265e13c841aca5cd1
train,uniform,30,98,202610310098,0,,train/uniform/n30/uniform_n30_0098.tsp,c5ed853a85e6f51b6edac955cd425c0254a1e34c113e1ae104a3518ec3943c8f
train,uniform,30,99,202610310099,0,,train/uniform/n30/uniform_n30_0099.tsp,61d3cc90d329aec75a80b7f293671ef3b460d145b375fe367336151f2f8195e5
train,uniform,30,100,202610310100,0,,train/uniform/n30/uniform_n30_0100.tsp,5d2a9398578622cef202e93c1a0e344f69cb63af07abf17b84b112de7bbac556
train,uniform,30,101,202610310101,0,,train/uniform/n30/uniform_n30_0101.tsp,0de70886b5293517c50fbe92a41ef160b177896429df695f3497c41307819c77
train,uniform,30,102,202610310102,0,,train/uniform/n30/uniform_n30_0102.tsp,f1e38ea852b0ffeeb5f4a466be4fb82c03fe8fef1e8ff15142869312d2f90609
train,uniform,30,103,202610310103,0,,train/uniform/n30/uniform_n30_0103.tsp,b18d005c25d7348a19cde68800392abb81b4e4d75ac5908c3ba456b36c2f8608
train,uniform,30,104,202610310104,0,,train/uniform/n30/uniform_n30_0104.tsp,925848668cbcd461a0dbe19d9199cbef785d99f9a0995d81ebc7d07623ad10bc
train,uniform,30,105,202610310105,0,,train/uniform/n30/uniform_n30_0105.tsp,15543235218bd51883a2f3b2d20216c8ed14fc203ee24520c43e72a9783eca99
train,uniform,30,106,202610310106,0,,train/uniform/n30/uniform_n30_0106.tsp,4f83951dfa17cf38c1f45d50db3d4a053050f5c114823dd46795b075b47b6f5b
train,uniform,30,107,202610310107,0,,train/uniform/n30/uniform_n30_0107.tsp,19e7419e352eaa0d3eeb98c356be3b0d7bf989e546bde740c14b32aba765326d
train,uniform,30,108,202610310108,0,,train/uniform/n30/uniform_n30_0108.tsp,ed7af407456e3ae610e8c91cf32b9af10cb831e0db7903d954647c4546d8a55c
train,uniform,30,109,202610310109,0,,train/uniform/n30/uniform_n30_0109.tsp,985b335a7b077fb0166f149e38a3337a76248eb6c41a5625412bbfb39241ba87
train,uniform,30,110,202610310110,0,,train/uniform/n30/uniform_n30_0110.tsp,151ef8e6f6768b50ee481e2278b633cbfdaf78ae0a5cbefbb4a2af133ca30cff
train,uniform,30,111,202610310111,0,,train/uniform/n30/uniform_n30_0111.tsp,0026884d29c1a2e652e36b54ccb0e42aff300f173bbd1a7de01d6117d1269535
train,uniform,30,112,202610310112,0,,train/uniform/n30/uniform_n30_0112.tsp,8d1d5f23d8ad0f6cdfa217e0409dfe9267273d794687dbe76fc47720e4ea6829
train,uniform,30,113,202610310113,0,,train/uniform/n30/uniform_n30_0113.tsp,2e7dd573c02b552080fffae48887120ebc5fb67ea0d39a16e33916c7f6a55c10
train,uniform,30,114,202610310114,0,,train/uniform/n30/uniform_n30_0114.tsp,73781497f29a044a0c832c20a405980efee3c31a9f5a20b76b589310900696b1
train,uniform,30,115,202610310115,0,,train/uniform/n30/uniform_n30_0115.tsp,a2b79c1a99e6696a72f2c0c13594e25707f0ed5e101ada1608e65a0c84faccd2
train,uniform,30,116,202610310116,0,,train/uniform/n30/uniform_n30_0116.tsp,9bff13c4d875e9bfa855c96c4f291d8b433f46c84a76b342e9e535ce9d48b00c
train,uniform,30,117,202610310117,0,,train/uniform/n30/uniform_n30_0117.tsp,32daf57dd016917cea3cde10e1d1bb8a46b51b680468d7a1ab21b6cdd4a9a7ce
train,uniform,30,118,202610310118,0,,train/uniform/n30/uniform_n30_0118.tsp,fdafc7721d8333d45a06e21e80e7252265e6eccd5b3a44f18f0f5a17be452478
train,uniform,30,119,202610310119,0,,train/uniform/n30/uniform_n30_0119.tsp,0869c58f32255e508b1cc3dba4eda1b1ce5266ab213013e0eb77915f7e898c60
train,uniform,30,120,202610310120,0,,train/uniform/n30/uniform_n30_0120.tsp,c67d9ef8f8bd723ff31a57e17b3e71a8b4e8c9fa532139caeeedbabb900234f9
train,uniform,30,121,202610310121,0,,train/uniform/n30/uniform_n30_0121.tsp,d04bfcb5aab3305baf6c5340b8a0e74139c68c1e12c5df1160bf06754dc3de13
train,uniform,30,122,202610310122,0,,train/uniform/n30/uniform_n30_0122.tsp,fe455dbcfa19e7f18631e3308eea02782bb79e88600fa80eb553414650545121
train,uniform,30,123,202610310123,0,,train/uniform/n30/uniform_n30_0123.tsp,e2dfa98c36bc521a0f6d106db38b849b17358bfb941e1554c920de362b001fd2
train,uniform,30,124,202610310124,0,,train/uniform/n30/uniform_n30_0124.tsp,31498d6ae37852ecab22b0f3612239ede37938f4de06b60deaaf1aabd0d2aace
train,uniform,30,125,202610310125,0,,train/uniform/n30/uniform_n30_0125.tsp,e04330b8c56b602117c666fc6e96bf4c94bb23b687d42afa1a61e370c7edd295
train,uniform,30,126,202610310126,0,,train/uniform/n30/uniform_n30_0126.tsp,01fd459012d7b4f5d385c988bd3b268ceb2f6278d62633f121e487148784d88c
train,uniform,30,127,202610310127,0,,train/uniform/n30/uniform_n30_0127.tsp,fda6dfaf7497f764c2a9062086c15b5e1849373879807d69faf046e73ee831db
train,uniform,30,128,202610310128,0,,train/uniform/n30/uniform_n30_0128.tsp,536bb05d3075889e37b703e7cd58222a9f6972c12a7ac1f992036e0353af81a9
train,uniform,30,129,202610310129,0,,train/uniform/n30/uniform_n30_0129.tsp,fd0a56aa20d5a84e12fba72660483d699e6d0f851c072a49b35001412397392f
train,uniform,30,130,202610310130,0,,train/uniform/n30/uniform_n30_0130.tsp,2a564f561639092416e913ae8300e4acba36e55a5245ea99a40cf038dc54e4cc
train,uniform,30,131,202610310131,0,,train/uniform/n30/uniform_n30_0131.tsp,2880f1dee8737eb5070176853aa782a7164f5ca6eae214bafeb717a8c014cf98
train,uniform,30,132,202610310132,0,,train/uniform/n30/uniform_n30_0132.tsp,6ce6268323752e1ee7fc2ab8c01843737312d55dd37ced0834baf50e9f708fb6
train,uniform,30,133,202610310133,0,,train/uniform/n30/uniform_n30_0133.tsp,0d995368bfef4d3673089ed9183e438b1c7f41d3b9ce01b980f5837b8df06dd9
train,uniform,30,134,202610310134,0,,train/uniform/n30/uniform_n30_0134.tsp,1a0681239e985112004f2686c146de2c40a09a1763f1d8f4425bc01d20848d9a
train,uniform,30,135,202610310135,0,,train/uniform/n30/uniform_n30_0135.tsp,bb8f3e0669937dccfd7d9de8b1f63c4ca6a3d35086596977e5d27ee10d86cd28
train,uniform,30,136,202610310136,0,,train/uniform/n30/uniform_n30_0136.tsp,f54eb70f1739195ee2d510fe25781b6d5aa2feda3d4770c72dcf67b1aa127af7
train,uniform,30,137,202610310137,0,,train/uniform/n30/uniform_n30_0137.tsp,d7108768832bc4524e3242dcc5486c3eb712f67349762de628a19c41e939bbba
train,uniform,30,138,202610310138,0,,train/uniform/n30/uniform_n30_0138.tsp,5e95e5d89be9f23d17523e47e67a8b56c46969270895439d654d21d500d42aae
train,uniform,30,139,202610310139,0,,train/uniform/n30/uniform_n30_0139.tsp,acabbd8ae00207d137f02a907499f8ca5e2fdc51385d19b0fb78f0a46c3a1213
train,uniform,30,140,202610310140,0,,train/uniform/n30/uniform_n30_0140.tsp,65a098c973e9e0adbe606f0f992298379206b8e8873c2e3b0afe93380b536657
train,uniform,30,141,202610310141,0,,train/uniform/n30/uniform_n30_0141.tsp,6078e82d17ab542f226e80be7ec6491339b85c856d495a6d2572e7e8d6add70a
train,uniform,30,142,202610310142,0,,train/uniform/n30/uniform_n30_0142.tsp,48674382d544f18d89cc4307ecdfbefed0259f5eaebbb1a1cbcb9616b174e526
train,uniform,30,143,202610310143,0,,train/uniform/n30/uniform_n30_0143.tsp,d16def5cc5ea29eed7e71fa3c7daf7552cf1aa570abd02320b902bdda555baed
train,uniform,30,144,202610310144,0,,train/uniform/n30/uniform_n30_0144.tsp,c7250eef1c4a3776257aa496b502e033b958bd3e5da2c542eb91bed8ae8e7fd1
train,uniform,30,145,202610310145,0,,train/uniform/n30/uniform_n30_0145.tsp,8c68c1a03d702be3f5cd365c99c6ed1e6deb160b857cd49f74f35df370aa92cb
train,uniform,30,146,202610310146,0,,train/uniform/n30/uniform_n30_0146.tsp,a05065d81eab92087b1da39cfad11e6dbfc48e2e34c374f7fd46bc70a8c1129f
train,uniform,30,147,202610310147,0,,train/uniform/n30/uniform_n30_0147.tsp,46295ef0fc6e76d1fc60e013712dc50fda55ac8032c1c0fb25be34ea3dee695c
train,uniform,30,148,202610310148,0,,train/uniform/n30/uniform_n30_0148.tsp,c49f483468c83af3ecc9c7c0c57f24dea3a6f6e7f83ab3c424df48692497c015
train,uniform,30,149,202610310149,0,,train/uniform/n30/uniform_n30_0149.tsp,f7b044ed53719ce51f62a685aec9a3dd0f98c81bb67f65248cca03bc8d47a1bd
train,uniform,30,150,202610310150,0,,train/uniform/n30/uniform_n30_0150.tsp,887e0fe93c29f689c5bcde4037758df31da0cecedf5f6e542caa218a097f06f7
train,uniform,30,151,202610310151,0,,train/uniform/n30/uniform_n30_0151.tsp,d44c915eb9511489220e1f3cdf90f2c1ed0d939610f83c9e8a520c9276f75372
train,uniform,30,152,202610310152,0,,train/uniform/n30/uniform_n30_0152.tsp,8ffcd68fcc4c748d4ba593f0d460956b8f6bb0ff820a6cc8cdb1c14e062a0593
train,uniform,30,153,202610310153,0,,train/uniform/n30/uniform_n30_0153.tsp,0c73fb9c6cacb01e9e6cc83b9c1bfac00a72aeff91aa92c8f1c148b288945627
train,uniform,30,154,202610310154,0,,train/uniform/n30/uniform_n30_0154.tsp,ad6c369428cd348fb726f43105d15d4897329dc3de1fcb193c7808bbc0931aeb
train,uniform,30,155,202610310155,0,,train/uniform/n30/uniform_n30_0155.tsp,f27c02cb82de026e262319269cf22716d97f34e856dbf15896cc5eeb20c94e34
train,uniform,30,156,202610310156,0,,train/uniform/n30/uniform_n30_0156.tsp,871bab38fc13f78cd426821d7fda66225a5a3e6c9d2d6be3c1224b4e3ca7dce5
train,uniform,30,157,202610310157,0,,train/uniform/n30/uniform_n30_0157.tsp,a0d4dca37a28c9ebd6a4eb2db00b04bbf489f96ee29f518d1a2980ae9971208d
train,uniform,30,158,202610310158,0,,train/uniform/n30/uniform_n30_0158.tsp,0cfa60771cb935f612915cc806d9e7e620ae550e809cdb742687192de4492520
train,uniform,30,159,202610310159,0,,train/uniform/n30/uniform_n30_0159.tsp,3b38b57ac15eb8334b1b36da2ccf817695a69e5b2ba627d08593b55272f3b0bd
train,uniform,30,160,202610310160,0,,train/uniform/n30/uniform_n30_0160.tsp,4c178751492691be843d25a2caa7f01718369edcaddaeb0583c07968b2e75279
train,uniform,30,161,202610310161,0,,train/uniform/n30/uniform_n30_0161.tsp,d16fe6ca314937e9d4d9764e349c3f51ace09d893677272bd5fd4fbe6307c863
train,uniform,30,162,202610310162,0,,train/uniform/n30/uniform_n30_0162.tsp,f8a4b901f0613ac66940a3dea3a892bf245e4df63d7607f3f3d9645be8c070f3
train,uniform,30,163,202610310163,0,,train/uniform/n30/uniform_n30_0163.tsp,2e5e76851a34c3ffd5e027df1a91febcbd1f9409ae58c96855eaca13e7b63d40
train,uniform,30,164,202610310164,0,,train/uniform/n30/uniform_n30_0164.tsp,52fd7969f4af34f10639c9db5e4f9a1b6f1cb47f14b22cd2bad93413ddd982c3
train,uniform,30,165,202610310165,0,,train/uniform/n30/uniform_n30_0165.tsp,a9b5a0eea332d1437179a26f893d226aa9efac8d2d3a1cfafbbda4349697905f
train,uniform,30,166,202610310166,0,,train/uniform/n30/uniform_n30_0166.tsp,1fdad54b0e094b35ff13132b7a406e44002f6703ee345f75f749f878a206dac3
train,uniform,30,167,202610310167,0,,train/uniform/n30/uniform_n30_0167.tsp,8eda70fd61663a4c6066c1184d2f0393a40614e2578d33fc09b758f8c5d25472
train,uniform,30,168,202610310168,0,,train/uniform/n30/uniform_n30_0168.tsp,f2eb5c575c01fdf7a5ed0bd6fa56e2d942fd36b8e020c484ebca3096c777a1a7
train,uniform,30,169,202610310169,0,,train/uniform/n30/uniform_n30_0169.tsp,d2d1d5f9b5ba8b57172aeb19045731210efba04cc1e47e3c5629f5b9eda6ee81
train,uniform,30,170,202610310170,0,,train/uniform/n30/uniform_n30_0170.tsp,cdacb915b2d10844abac2c83a1e0213b7f08daff56e680b1aa30901ab681b11d
train,uniform,30,171,202610310171,0,,train/uniform/n30/uniform_n30_0171.tsp,61f9d1867d250b77e1d7d80380906733bbc8059ad9ac864d8ed73d97d1a6d7d7
train,uniform,30,172,202610310172,0,,train/uniform/n30/uniform_n30_0172.tsp,8b059771674fa4db3c9bdd0160c40215702c7cdad5e5095924e0e18ac600e4cb
train,uniform,30,173,202610310173,0,,train/uniform/n30/uniform_n30_0173.tsp,332a764d8f48b0995c339a18854feab176af4bd1e4ae841eb6fcb446a82086e2
train,uniform,30,174,202610310174,0,,train/uniform/n30/uniform_n30_0174.tsp,7f289b33d0226af3996d317c86f3f72616c22e9f25cf42d0784a2208572a1993
train,uniform,30,175,202610310175,0,,train/uniform/n30/uniform_n30_0175.tsp,5245e91955923bc0d669f3ce0b600596ecade83dad6588415df61ef594f75fa6
train,uniform,30,176,202610310176,0,,train/uniform/n30/uniform_n30_0176.tsp,8c4d6d8efe3c2e5589d627c09b9a31f7eb457d10d8549dc9ee9aaadfd666d105
train,uniform,30,177,202610310177,0,,train/uniform/n30/uniform_n30_0177.tsp,d51807e67e45b90060c2d9fc4c6a407ae93b1559e570981204dd915f2c97426c
train,uniform,30,178,202610310178,0,,train/uniform/n30/uniform_n30_0178.tsp,aa490cfc28d62f604c2ebd6ae88f685e0973bc0c279c549340081674ebfa9fce
train,uniform,30,179,202610310179,0,,train/uniform/n30/uniform_n30_0179.tsp,bbe400da746af863ff4cba4f9ffea199b19ac763b9d7281fcb4cea7fc1234b2f
train,uniform,30,180,202610310180,0,,train/uniform/n30/uniform_n30_0180.tsp,78db359b033fce41c342471c5d2fb81350cbbf909e3c323b3bfa470a23fe519d
train,uniform,30,181,202610310181,0,,train/uniform/n30/uniform_n30_0181.tsp,08489ba5e8def327c76da2aed30d59be8d37626108f18ccb832bb304280d8ac4
train,uniform,30,182,202610310182,0,,train/uniform/n30/uniform_n30_0182.tsp,6c81b4d092159668cf212314653193c2c31cb56a221ffec8bcf72c8bc7bfbe81
train,uniform,30,183,202610310183,0,,train/uniform/n30/uniform_n30_0183.tsp,8e5f22f8947b14d3ea894f6f4b187c6915813f3ab5470293e3d895aba242e8d0
train,uniform,30,184,202610310184,0,,train/uniform/n30/uniform_n30_0184.tsp,b82c6403215310e83b7dbb45deaec5f52def7920edd04d862fa78f2ef9495bf9
train,uniform,30,185,202610310185,0,,train/uniform/n30/uniform_n30_0185.tsp,6ebed721177d550f304e6049004f1a9a2d124f446fa4b8b98bc2725b33d460d8
train,uniform,30,186,202610310186,0,,train/uniform/n30/uniform_n30_0186.tsp,e270fb9b2dc93171867ed1c98e588c7eb43ed2703769b26001fc46c5906bfa42
train,uniform,30,187,202610310187,0,,train/uniform/n30/uniform_n30_0187.tsp,23c77f58ee7e9da9a9b300e9e215af8e7e9ca00166822316892320e2c202f70c
train,uniform,30,188,202610310188,0,,train/uniform/n30/uniform_n30_0188.tsp,d100ee7c708a257838fa305701ca0e6efcb8f2ead8441dc36813ea27eda2e72e
train,uniform,30,189,202610310189,0,,train/uniform/n30/uniform_n30_0189.tsp,f9d477ac41117b08a51dccfcca40ba07037c09d6966932c33c4a38b89dc86054
train,uniform,30,190,202610310190,0,,train/uniform/n30/uniform_n30_0190.tsp,72eefbe20303e0a6f3529267ff0aad295694050babc008581c35382326ecb168
train,uniform,30,191,202610310191,0,,train/uniform/n30/uniform_n30_0191.tsp,dfecd5a78ec38b031a7ed97bd704a246b2b3461517025c01801f2a01d2d8b7e6
train,uniform,30,192,202610310192,0,,train/uniform/n30/uniform_n30_0192.tsp,461e3531c5d5f2655a8306105ae5a983220b0f76b4a44b61f4d1da2b46420f82
train,uniform,30,193,202610310193,0,,train/uniform/n30/uniform_n30_0193.tsp,4f93a29fb1edd07bf2d84feac5b14f9fdc5a3659ce4606d6369116ababc0262c
train,uniform,30,194,202610310194,0,,train/uniform/n30/uniform_n30_0194.tsp,aa439b288fa8e256ff8e25728f3d837ec77831edc01f60fbe62f5079699f4c11
train,uniform,30,195,202610310195,0,,train/uniform/n30/uniform_n30_0195.tsp,5e213b70915b590ddf0857a80ac5932512c264ac198cfa6d8185412686056e85
train,uniform,30,196,202610310196,0,,train/uniform/n30/uniform_n30_0196.tsp,a165677e468ad99e9ad65e38d7b44aab3e41d66b0f3e548f75514cca8724c6f6
train,uniform,30,197,202610310197,0,,train/uniform/n30/uniform_n30_0197.tsp,0a1b937097006387adbda722e6e0ee0f69e80b2dc2eec39d40b8ea32a32eb02c
train,uniform,30,198,202610310198,0,,train/uniform/n30/uniform_n30_0198.tsp,b3fc9f98a4025c8a5d8550e59ecf8ee07c1f42c0d04f6642bbb9f4d1ffacd460
train,uniform,30,199,202610310199,0,,train/uniform/n30/uniform_n30_0199.tsp,b756939fd6c26f49e0c5ac949bc1758b4f8b7a26cb3dbf920643ce1a0e32b9b9
train,uniform,30,200,202610310200,0,,train/uniform/n30/uniform_n30_0200.tsp,e80ccd41d8c132dae32845aac7254bc9fcec908e772ec1cbfbfa7463d3efbdf1
train,uniform,30,201,202610310201,0,,train/uniform/n30/uniform_n30_0201.tsp,480b2308497f8130cb883927262f5a1be17d4c3ae37a792b10e48bd44fc3e943
train,uniform,30,202,202610310202,0,,train/uniform/n30/uniform_n30_0202.tsp,5e3c001bcfec7d466c862d5910651ff4ead6ba256c3138591883b857ddb3edad
train,uniform,30,203,202610310203,0,,train/uniform/n30/uniform_n30_0203.tsp,020a5d13565d5c9750e98f2fe9bdfb5e17dbcf00c958c4582680c362c95917e8
train,uniform,30,204,202610310204,0,,train/uniform/n30/uniform_n30_0204.tsp,4d66798927beaa5c30a02b0ae840635d92a1d12f1b66005a4b83e826c4088f34
train,uniform,30,205,202610310205,0,,train/uniform/n30/uniform_n30_0205.tsp,9839c14aa289d470c5791ab782b4182f1542644b50fe3254f75afbf2cc5a57cc
train,uniform,30,206,202610310206,0,,train/uniform/n30/uniform_n30_0206.tsp,d268dc57470e705e44739f7c4d48c9552d754ec483c4b82a6b91155aeb5a4c30
train,uniform,30,207,202610310207,0,,train/uniform/n30/uniform_n30_0207.tsp,863d580e17713572100ce6a36ecf31a59e1158753fe4c38137ed03c35149e1e9
train,uniform,30,208,202610310208,0,,train/uniform/n30/uniform_n30_0208.tsp,2eaeaf1e262aba627960b2443b5376490ea101ccd35ed96e42df6eb0e260296e
train,uniform,30,209,202610310209,0,,train/uniform/n30/uniform_n30_0209.tsp,8e5b641fecb91033a454091def18306b74333494ce22045363f5ace6fca0651c
train,uniform,30,210,202610310210,0,,train/uniform/n30/uniform_n30_0210.tsp,77a46f57d6c790b2f527bf8305755676af5035426487318a28ead375debcbc01
train,uniform,30,211,202610310211,0,,train/uniform/n30/uniform_n30_0211.tsp,348bd38ec5a3e16505556fdc7a342df6cbbc8502b5b6109750d8656d90c7d7aa
train,uniform,30,212,202610310212,0,,train/uniform/n30/uniform_n30_0212.tsp,1deee6061aafc5106b0eb242d18b0c53f0f1f571ddb1af07ebd99c3a24dc35ad
train,uniform,30,213,202610310213,0,,train/uniform/n30/uniform_n30_0213.tsp,3eb4bdf3b84bd947f8202969454c8512b3e4dfe80366aa36e0eb93775457f329
train,uniform,30,214,202610310214,0,,train/uniform/n30/uniform_n30_0214.tsp,d2a48d7b345dd08c293a217af75bfcd553338c5ef34f524191da56b7516c1df5
train,uniform,30,215,202610310215,0,,train/uniform/n30/uniform_n30_0215.tsp,48ab8a9a0ddce7e404a1a15f6785e515ac2c0754813ba12229f60224277d82f8
train,uniform,30,216,202610310216,0,,train/uniform/n30/uniform_n30_0216.tsp,87576213574424f536ac85f27145dbbd6cc9aa8554c9da6c2e43d696d45b2008
train,uniform,30,217,202610310217,0,,train/uniform/n30/uniform_n30_0217.tsp,2f0526597936dbcebc003505cdec087bd1bd0434ca0c8e5fb760677000433c5e
train,uniform,30,218,202610310218,0,,train/uniform/n30/uniform_n30_0218.tsp,6b6596b225776cce7db212490f6fc10d878c7b096dbafd539c8840e53b3eef6e
train,uniform,30,219,202610310219,0,,train/uniform/n30/uniform_n30_0219.tsp,106131ede65b44f7bfa9399b031606365a2cfa0625805b9773cfb87caf10f5db
train,uniform,30,220,202610310220,0,,train/uniform/n30/uniform_n30_0220.tsp,df848e38455ea7c98b281c104340da8f4831c470656d04327a20d7840756afa9
train,uniform,30,221,202610310221,0,,train/uniform/n30/uniform_n30_0221.tsp,0cc320d1c6b9c801dbc64edcd29414b97efb79186f1f70140505ce13e881bfdd
train,uniform,30,222,202610310222,0,,train/uniform/n30/uniform_n30_0222.tsp,15593e021ef02d696a01d576665e0f49b04f2604b30a1775cffcc41badb56c17
train,uniform,30,223,202610310223,0,,train/uniform/n30/uniform_n30_0223.tsp,e8e946c74ba6a17f6fa61a65d2d39cf03dab616856a328711fe420e939b0b5f1
train,uniform,30,224,202610310224,0,,train/uniform/n30/uniform_n30_0224.tsp,2cd494507b644452c65e0edf215ce4a1969d317f84d99f8257454547a94c1868
train,uniform,30,225,202610310225,0,,train/uniform/n30/uniform_n30_0225.tsp,c6e80ece57f359dce049494bdbfb5a28acf8e49a15ed51c5b147b1bdb8454623
train,uniform,30,226,202610310226,0,,train/uniform/n30/uniform_n30_0226.tsp,0f0cca81f81ad492999efdd2aa8288b13a90335a76f697b404d4df2548af3908
train,uniform,30,227,202610310227,0,,train/uniform/n30/uniform_n30_0227.tsp,6c5328fd7ff1d6fc73ab7933b44329700794c56c9379ca8b8835cc260071ab94
train,uniform,30,228,202610310228,0,,train/uniform/n30/uniform_n30_0228.tsp,91dc1794cf170fe4ac5b572671b2965a5c079ea42de6022fe8c187b95dfd642e
train,uniform,30,229,202610310229,0,,train/uniform/n30/uniform_n30_0229.tsp,698a231fb55aa29fb52501ee99f7543d18abd712c94cba4ea32fe7e852bfbb73
train,uniform,30,230,202610310230,0,,train/uniform/n30/uniform_n30_0230.tsp,fdbff553a8b769265f1436837548ae7f05bbb309d47cf7258cf464da5d1098c5
train,uniform,30,231,202610310231,0,,train/uniform/n30/uniform_n30_0231.tsp,066fe278a7704af96e426a59c1bc701069306fcdb2ab036530c0ecf4a61bfa55
train,uniform,30,232,202610310232,0,,train/uniform/n30/uniform_n30_0232.tsp,1bea6dfec5e198c82343249d9273b084a0f9b3cfb01f5057c5decc3b02894b64
train,uniform,30,233,202610310233,0,,train/uniform/n30/uniform_n30_0233.tsp,a40e85e569e2a7bc512072d5272cc7ee14e4a5cd8b259a8d420c621f16bbf38f
train,uniform,30,234,202610310234,0,,train/uniform/n30/uniform_n30_0234.tsp,8b71da0339908d79790fae42b5f8bf397a381ad788d034a932f9f62fb82729b5
train,uniform,30,235,202610310235,0,,train/uniform/n30/uniform_n30_0235.tsp,d42a0b6680f7ce9267bd064b0d744d3cfb04fe6d394cae2de170241f2a4757dc
train,uniform,30,236,202610310236,0,,train/uniform/n30/uniform_n30_0236.tsp,4d26bac7b128869443f30d52ff852cca2e30061fe503bd610daaf96b5c151e86
train,uniform,30,237,202610310237,0,,train/uniform/n30/uniform_n30_0237.tsp,ba7245d03046c98613e9097ef5ec2e936aa474a2552c4b45748b4b9efc3127b4
train,uniform,30,238,202610310238,0,,train/uniform/n30/uniform_n30_0238.tsp,f89fb4ec01244fbc6dce10ab2c01486bb87daa044f3cf9b1535ef51549a8e384
train,uniform,30,239,202610310239,0,,train/uniform/n30/uniform_n30_0239.tsp,e0fdd6f907a7a014f8742c4adbf50e3a1a0086e35dcd639eb3d0cb4dae7a7acf
train,uniform,30,240,202610310240,0,,train/uniform/n30/uniform_n30_0240.tsp,dd8703aa04aec62d03a1a6ecd0d107c1ec7c9148ab5b3819a3045c6c89417763
train,uniform,30,241,202610310241,0,,train/uniform/n30/uniform_n30_0241.tsp,a044a6c238384d81ab3787de7b31f3852447c0bbb47a407946e20316059ceafe
train,uniform,30,242,202610310242,0,,train/uniform/n30/uniform_n30_0242.tsp,f68218627d2b6998c6ccb73abe2df9eeaf3bd51a30e62743d00c5b88286af511
train,uniform,30,243,202610310243,0,,train/uniform/n30/uniform_n30_0243.tsp,7afc1fdd3366f09da84d37442be8cd8a8a6690740c2daf16275f774fa9e2269f
train,uniform,30,244,202610310244,0,,train/uniform/n30/uniform_n30_0244.tsp,69dddf26fefb39e8c31c872eb816d08bf16fbdfeb4966e0828f47dc9190934d6
train,uniform,30,245,202610310245,0,,train/uniform/n30/uniform_n30_0245.tsp,45479852b7bed794703f20f279d610a42e38c3f7aabaef98d6818ddb3e2d5bc5
train,uniform,30,246,202610310246,0,,train/uniform/n30/uniform_n30_0246.tsp,8febf0406d0907ba46602461189af717b4eb382b35519b7e142d438c6669bd4d
train,uniform,30,247,202610310247,0,,train/uniform/n30/uniform_n30_0247.tsp,59d62d123e06806154806018f7a0935ca1adad4d5821f8dc27e2d698b5e276ae
train,uniform,30,248,202610310248,0,,train/uniform/n30/uniform_n30_0248.tsp,4ef8eb43f8f3e50b1fbe92802111b8a66c39f1b9ee33e5ca32cb0a032bf71745
train,uniform,30,249,202610310249,0,,train/uniform/n30/uniform_n30_0249.tsp,ebd71a9e6e489d8999a952a53f4fb68f0a56c520fd44ac3f798b09d342a2cec3
train,uniform,30,250,202610310250,0,,train/uniform/n30/uniform_n30_0250.tsp,c98c2c58c5eba8272da2efb512ba7816a220dae202b871c4d0b7f045c26ebfe3
train,uniform,30,251,202610310251,0,,train/uniform/n30/uniform_n30_0251.tsp,a52e34461d5c8e9db438638e30ddb73b2b397657b80f7d531806cf452b19b7a0
train,uniform,30,252,202610310252,0,,train/uniform/n30/uniform_n30_0252.tsp,ca4e847068643f298ca133619a8737cce53a2bf4675b53852e3f2039769a13ba
train,uniform,30,253,202610310253,0,,train/uniform/n30/uniform_n30_0253.tsp,a6a009e8db4fba4f117f137c718f184b35ef1bfe4a0389f66bf9c77f24705507
train,uniform,30,254,202610310254,0,,train/uniform/n30/uniform_n30_0254.tsp,13f30f084187b96512ce5dbe8ee3121331b25bda9c6bf68a4315d4f75b334115
train,uniform,30,255,202610310255,0,,train/uniform/n30/uniform_n30_0255.tsp,af5acc5ffb68106b408ebd9773df278b398c58c32b6b43dedde579a90d8b3e32
train,uniform,30,256,202610310256,0,,train/uniform/n30/uniform_n30_0256.tsp,d8884a827ce82a6fadb7df088f3eb5edb35b37078115e0ce6bd6a0743ee7b821
train,uniform,30,257,202610310257,0,,train/uniform/n30/uniform_n30_0257.tsp,8180deb36ca6120f454e77781196196d6e0dac426eef863e647baf30784086e2
train,uniform,30,258,202610310258,0,,train/uniform/n30/uniform_n30_0258.tsp,757ed2caa35cafb80c61df23dc1df0ef0383e4bc5d9dbdd186bee7a104e458cc
train,uniform,30,259,202610310259,0,,train/uniform/n30/uniform_n30_0259.tsp,e0a7c7a6c8bd0b12244057388e379521369957ee4bcdbc12fd890d94a77d3fcd
train,uniform,30,260,202610310260,0,,train/uniform/n30/uniform_n30_0260.tsp,d08ddeef50a8b6052670deebd130c428b1b585feac88a804014bf20668da5e7d
train,uniform,30,261,202610310261,0,,train/uniform/n30/uniform_n30_0261.tsp,ce2e174dc0fd347a28a88b8e904347b1e15c934e414fd4ae17657e1c54214552
train,uniform,30,262,202610310262,0,,train/uniform/n30/uniform_n30_0262.tsp,a0019c1f99fa089f1939d3c917e544660ce8c008b1d0744b6f1fa98d5c62c24c
train,uniform,30,263,202610310263,0,,train/uniform/n30/uniform_n30_0263.tsp,2e807335418ebd8c54e6f671b59aa1224b67df0bbb11ce73024c76d37fc9458f
train,uniform,30,264,202610310264,0,,train/uniform/n30/uniform_n30_0264.tsp,2c3fa4298a83aca86357770ac0661fd0847544aaff17eed655643d0caf5b9d7d
train,uniform,30,265,202610310265,0,,train/uniform/n30/uniform_n30_0265.tsp,5bffaaf064a2d2bb49b7ca5bf194b0f853ab15cc0ab0c8db6e35a062f8e7162e
train,uniform,30,266,202610310266,0,,train/uniform/n30/uniform_n30_0266.tsp,c47c7105d491ec86e6656af8ad494a7e836dd7f205b9b476d1644a3c2c4c144f
train,uniform,30,267,202610310267,0,,train/uniform/n30/uniform_n30_0267.tsp,bfca4f8b3be18e4c1c9b7a498b8ad15b1fc8a52154d70170e1e09432592b7755
train,uniform,30,268,202610310268,0,,train/uniform/n30/uniform_n30_0268.tsp,48b0533888d0e0447c69e7aee88dba8de0f27fa971e3e26ba51daa4ab07d3bc6
train,uniform,30,269,202610310269,0,,train/uniform/n30/uniform_n30_0269.tsp,8a3ecd4556947a0bc40052d986b979e6e53064bc53d6c4da2aa65fc1436bc5c0
train,uniform,30,270,202610310270,0,,train/uniform/n30/uniform_n30_0270.tsp,d3b737257a280d45c1173d78ded0562646e7e252f98077689a7ca462dfa32869
train,uniform,30,271,202610310271,0,,train/uniform/n30/uniform_n30_0271.tsp,a26fec3ff166ae6b7880d794e7bdb62fc40e17d5ecac15e2537dc9fa72d3b1ea
train,uniform,30,272,202610310272,0,,train/uniform/n30/uniform_n30_0272.tsp,8ab23a0822f8d933e908050c3c8aacf8f9499a07153f6382cc8d898b9a965466
train,uniform,30,273,202610310273,0,,train/uniform/n30/uniform_n30_0273.tsp,a57ac02ed069a6b8a0fbce8c752d40304b11ab93edcdd377d8f0539ace8c5830
train,uniform,30,274,202610310274,0,,train/uniform/n30/uniform_n30_0274.tsp,eb9f96924665e3ab0993dc612d67cfa5e0f9929b5a066f112f54660d7f477a5a
train,uniform,30,275,202610310275,0,,train/uniform/n30/uniform_n30_0275.tsp,c59604d41e3173babcced836ef943f578257c12118826c4b97287c6db529e350
train,uniform,30,276,202610310276,0,,train/uniform/n30/uniform_n30_0276.tsp,0bb69cd9d32ba2de8665ead1012a8abb426b24b7ad0884320205b7014ff33427
train,uniform,30,277,202610310277,0,,train/uniform/n30/uniform_n30_0277.tsp,f99050d4bed3c02055267aa600536f915a11a3ec1136f86739a27c45c0e73f02
train,uniform,30,278,202610310278,0,,train/uniform/n30/uniform_n30_0278.tsp,3f56913439f5c8fe599f871a8041c2124a9c7ce3833f2906d9679cd8ffeb8ade
train,uniform,30,279,202610310279,0,,train/uniform/n30/uniform_n30_0279.tsp,d506df25e2b69544e7a2c2944e8dcf330d96ffc075aa5a5999b019d428c9ba2b
train,uniform,30,280,202610310280,0,,train/uniform/n30/uniform_n30_0280.tsp,9e809b7bfd58cbb74c0d79fb78749ba4c59d5570d1a2cad2556ba16f63aa1f06
train,uniform,30,281,202610310281,0,,train/uniform/n30/uniform_n30_0281.tsp,055a9606e7fd8a33979bec4f8c76df662181a4d75ca198b06367191b5063ec20
train,uniform,30,282,202610310282,0,,train/uniform/n30/uniform_n30_0282.tsp,8ac52a8379a56c22f536ed5509a70de85d444ee8f4d2c455c9e14aeab5b30a93
train,uniform,30,283,202610310283,0,,train/uniform/n30/uniform_n30_0283.tsp,d07df2241d4f370d57935c53181ed025cfa6c63aafec663274ed49d4083181fb
train,uniform,30,284,202610310284,0,,train/uniform/n30/uniform_n30_0284.tsp,65c222ba14c6a1493d5ca2f9f741673b94890adce45f0f40fa9dca2e255d4c97
train,uniform,30,285,202610310285,0,,train/uniform/n30/uniform_n30_0285.tsp,3b1a36033f80e7f0230b90a681096e3eb733b15ef5f43ea35088726846a9455a
train,uniform,30,286,202610310286,0,,train/uniform/n30/uniform_n30_0286.tsp,548c3cc9a8d3f0dbe6c1fd6f8ee27cdc68530a6f481a2e58a3d07c983527cebd
train,uniform,30,287,202610310287,0,,train/uniform/n30/uniform_n30_0287.tsp,895674ae6aa67f80712d0f3a2ccb92606b82e02eb8e29f514df5b1f7734d13f3
train,uniform,30,288,202610310288,0,,train/uniform/n30/uniform_n30_0288.tsp,c9a6d34a2bada59eb3bb7538e6cc45cdda05c0045e181fb268a4bd9b04e66251
train,uniform,30,289,202610310289,0,,train/uniform/n30/uniform_n30_0289.tsp,07a73280854abb7afe9a796d1c2117a476731dfeb1d14a8b90caaa345ab576db
train,uniform,30,290,202610310290,0,,train/uniform/n30/uniform_n30_0290.tsp,477cca8536c96fa19a7a710bc2e60b51f3927c59115c0d729590934c899d5f7a
train,uniform,30,291,202610310291,0,,train/uniform/n30/uniform_n30_0291.tsp,b857c52d273edac630affc3884fcdc5b785770a5658cedffc65236c1585030c5
train,uniform,30,292,202610310292,0,,train/uniform/n30/uniform_n30_0292.tsp,5fa71a32c53623167fb7aaa7d62225be6c08f4b9b0245796fafa21ab9a659f5b
train,uniform,30,293,202610310293,0,,train/uniform/n30/uniform_n30_0293.tsp,9fbcf502802271b40e07b54d5a2afefda6d93257ffe7f813354889dd90bf235b
train,uniform,30,294,202610310294,0,,train/uniform/n30/uniform_n30_0294.tsp,d38baf9475dfbf29ee8e5d77ad7bac82de3ed62da1503eb593a3b26743472923
train,uniform,30,295,202610310295,0,,train/uniform/n30/uniform_n30_0295.tsp,cfb1a2a5c9aace168a03ac2eb6538de89fc0280bfa419a486edd60bf73538bb2
train,uniform,30,296,202610310296,0,,train/uniform/n30/uniform_n30_0296.tsp,462f882233ba983ad51d5eef8def7263c1556e30cec33180d1288f2200c59114
train,uniform,30,297,202610310297,0,,train/uniform/n30/uniform_n30_0297.tsp,f324c6a464ec583b64c9cc40dc29373143df22fa04379393dbef4b29e3f5ecbf
train,uniform,30,298,202610310298,0,,train/uniform/n30/uniform_n30_0298.tsp,cf156c3b3201bee330f98dd09ebef229056bb5e452c81dcc387fbbb1b5a4d3ac
train,uniform,30,299,202610310299,0,,train/uniform/n30/uniform_n30_0299.tsp,1b627b0ab0b501529d52d5fbc4fbb08383c08b9f8285ed313cbf443cc132cf18
train,uniform,30,300,202610310300,0,,train/uniform/n30/uniform_n30_0300.tsp,0c07a56ce1bc42b71801fb10a58d2efac41e1eeb0dbde60139a7d849b6b58f34
train,uniform,30,301,202610310301,0,,train/uniform/n30/uniform_n30_0301.tsp,dad3f97e0b49beea2d1f9f292ad04f2ad2a27876c7be2b24a1b160da27e3cc66
train,uniform,30,302,202610310302,0,,train/uniform/n30/uniform_n30_0302.tsp,731ca4a0365e9b2827cac4ddde32d2067ebe03d9c3fc835f9e51568a60c040be
train,uniform,30,303,202610310303,0,,train/uniform/n30/uniform_n30_0303.tsp,28a00c90b37bce61d11bc6ba1c39aae2924569409121cf35b26396e442e7d166
train,uniform,30,304,202610310304,0,,train/uniform/n30/uniform_n30_0304.tsp,0afa308d9b3ea079299a372b582dd807b7cc1d4095add881686b4b867de479e6
train,uniform,30,305,202610310305,0,,train/uniform/n30/uniform_n30_0305.tsp,f899e166d9e8ebb3bc028dd1bbfeac781af7f25b08ffa61e67332a7d7c09101a
train,uniform,30,306,202610310306,0,,train/uniform/n30/uniform_n30_0306.tsp,dcf0f6b1fc18301b99e81e72363859fe51d3f0880aaecaefbdbc570ede330785
train,uniform,30,307,202610310307,0,,train/uniform/n30/uniform_n30_0307.tsp,4a354c5badc25a815c1199967dd6e39dc745a4d0c38dc9c1ff42fd0b1655ca20
train,uniform,30,308,202610310308,0,,train/uniform/n30/uniform_n30_0308.tsp,9f6bdfc2984d4b23c17eadf15abe70e22a0af928d8725a5441cc0894b1883561
train,uniform,30,309,202610310309,0,,train/uniform/n30/uniform_n30_0309.tsp,f1770fa9a9d9eaf153bc533dfdcac0030351636f607064da08c17712486d69cd
train,uniform,30,310,202610310310,0,,train/uniform/n30/uniform_n30_0310.tsp,d6f88ea31ee9941712fe3396ad4ea4639335ee4b4998b56a3359355dfe38d2d4
train,uniform,30,311,202610310311,0,,train/uniform/n30/uniform_n30_0311.tsp,d43c763031a02cb70a2b7e4bc7bfadefd1d4d7d7c17324b1187b770774c5f32a
train,uniform,30,312,202610310312,0,,train/uniform/n30/uniform_n30_0312.tsp,c3c9be4f60ed7e9d66634e9e3ea866a8cfcb9bdff21256001502ff03247d2526
train,uniform,30,313,202610310313,0,,train/uniform/n30/uniform_n30_0313.tsp,26a490e28fbd46ff6c86fd022e5ba05cba43040e4fd5c318369a8bb7441fdc39
train,uniform,30,314,202610310314,0,,train/uniform/n30/uniform_n30_0314.tsp,eab990bac6b837a5d1262de8c391478b1c01ff33996cc1a063d59eaa7e88bbf9
train,uniform,30,315,202610310315,0,,train/uniform/n30/uniform_n30_0315.tsp,286c1eabde03b9f052b8de0ea8f15403d508ec7011863319b663d85f2fa271ca
train,uniform,30,316,202610310316,0,,train/uniform/n30/uniform_n30_0316.tsp,b96e0dbd0f86090f73ef71703c1e0d6279a8490e949dcacb912575162da1956a
train,uniform,30,317,202610310317,0,,train/uniform/n30/uniform_n30_0317.tsp,b399bd9cc871a4e32a3f4df8932c9ddbdfbea49c87538eb022c1d42aa9f068c3
train,uniform,30,318,202610310318,0,,train/uniform/n30/uniform_n30_0318.tsp,70028cdb32f6ca1b45d1f98837dcf2975375751a2c2e01dac71be279fe892947
train,uniform,30,319,202610310319,0,,train/uniform/n30/uniform_n30_0319.tsp,a60ddaaadbfdbe817c9820da3510a5b957becf5101d4add10a71aff097f170e5
train,uniform,30,320,202610310320,0,,train/uniform/n30/uniform_n30_0320.tsp,9fed3f6bddb5b2d807f0ce3662aec170697c9cf6e99348e0b6f4d232f0844671
train,uniform,30,321,202610310321,0,,train/uniform/n30/uniform_n30_0321.tsp,cc3086090d7ef20894a6e6f2e56c7d1fe48c60da827e58af884dcc5a9ac80630
train,uniform,30,322,202610310322,0,,train/uniform/n30/uniform_n30_0322.tsp,483c61e1fcf82fd4de960775d41d8bef8b9f111190405c50c8deaf39e1ad48ce
train,uniform,30,323,202610310323,0,,train/uniform/n30/uniform_n30_0323.tsp,999d65b8c5c97c230f98f03a3d76be6741f5cc9e5b1de9cc8fc00faa5fab1057
train,uniform,30,324,202610310324,0,,train/uniform/n30/uniform_n30_0324.tsp,62186f2b595ad31e20c540117a4fbb094fbf6feefecf7d384c2343212c133e71
train,uniform,30,325,202610310325,0,,train/uniform/n30/uniform_n30_0325.tsp,d3a1186ba17c575b091cb734e505164e07661392d58d0d198de7a59afd719015
train,uniform,30,326,202610310326,0,,train/uniform/n30/uniform_n30_0326.tsp,e10fde44a85bfcd359fbc30a9edbafee2a2b0eb0bb23ff23c295a03cb26a25fe
train,uniform,30,327,202610310327,0,,train/uniform/n30/uniform_n30_0327.tsp,40b8f806e5a3a5450d2e9beae82803cf18c652dc5ac459eaeaf6ecabd72fddf9
train,uniform,30,328,202610310328,0,,train/uniform/n30/uniform_n30_0328.tsp,56653f1d16b746110b22d7723b2423fd8ecd24471ebc0625bdd368c6d2f527c4
train,uniform,30,329,202610310329,0,,train/uniform/n30/uniform_n30_0329.tsp,3ed88aa3a790225f92e7ed490516caf814f9073a8fe7b10568f88b3938890b2a
train,uniform,30,330,202610310330,0,,train/uniform/n30/uniform_n30_0330.tsp,1e6aed84fa10fdb17d77f7648aab737042050b8156534e673f1318286940f76f
train,uniform,30,331,202610310331,0,,train/uniform/n30/uniform_n30_0331.tsp,380e0929ff4156e93476fa5f9291617d2bc1de7417aa2323c1367ccade578c4a
train,uniform,30,332,202610310332,0,,train/uniform/n30/uniform_n30_0332.tsp,f9402beb49eada655fb8c83231307ed4fe22c22f3e2ac0043c4fb4cc232818b0
train,uniform,30,333,202610310333,0,,train/uniform/n30/uniform_n30_0333.tsp,ff2a5803b69e3cbe12dd43ae29631c8ffcc9aae519c205c7dd32f9dc9695436e
train,uniform,30,334,202610310334,0,,train/uniform/n30/uniform_n30_0334.tsp,05ce01e04f9820cd7c328f3d6430dd3372f96a6550a2a26b24b74f3ce9108b87
train,uniform,30,335,202610310335,0,,train/uniform/n30/uniform_n30_0335.tsp,697bb900ad355e60fa5e61c3709bc4f8fe6aaca4e5f6705f25f24ce808eabd44
train,uniform,30,336,202610310336,0,,train/uniform/n30/uniform_n30_0336.tsp,397b5b54ace7c5fc1eaa8eae12ed88e6bd4d57b10734cfe7c2f59da2a2be0ce6
train,uniform,30,337,202610310337,0,,train/uniform/n30/uniform_n30_0337.tsp,27ff82e3345ed6ef516a756ef7d75ed62d3e3cef1384be0bab5e68fc4f2fd2ba
train,uniform,30,338,202610310338,0,,train/uniform/n30/uniform_n30_0338.tsp,3f010df36b9ffe17d6d7a104a9acb1c2e57e2692c632ab19e18bb7594e98d206
train,uniform,30,339,202610310339,0,,train/uniform/n30/uniform_n30_0339.tsp,6c3c3494588e07046c7057b6366553da1a9c9465034541e8660f3021096d1235
train,uniform,30,340,202610310340,0,,train/uniform/n30/uniform_n30_0340.tsp,1200e635236e674fd28f761901ef79469482ede0fa18e307c30cf2b4c10d6cef
train,uniform,30,341,202610310341,0,,train/uniform/n30/uniform_n30_0341.tsp,e8f98042ec5f0db894f14505cddcc0f2382924087c9e79c77bf6ae0a76b328dc
train,uniform,30,342,202610310342,0,,train/uniform/n30/uniform_n30_0342.tsp,0a17799fc5e9499bca33b30e7dd0ba0f2a64d640142fa2d3b1c1162165359fe9
train,uniform,30,343,202610310343,0,,train/uniform/n30/uniform_n30_0343.tsp,3367cbe21f59295cae8069fb12ab2b8a67291aed0314d0b3bb76d970630353a7
train,uniform,30,344,202610310344,0,,train/uniform/n30/uniform_n30_0344.tsp,793ee287745291560cebe93c1b5c1b29d1977fdfec7ca233068d9f0cc6a300ab
train,uniform,30,345,202610310345,0,,train/uniform/n30/uniform_n30_0345.tsp,ed3df3aca31491816164be1690d6c6165d5007a4ff231b8564444242b7e2942e
train,uniform,30,346,202610310346,0,,train/uniform/n30/uniform_n30_0346.tsp,a8d3632afdc3f276a35779a984d1640dba583fe36f2a7dd5fc36ece067a27f2d
train,uniform,30,347,202610310347,0,,train/uniform/n30/uniform_n30_0347.tsp,aa70f900192c07204ade292ab67cb5449e68066b235b05a11d2175d28e4efaf6
train,uniform,30,348,202610310348,0,,train/uniform/n30/uniform_n30_0348.tsp,5f8fea5ee0456c5747e425086551219105aacc92f850086dd9684655902990e5
train,uniform,30,349,202610310349,0,,train/uniform/n30/uniform_n30_0349.tsp,80ca80ce00d3867d48ddc5770b64419508b9c77709f3c9d61c1816e865b4295a
train,uniform,30,350,202610310350,0,,train/uniform/n30/uniform_n30_0350.tsp,314e18a28789ab07368d7e7cd896f4b42096da232e753760a85df3229f3dae01
train,uniform,30,351,202610310351,0,,train/uniform/n30/uniform_n30_0351.tsp,2211d9b89a3f1e2c61f657eabbb838518146d26a7b998020e2a380348fa2adf3
train,uniform,30,352,202610310352,0,,train/uniform/n30/uniform_n30_0352.tsp,787989bb48d5363643fcb4933ec201af618b4a2de189c2e8765290a0da2b307b
train,uniform,30,353,202610310353,0,,train/uniform/n30/uniform_n30_0353.tsp,71bc27748a578bdd9466c4d29a5d44aa25f618c8c5f5784fcc94548991af3340
train,uniform,30,354,202610310354,0,,train/uniform/n30/uniform_n30_0354.tsp,2671b9aff60c867cfda6f2631527cbb2dc2060514d24b2fcdf3b8f61bc06bbb1
train,uniform,30,355,202610310355,0,,train/uniform/n30/uniform_n30_0355.tsp,559e197337e37b0dd81ec980f07a5385832f26a44102f8ecf8453b98d106c2d1
train,uniform,30,356,202610310356,0,,train/uniform/n30/uniform_n30_0356.tsp,b64b58314f682e3e39addfc7b5006469f02940be38062d314e07b0710c712f18
train,uniform,30,357,202610310357,0,,train/uniform/n30/uniform_n30_0357.tsp,bc73c6f449f22a318a357afa2cd69a0958e31848048c2710d7fee867f9c57f31
train,uniform,30,358,202610310358,0,,train/uniform/n30/uniform_n30_0358.tsp,41bd8355f091121918cb1e25699a5c2cf07ea5e644c13d5f77763aebbeeae096
train,uniform,30,359,202610310359,0,,train/uniform/n30/uniform_n30_0359.tsp,706693ff4cc3fccd4be3350aa34cc1dee3d8521bfbea2f69c71ce0e505a69bc6
train,uniform,30,360,202610310360,0,,train/uniform/n30/uniform_n30_0360.tsp,778855f89189e1cecbea7f31e11fe35750ae950742989e193cc4ba705d3f2aa3
train,uniform,30,361,202610310361,0,,train/uniform/n30/uniform_n30_0361.tsp,e92c4a5d75ee759b909f1bf57e79a9a4769b3e57008d1dc310981806b831c03a
train,uniform,30,362,202610310362,0,,train/uniform/n30/uniform_n30_0362.tsp,9cd9c78fc6eda7dda0377382041f59697d1ca945402d6a16e5bf5ab2caf5e99d
train,uniform,30,363,202610310363,0,,train/uniform/n30/uniform_n30_0363.tsp,b0feef1cce87e18cc6acaa2896a62f729ae32413616796e1de884725803ae9c0
train,uniform,30,364,202610310364,0,,train/uniform/n30/uniform_n30_0364.tsp,15c03f02b5c8a23e43571e23f773f745a2ac427f4705f777221e0cc49e9102bb
train,uniform,30,365,202610310365,0,,train/uniform/n30/uniform_n30_0365.tsp,64c9c9abd7ce199e47dde0e9f2da67b3f1ace03510c5becf4b4ffd7a748c950b
train,uniform,30,366,202610310366,0,,train/uniform/n30/uniform_n30_0366.tsp,83056fda3237adc08f3c7677f9b64de59aecff234d84738005e14e91ddfaace9
train,uniform,30,367,202610310367,0,,train/uniform/n30/uniform_n30_0367.tsp,6e5c337879423661f97dcefd0549db044e0e763d363c55e4a61c7c0f3e5d6318
train,uniform,30,368,202610310368,0,,train/uniform/n30/uniform_n30_0368.tsp,f78a9b97400e211b9e639b8ea2d8a6d3fceb4a1662c4b25cf9a0d7e1f4c513cf
train,uniform,30,369,202610310369,0,,train/uniform/n30/uniform_n30_0369.tsp,e34667ee6fcfc697fd079087640151747e232d026708d6476aff8912bd4d2382
train,uniform,30,370,202610310370,0,,train/uniform/n30/uniform_n30_0370.tsp,20e7884910105a6b77441bc869e14c24a2968fd5fcc59fcf8fbe36e1653eb0bc
train,uniform,30,371,202610310371,0,,train/uniform/n30/uniform_n30_0371.tsp,ca185125c217b5ee3177f584ddb8b16a48bc65de67cea518f70d039c0d1e4a5e
train,uniform,30,372,202610310372,0,,train/uniform/n30/uniform_n30_0372.tsp,3abd3f45f5d8b3ef76f6b9b5dee50afd64b535eb74d1a49886b23aa2ab936a15
train,uniform,30,373,202610310373,0,,train/uniform/n30/uniform_n30_0373.tsp,15b5034a528c0664ad22709ec8f90a3835f4b9c9fe6637a38278d49ead7ef6f4
train,uniform,30,374,202610310374,0,,train/uniform/n30/uniform_n30_0374.tsp,7f2b17ed5cba41a64e3cb85e8f71462c3af632f828eae2ae41ce630ee51fe493
train,uniform,30,375,202610310375,0,,train/uniform/n30/uniform_n30_0375.tsp,494d95bdaea43178c3b4f31519d9a0346dbf1f1428b433b1b736886adf218724
train,uniform,30,376,202610310376,0,,train/uniform/n30/uniform_n30_0376.tsp,61e766cb9423893569b93f4c9b3a32963c457a609760949bbd006a902818e742
train,uniform,30,377,202610310377,0,,train/uniform/n30/uniform_n30_0377.tsp,6ee06aebaac5f6f5025270ccbfb3accf030948aea473846d549a21f2cd1550b6
train,uniform,30,378,202610310378,0,,train/uniform/n30/uniform_n30_0378.tsp,07f350b7cedd917d1a7e2a2b514d9268827082e2662854de24cb22cdb4a084bc
train,uniform,30,379,202610310379,0,,train/uniform/n30/uniform_n30_0379.tsp,28f61e0d304cb4af3050ce83e008c604f62d9f689c5107064b8b6020e10ec06d
train,uniform,30,380,202610310380,0,,train/uniform/n30/uniform_n30_0380.tsp,636620a9b294ce085f8683d4482c332ac534a0d561a4ea561849fe6aa033b51a
train,uniform,30,381,202610310381,0,,train/uniform/n30/uniform_n30_0381.tsp,a0200a0e1c19ea14a0d2704fc9a655b00a618b07a7ddef35ae582dca6c4d5c41
train,uniform,30,382,202610310382,0,,train/uniform/n30/uniform_n30_0382.tsp,6e980b373b6d33895025bb0a9b49e9edd9ee9efb6ccc0ce41310b03a199dda80
train,uniform,30,383,202610310383,0,,train/uniform/n30/uniform_n30_0383.tsp,b0d870d02481d25a1a959efc88518384bd02d9fe9d1c08d40e6db12e69f824df
train,uniform,30,384,202610310384,0,,train/uniform/n30/uniform_n30_0384.tsp,847a7ce8a24ebb9e6f9f038bba4b8b99cdfcbc3361265d81812789a06ce7de12
train,uniform,30,385,202610310385,0,,train/uniform/n30/uniform_n30_0385.tsp,f1dde9300772065dc606f6d50bcf9aa5f329af911d05ac0118ac036ba3a4e903
train,uniform,30,386,202610310386,0,,train/uniform/n30/uniform_n30_0386.tsp,3faaf3bce919704f5ea41118ae515c796307d174e7b7a33ca186a4a2a3553c43
train,uniform,30,387,202610310387,0,,train/uniform/n30/uniform_n30_0387.tsp,592020e9f40d7c15a9048a46d41203db37db920910f2cbab9180ffc304ad54b4
train,uniform,30,388,202610310388,0,,train/uniform/n30/uniform_n30_0388.tsp,b590b453b4b3e384381e454ca17d99937f17cfab47a31de30afa46fe48ab90b9
train,uniform,30,389,202610310389,0,,train/uniform/n30/uniform_n30_0389.tsp,e5e36a2ca9ed1372281a31bfad1da147cbf6e9bb2c34c74a0d8bd7e3e59d5513
train,uniform,30,390,202610310390,0,,train/uniform/n30/uniform_n30_0390.tsp,7db551837171f35f2f152c5e5f27ef6d1676f47828aaef6053aa5d73972039d7
train,uniform,30,391,202610310391,0,,train/uniform/n30/uniform_n30_0391.tsp,63031f123c42a1de69752283645015252462c46a4f799d6c84b8aebe66571a2b
train,uniform,30,392,202610310392,0,,train/uniform/n30/uniform_n30_0392.tsp,1e8ac21c13bec9b1f8de77c8ae8e2ad446352898c11cefce97401f9a56c1c2cc
train,uniform,30,393,202610310393,0,,train/uniform/n30/uniform_n30_0393.tsp,39aebada10fa0fa63140b7a8f1f74eb958ae34a6f1e45019ebc52eea5c55afb7
train,uniform,30,394,202610310394,0,,train/uniform/n30/uniform_n30_0394.tsp,1b0c17093e840d8f871c15258fabecb77dbda2760190c01378d60127bdd3a88b
train,uniform,30,395,202610310395,0,,train/uniform/n30/uniform_n30_0395.tsp,72bdd9baef65137a46e3445f213424ea632d2f6cc72dfebf8922e22f297e00a5
train,uniform,30,396,202610310396,0,,train/uniform/n30/uniform_n30_0396.tsp,5a808c19c0ba0f844c234bc57d08816252a959fa47f09dc90f0a420341407b3f
train,uniform,30,397,202610310397,0,,train/uniform/n30/uniform_n30_0397.tsp,8190643d558d40e5380aafea02244803b52473d232889a80c825771a63f6e872
train,uniform,30,398,202610310398,0,,train/uniform/n30/uniform_n30_0398.tsp,2f821a517fef66b94985821896dad9ee04beb2910c8b30e8ef5051645e22612a
train,uniform,30,399,202610310399,0,,train/uniform/n30/uniform_n30_0399.tsp,30a6b3408089eba89afc65d1c90956cee8fc6300780b81822bce108038247c77
train,uniform,30,400,202610310400,0,,train/uniform/n30/uniform_n30_0400.tsp,d1dbf1e1abffd3e0bc9fdf13642f681fb47c8cf6f68b512f6b2c6c0f4c13deeb
train,uniform,30,401,202610310401,0,,train/uniform/n30/uniform_n30_0401.tsp,a6de15b6545ba9921087606446f55bb01e3f26e9af6236bc5cbbb33c0c7fe260
train,uniform,30,402,202610310402,0,,train/uniform/n30/uniform_n30_0402.tsp,5e58ad8f0bb2543a99cb7b20333ed87b41dbf1c56b99e5ea78eee700817aa0dd
train,uniform,30,403,202610310403,0,,train/uniform/n30/uniform_n30_0403.tsp,88f0784fdb22536d59169ac158efc6a23c8042a71858cfc73e95ac621e688d67
train,uniform,30,404,202610310404,0,,train/uniform/n30/uniform_n30_0404.tsp,5e8a1d92a10f23a3cb91f7186c91768ae0f481497959b0e7714d83f184239d99
train,uniform,30,405,202610310405,0,,train/uniform/n30/uniform_n30_0405.tsp,e45d9facef4040f8c33f7bcf562b485ff24dcc807706ed347073c52741ff6911
train,uniform,30,406,202610310406,0,,train/uniform/n30/uniform_n30_0406.tsp,8e568d3b137517ee223ad966cf38a8d97d24882e4fd4513d06721812b7bfc719
train,uniform,30,407,202610310407,0,,train/uniform/n30/uniform_n30_0407.tsp,dfde228e096a83dd9014eb90abc6a43d1fd4a46d055b4364b543501678c4807f
train,uniform,30,408,202610310408,0,,train/uniform/n30/uniform_n30_0408.tsp,d9c91ab2e10a1cd05f3378717d2da8f214b77643315de41b0845d667f1ddc830
train,uniform,30,409,202610310409,0,,train/uniform/n30/uniform_n30_0409.tsp,beb7929e2a3be7704e4190f9657d0cd18a7a30e00adb277af175f06983fa72d2
train,uniform,30,410,202610310410,0,,train/uniform/n30/uniform_n30_0410.tsp,d5bd4e6f56b26e515c84fe0f11aefb6b0d7b89a950020d8b1a978a6469d85914
train,uniform,30,411,202610310411,0,,train/uniform/n30/uniform_n30_0411.tsp,bfba0bc128ae129ed97a645338ef3efa98eca0ffd7af90ae4a87730c1ceb5562
train,uniform,30,412,202610310412,0,,train/uniform/n30/uniform_n30_0412.tsp,8b5744625b9b787be2d723341b3e0e37722a2f0fc5970930a576d8b4d8f1ab78
train,uniform,30,413,202610310413,0,,train/uniform/n30/uniform_n30_0413.tsp,198c3e5926b81a9b2b6193f4ea780bbb43de9cf0cb9444d2b81b7d0200128c9e
train,uniform,30,414,202610310414,0,,train/uniform/n30/uniform_n30_0414.tsp,ad564c7307a5756287d534ac36fa8ebf9b359aaef565910cc2cdc318b04a33ef
train,uniform,30,415,202610310415,0,,train/uniform/n30/uniform_n30_0415.tsp,dc231ddc6e7c616d215718a9e5708cb13645d52e65a3a948828ab66e617994b8
train,uniform,30,416,202610310416,0,,train/uniform/n30/uniform_n30_0416.tsp,4896a005466b64221ef1d99ab5c226f79390e2cffc17a73e7138fc9de2247b77
train,uniform,30,417,202610310417,0,,train/uniform/n30/uniform_n30_0417.tsp,acc5eac182d2b0538b5958a9346c464a403a8133a800b0655082c1e7f97081cb
train,uniform,30,418,202610310418,0,,train/uniform/n30/uniform_n30_0418.tsp,e131d02d957a9cfc0125fb9f0af387913bfed6253aec89ed2e85d5d6dc33f564
train,uniform,30,419,202610310419,0,,train/uniform/n30/uniform_n30_0419.tsp,cfc9f302352d2a133b8d1bb502e1496ec5649a2334fff23dc853c52ddb6b9592
train,uniform,30,420,202610310420,0,,train/uniform/n30/uniform_n30_0420.tsp,72b60af75f4f14d855372703dc1a8fbd27984780b930d02e2e74065547f10373
train,uniform,30,421,202610310421,0,,train/uniform/n30/uniform_n30_0421.tsp,0cf8174df49e602a81d670ddd1bd1dbb2a454d4a6847930dc760ee3a6118e48e
train,uniform,30,422,202610310422,0,,train/uniform/n30/uniform_n30_0422.tsp,232913ca324c8326312176e8474e1e02152e8c5f48304af988f3eaaa7f624502
train,uniform,30,423,202610310423,0,,train/uniform/n30/uniform_n30_0423.tsp,a9f14cd10088363c629f94b81c371b0a9a66bd00b1055d3abe52e86ad5cfacb2
train,uniform,30,424,202610310424,0,,train/uniform/n30/uniform_n30_0424.tsp,33c905bb95d4d176a74bf8d4c08dc1b38e9b3c90924eef3db9a5405a94f92c55
train,uniform,30,425,202610310425,0,,train/uniform/n30/uniform_n30_0425.tsp,b3a47569f4b65999b5f387dd886c7fcf8f75e883fb1941898d18b82db1da4d68
train,uniform,30,426,202610310426,0,,train/uniform/n30/uniform_n30_0426.tsp,cdc9243660aea3ea624aac9c42ed187a5586f90581480cfeb7fb26b037c60082
train,uniform,30,427,202610310427,0,,train/uniform/n30/uniform_n30_0427.tsp,a11f15dd9f2373e65eb7d79cfa15e6bd714c65aa5d4132fda7c9cc3c9530e5b6
train,uniform,30,428,202610310428,0,,train/uniform/n30/uniform_n30_0428.tsp,04cf97a845b38ae5a23e3e9cb5f9778e00d341d8dee8c3678a71ab6afbf3e461
train,uniform,30,429,202610310429,0,,train/uniform/n30/uniform_n30_0429.tsp,06e9b7627a4364295a07e97161582076f1faec3bd0a066aa1ebe6f0c5822d56e
train,uniform,30,430,202610310430,0,,train/uniform/n30/uniform_n30_0430.tsp,d58b3df9cfc7fb84e456bb86d7f01aa42ce1bdad3873ee3aec4aa8225ddbf5a3
train,uniform,30,431,202610310431,0,,train/uniform/n30/uniform_n30_0431.tsp,5c8e5ce663df27fae3f96c9b3bd7e035e52a75da9c62d11f504491f902d6647a
train,uniform,30,432,202610310432,0,,train/uniform/n30/uniform_n30_0432.tsp,f112cdfa33986763e9d044c8c322445cb0c814acf846e9351bec8da06c726ba1
train,uniform,30,433,202610310433,0,,train/uniform/n30/uniform_n30_0433.tsp,fd69fe87e3e1681ff14a13175d3610033f398df433bba5c69d4607e9a7359d6e
train,uniform,30,434,202610310434,0,,train/uniform/n30/uniform_n30_0434.tsp,f76f4248b863ce724e77d928f39b402e96633d1f8a311d37288144d20dc44fbf
train,uniform,30,435,202610310435,0,,train/uniform/n30/uniform_n30_0435.tsp,e2a009944002d5a5b7f678ee002193afd4412e01e78c01eb9cd6d311c8a6d7d8
train,uniform,30,436,202610310436,0,,train/uniform/n30/uniform_n30_0436.tsp,ca998f86512c5fb1c382295b146f08d2298dbcf4ee67695b099fc1dff8064432
train,uniform,30,437,202610310437,0,,train/uniform/n30/uniform_n30_0437.tsp,af9d93d30b0c8bce7624389352107c12763bc4fea232172c7630124f0f5caf2a
train,uniform,30,438,202610310438,0,,train/uniform/n30/uniform_n30_0438.tsp,4a2ee131530e71c2a285ab2745e872e082058610da967645b23f57bd42091007
train,uniform,30,439,202610310439,0,,train/uniform/n30/uniform_n30_0439.tsp,e3164cb1610bdefe1209e9d3189c03a1ec289d072726d9de77741f382f728c5a
train,uniform,30,440,202610310440,0,,train/uniform/n30/uniform_n30_0440.tsp,6659abb906dc9a8aca92bcd9a779499a668c0abde613ca512a52128df031c85e
train,uniform,30,441,202610310441,0,,train/uniform/n30/uniform_n30_0441.tsp,686c5a77a35d8c29535bae0f670aed6e5153a78cec3d867a55c5fd65415a86e8
train,uniform,30,442,202610310442,0,,train/uniform/n30/uniform_n30_0442.tsp,8a4042d36294d7518e6dfc7b0bbae689cc2a4a5b8703d8cf1b1c56d83969f142
train,uniform,30,443,202610310443,0,,train/uniform/n30/uniform_n30_0443.tsp,4535c4e4a5f62613a69f9766e4c70eee11eeb80ef1d4f8b107530a99e44cf6a5
train,uniform,30,444,202610310444,0,,train/uniform/n30/uniform_n30_0444.tsp,69ae00a2d0cae8d7ae41c831df85c743a3bf1e26e230a277841462cc83b67a2a
train,uniform,30,445,202610310445,0,,train/uniform/n30/uniform_n30_0445.tsp,11477bf2928c546d5d0bc5feaa510dc70c8ad8ba7f2808b298a8e1ec5cb22515
train,uniform,30,446,202610310446,0,,train/uniform/n30/uniform_n30_0446.tsp,6c9f920ca2fc59bead7a84b3a18e779fd352b4a0cd2b5a00e84ec2bcebf23404
train,uniform,30,447,202610310447,0,,train/uniform/n30/uniform_n30_0447.tsp,52d29d80e32a8ef63c73f4836d35e873f5b9d42ca86c0cfe0301e276dd4f7193
train,uniform,30,448,202610310448,0,,train/uniform/n30/uniform_n30_0448.tsp,4e03dec974933cdf7d1b138806fa197573df83ea477f0b6a84b1361d31a54354
train,uniform,30,449,202610310449,0,,train/uniform/n30/uniform_n30_0449.tsp,9442eea3fc839c581808f7e52cb3693c1b83678d2975bc920d7ea52cf4a0ad79
train,uniform,30,450,202610310450,0,,train/uniform/n30/uniform_n30_0450.tsp,36b1e2312fbcbe9346f86c9f2280b8125bc99a4e800d57ae31d1a962246d20cd
train,uniform,30,451,202610310451,0,,train/uniform/n30/uniform_n30_0451.tsp,4f5f074482ebea4fd95bd5f42a7933612db4d1b6263c1b3aaf7b4d330350f33d
train,uniform,30,452,202610310452,0,,train/uniform/n30/uniform_n30_0452.tsp,9c1304cd6d8832d048552393fc6bfa79c2a947c8aa48c434d10d1b3a37d5b2db
train,uniform,30,453,202610310453,0,,train/uniform/n30/uniform_n30_0453.tsp,69f9c473513d71425cb45a08e77de14e3ee6584e51758edde80b90df3d8fcca4
train,uniform,30,454,202610310454,0,,train/uniform/n30/uniform_n30_0454.tsp,b022e8b22cffea127022a741909c07c0efac1ebfe01814b33af90904f56c5fd4
train,uniform,30,455,202610310455,0,,train/uniform/n30/uniform_n30_0455.tsp,98a036895083890a51acb9d775624e46e8998b945f76182c78d0ab176f3bfbaa
train,uniform,30,456,202610310456,0,,train/uniform/n30/uniform_n30_0456.tsp,f1cfc6ae3bfd5579e0f090c52835613b586e22609973607cf11dbecab3cf6139
train,uniform,30,457,202610310457,0,,train/uniform/n30/uniform_n30_0457.tsp,35aaf80dd1cbfc533677852fda00d8907c06192edfe9568a63e7b044e9d52127
train,uniform,30,458,202610310458,0,,train/uniform/n30/uniform_n30_0458.tsp,62367ebd3e18a9a2dc2ad8eecc6e86aeaea8aaa9ab75a32241e03468e7abfe0b
train,uniform,30,459,202610310459,0,,train/uniform/n30/uniform_n30_0459.tsp,b388eddd9ff57681904d11509620c91111787288d8f7b461ad9e3adeb59232d1
train,uniform,30,460,202610310460,0,,train/uniform/n30/uniform_n30_0460.tsp,2b82bbc1fdf080ffb71b64c6f98a066ec194356befe34a37221d8a683861247d
train,uniform,30,461,202610310461,0,,train/uniform/n30/uniform_n30_0461.tsp,ef43f33fb543bd8d274c9577eeaf61baef22828cee6c29240421cb3684f9700c
train,uniform,30,462,202610310462,0,,train/uniform/n30/uniform_n30_0462.tsp,395228eccea8582f577904629f56728887bd6ccf256a6fa4550952dfadad7405
train,uniform,30,463,202610310463,0,,train/uniform/n30/uniform_n30_0463.tsp,20efdde9c8e870f970b440b69ade56977df01ede6b9fd4d182d363a858e743a1
train,uniform,30,464,202610310464,0,,train/uniform/n30/uniform_n30_0464.tsp,d820eee769a73f16207bf5985af0e27a10781a8bf109a60a270dc5501bf45c75
train,uniform,30,465,202610310465,0,,train/uniform/n30/uniform_n30_0465.tsp,5171dedda704bc2275289fb94c2186b03108151f8896bd65e1ab8e47fac48139
train,uniform,30,466,202610310466,0,,train/uniform/n30/uniform_n30_0466.tsp,e0d2bb4badaff765491bf9e498bf260eb39202e76b551add217614d152162f54
train,uniform,30,467,202610310467,0,,train/uniform/n30/uniform_n30_0467.tsp,1031b47dfb396ea241806bc1b696d9957d02efbfddf9b84a06a47f275ea6b4e6
train,uniform,30,468,202610310468,0,,train/uniform/n30/uniform_n30_0468.tsp,f07dd1713fbd9538e78ec565d2dc5cc7a41d7489f465261009d8fa100784f98b
train,uniform,30,469,202610310469,0,,train/uniform/n30/uniform_n30_0469.tsp,577877fde373941e1b0d60b04a2ad5857eb3f10cf5ed83875e2d7ec905a784f4
train,uniform,30,470,202610310470,0,,train/uniform/n30/uniform_n30_0470.tsp,fe08390e05a568b71fa6350c219f17df3c83e76841d3a554db8639473fa36e7c
train,uniform,30,471,202610310471,0,,train/uniform/n30/uniform_n30_0471.tsp,0bf8f34b98b4c9e5a22048ad21b39cac68cbf6d07f61ceeed5b9e90f44dc6571
train,uniform,30,472,202610310472,0,,train/uniform/n30/uniform_n30_0472.tsp,98c0bf7cd0224f1608572a2fc750de7bb88bd39a7d3617ac4d396ea9e23cb6ca
train,uniform,30,473,202610310473,0,,train/uniform/n30/uniform_n30_0473.tsp,346360c39d725a394b34793800b1d5ccb85ee25b60486ce1799babd948c1b2c0
train,uniform,30,474,202610310474,0,,train/uniform/n30/uniform_n30_0474.tsp,958e421af0553a5824bcaaa8560d3533d364256a469517679794b25cf25ce190
train,uniform,30,475,202610310475,0,,train/uniform/n30/uniform_n30_0475.tsp,ea856c525c01bf08c57f23a5692c04ea82218ac2a6c6ea25ad189025ec87efd2
train,uniform,30,476,202610310476,0,,train/uniform/n30/uniform_n30_0476.tsp,a9ca8be8597b7ecb16cf0a722b34ac6736a7931f51ba458633fcdf9817dbdbb6
train,uniform,30,477,202610310477,0,,train/uniform/n30/uniform_n30_0477.tsp,1038d68a1f269c9ff6805a8ceb6fe18e4fa9c0e6267b0c246e8e23f7b14911e3
train,uniform,30,478,202610310478,0,,train/uniform/n30/uniform_n30_0478.tsp,5465239d6a69e4ffc37217dba93c4d34f583eabc6ba44f6bcd98aa09b00e5b21
train,uniform,30,479,202610310479,0,,train/uniform/n30/uniform_n30_0479.tsp,342ce1be416ffbd790f78a1f01e201aa1c39373078e173c963909e140011409b
train,uniform,30,480,202610310480,0,,train/uniform/n30/uniform_n30_0480.tsp,713c13c54b3e8be04d39e10c487aa83d3c4b90d926c6e1e07f92480233c39a8b
train,uniform,30,481,202610310481,0,,train/uniform/n30/uniform_n30_0481.tsp,c36b914ea00672ed2493eb666bf7bee39b2855148dcf0ac2d9e2f8d08172aed4
train,uniform,30,482,202610310482,0,,train/uniform/n30/uniform_n30_0482.tsp,be1fe8ae8e5f365d50bce09b992062a31df65e58075c170fcf9888a2a8592f09
train,uniform,30,483,202610310483,0,,train/uniform/n30/uniform_n30_0483.tsp,204872be6e4d2f8d40cf063693a040e4ecfd630d18cc10c5e703978b194628fd
train,uniform,30,484,202610310484,0,,train/uniform/n30/uniform_n30_0484.tsp,02f654d97dc17df85f8423ec4b067803e98895b5a1ebb7c2474a213102077a11
train,uniform,30,485,202610310485,0,,train/uniform/n30/uniform_n30_0485.tsp,a2b87e6fc1191c78c79d0079af893497333237c916bb2e16a3258652a5f9679e
train,uniform,30,486,202610310486,0,,train/uniform/n30/uniform_n30_0486.tsp,9791ff6700585d3f9d8e571bff0af15228d1b413414c2b5503b245dc2c7810ba
train,uniform,30,487,202610310487,0,,train/uniform/n30/uniform_n30_0487.tsp,37b4ea26cf92b9b12fb959429aa25ac11ea595c404207ea171ac0ff5b277f76d
train,uniform,30,488,202610310488,0,,train/uniform/n30/uniform_n30_0488.tsp,e94a8b7179f1edf62ad2e1e2c16b15e8470dd09b4555caad633a79e398df685b
train,uniform,30,489,202610310489,0,,train/uniform/n30/uniform_n30_0489.tsp,55417d7c5b1fd3b2151edcf74f345238e8c399581d7079e0f7918aeb80822d82
train,uniform,30,490,202610310490,0,,train/uniform/n30/uniform_n30_0490.tsp,32f9a2698fe6d1f8131ee00ba5740085d103851173a71fc6e40d84e905b0a4cd
train,uniform,30,491,202610310491,0,,train/uniform/n30/uniform_n30_0491.tsp,7955b8b0f4370656a8303c086bc6163354dd3d110420c97727a693b90c292a39
train,uniform,30,492,202610310492,0,,train/uniform/n30/uniform_n30_0492.tsp,a6d0dde8d6fa1eecac2219d73a0436c70e47c40e534f164f9e61845ffe172145
train,uniform,30,493,202610310493,0,,train/uniform/n30/uniform_n30_0493.tsp,2659b099971488f71f254191488fb3ef416ec4f513259f829cc2869554897be3
train,uniform,30,494,202610310494,0,,train/uniform/n30/uniform_n30_0494.tsp,f57b2622bdc8339a28118bf4ea67108e74842cbcf7805aed1bdfd86034442ac3
train,uniform,30,495,202610310495,0,,train/uniform/n30/uniform_n30_0495.tsp,9b8827e5e272465c3c1ec3fc40e60de88281b97dbc79a03a7b39f895df28548c
train,uniform,30,496,202610310496,0,,train/uniform/n30/uniform_n30_0496.tsp,d39b28ca7c6c7a77af87e1aad53d010cb7375637d66077e02f3741eb525ca3e2
train,uniform,30,497,202610310497,0,,train/uniform/n30/uniform_n30_0497.tsp,3c583f5fb7dcbb0936cb4882e2680da9f281283470edaf9a95de24b739e5c655
train,uniform,30,498,202610310498,0,,train/uniform/n30/uniform_n30_0498.tsp,aad468bc7fc3b295786a397437fee4decec4a82170bb8c8ab0be284d4b5ed9c2
train,uniform,30,499,202610310499,0,,train/uniform/n30/uniform_n30_0499.tsp,83055415ee6cfbcb5a59657534736c32406db6836083d4de9e8deeb6756c7472
train,uniform,50,0,202610510000,0,,train/uniform/n50/uniform_n50_0000.tsp,ca673a3c81ea7b9995f3ce1c1aa60e2ab482ab693aa2b161ff9273bbed331b6b
train,uniform,50,1,202610510001,0,,train/uniform/n50/uniform_n50_0001.tsp,ba770eadb0216d92868848f6b81e736ac802f38a2849872a0f39e3eb6743ef8a
train,uniform,50,2,202610510002,0,,train/uniform/n50/uniform_n50_0002.tsp,d0e4db15561d4fec5e5edc8381f7726fef733072871f87a03ff9c6df4042fcc6
train,uniform,50,3,202610510003,0,,train/uniform/n50/uniform_n50_0003.tsp,69430f60c4e5f6e783c5f5be906f68bd3d9d81c8d576b1da3dafe905d92686eb
train,uniform,50,4,202610510004,0,,train/uniform/n50/uniform_n50_0004.tsp,920b5daad504d5b69370baf9edf37fbe649d0ac426623cb153e8dd1e5a8b7487
train,uniform,50,5,202610510005,0,,train/uniform/n50/uniform_n50_0005.tsp,9b0fefeba87eb51f957f316f8419442e6e84fbaa800198efa761623123862f64
train,uniform,50,6,202610510006,0,,train/uniform/n50/uniform_n50_0006.tsp,257ed5be6b324447bc6d6bf49b145f264b4a462308b9874e6e4d668dc4b8b17e
train,uniform,50,7,202610510007,0,,train/uniform/n50/uniform_n50_0007.tsp,e9e98ad3e484f2cc72e88c5e9b5e36e9f9ea26ec84eabcbdceee3eb42268eb66
train,uniform,50,8,202610510008,0,,train/uniform/n50/uniform_n50_0008.tsp,860a32f2b4f29177c0732f731cd3172ac167c051003354cee92155187c2451d9
train,uniform,50,9,202610510009,0,,train/uniform/n50/uniform_n50_0009.tsp,ce7709bf725e654c5b45096e229a1b4c3e559406d71fdc950def098512d367ca
train,uniform,50,10,202610510010,0,,train/uniform/n50/uniform_n50_0010.tsp,89f882a84d6b98c8b369bd2edef409899002cfc550771afbced49d4dadd79e01
train,uniform,50,11,202610510011,0,,train/uniform/n50/uniform_n50_0011.tsp,8570dc020cab766b11d89fba9b8aa248eabf4476864cd06615b07ed8b76f86a3
train,uniform,50,12,202610510012,0,,train/uniform/n50/uniform_n50_0012.tsp,2d77ab9d78c490b65ff44dbe94e75a26366baadb4f6e7a3de367b2edf46d0395
train,uniform,50,13,202610510013,0,,train/uniform/n50/uniform_n50_0013.tsp,02923cf309772b9631461ec40eee54acf06fec3bb558328bd202d4fadbac13aa
train,uniform,50,14,202610510014,0,,train/uniform/n50/uniform_n50_0014.tsp,5445922b63c7027f52950d2be8e29760d02b6db11c0a872d4a61f8de1f2735ec
train,uniform,50,15,202610510015,0,,train/uniform/n50/uniform_n50_0015.tsp,449c78fbfc546ea32ef237d632ed2d65d57823e6b45bd2e7843e8e47b17e4409
train,uniform,50,16,202610510016,0,,train/uniform/n50/uniform_n50_0016.tsp,f9fc52e28bc97c81ed2c0170b5a5cec62d000f15882dbe6a42bc33b5cebde4c9
train,uniform,50,17,202610510017,0,,train/uniform/n50/uniform_n50_0017.tsp,fb16307b1d8e63f964898e2dc96957652c61ee14ee8cf35d5ce9cca1e833dbcd
train,uniform,50,18,202610510018,0,,train/uniform/n50/uniform_n50_0018.tsp,775a4d43bd98b8979bd0587561c08b97795cba58b97fc7a2ec23fa2873d93943
train,uniform,50,19,202610510019,0,,train/uniform/n50/uniform_n50_0019.tsp,12ebb84eae948f88059842e05aee815c9037ec225b86e4acbe515e3d4cd1de78
train,uniform,50,20,202610510020,0,,train/uniform/n50/uniform_n50_0020.tsp,5fd687cbc4e8384afda38565b70677d2ce5c6e096231e1c6b310c6cde322b310
train,uniform,50,21,202610510021,0,,train/uniform/n50/uniform_n50_0021.tsp,8041796e0bb8757cf0aba4b4c08a64cc0564ae003911b035ca07fca0e1dd61ab
train,uniform,50,22,202610510022,0,,train/uniform/n50/uniform_n50_0022.tsp,8074912e75e7db69419e7d0ed39150aa807cf39ebc87204db576b680079962b1
train,uniform,50,23,202610510023,0,,train/uniform/n50/uniform_n50_0023.tsp,7e86b6ca0a2b0b3148e93055ed1b45a3489658870ad8be34b57626090abcb10d
train,uniform,50,24,202610510024,0,,train/uniform/n50/uniform_n50_0024.tsp,67ed0bc83aa28faf746f0d00d80f1f32352ad33636203d7d39c21eab93126bd2
train,uniform,50,25,202610510025,0,,train/uniform/n50/uniform_n50_0025.tsp,466ff29757956e78677ced0d7f3b460edf8330c24ac2adbc14157bbc9c669f1b
train,uniform,50,26,202610510026,0,,train/uniform/n50/uniform_n50_0026.tsp,be3691ff2296d5b7782b67c891249d694c47b70d85ffec3ee3f43889fc1214fd
train,uniform,50,27,202610510027,0,,train/uniform/n50/uniform_n50_0027.tsp,f8c6a3f831436ab496968497703100ac6282e4579d26e5f6d514af79baf45845
train,uniform,50,28,202610510028,0,,train/uniform/n50/uniform_n50_0028.tsp,4f427c746c268e43763fcf8a54edec5fffa8bb6785f36c05926bcf8c85a1b217
train,uniform,50,29,202610510029,0,,train/uniform/n50/uniform_n50_0029.tsp,de1f245376b5d61f7fa08dd8776258c37a7bfad2af358bb6696ba9b27265574a
train,uniform,50,30,202610510030,0,,train/uniform/n50/uniform_n50_0030.tsp,cf8357fd8b65a2b2aa203baaf2965236db43b2a38ea1adf7a142270a76c3a974
train,uniform,50,31,202610510031,0,,train/uniform/n50/uniform_n50_0031.tsp,8b1832229d3a479ea3bbd4fa2cafb8f0f656b0fb0e9acb1611a1db115bde5b85
train,uniform,50,32,202610510032,0,,train/uniform/n50/uniform_n50_0032.tsp,3e7a7635445a6dd9ff32b56576e6616d3a96ac829713802538096e032c1ef69c
train,uniform,50,33,202610510033,0,,train/uniform/n50/uniform_n50_0033.tsp,8abd78f8ce93573f28487ce223efcf205a5e1097676ad1b91a903d2a51e9e7b6
train,uniform,50,34,202610510034,0,,train/uniform/n50/uniform_n50_0034.tsp,a9f7cfa9d492fa6c7189caef2306bdecf8ee2c1658a49e4fc56fa6876d501649
train,uniform,50,35,202610510035,0,,train/uniform/n50/uniform_n50_0035.tsp,cc70889b04835859c988f749e897683691811a758a3e688573c8036ad1b07d7a
train,uniform,50,36,202610510036,0,,train/uniform/n50/uniform_n50_0036.tsp,1142d885546466ec416dd9fb52789d53de22410f28db28846440bf6014265005
train,uniform,50,37,202610510037,0,,train/uniform/n50/uniform_n50_0037.tsp,4da128deb2c8eafc2f746d93599ae8f5e2613aa64040e1fbe95171bf00f411c9
train,uniform,50,38,202610510038,0,,train/uniform/n50/uniform_n50_0038.tsp,45f3a0a1208ac582182d65d1fbf0a7fae59b37372e5f863aee5b80efd60c6679
train,uniform,50,39,202610510039,0,,train/uniform/n50/uniform_n50_0039.tsp,8e7d9cffe2f9131698c303377b134ba43fba890cbeba92be014e4c15cd3770ce
train,uniform,50,40,202610510040,0,,train/uniform/n50/uniform_n50_0040.tsp,fc11a92c0621f1b36c32eff575d3c5a9a0ee3580cbb35423ffda30adb1663150
train,uniform,50,41,202610510041,0,,train/uniform/n50/uniform_n50_0041.tsp,e7af10443714e6ccce54eb0c18c80a9fd76de88798d820b901f0426a9f5469a0
train,uniform,50,42,202610510042,0,,train/uniform/n50/uniform_n50_0042.tsp,2a7256905831b0946d00c2dfe275c0626a2683347530689bfd3d9aae1f84998d
train,uniform,50,43,202610510043,0,,train/uniform/n50/uniform_n50_0043.tsp,7da0a254dcdecb931c4f676d493d90c1ef5f05de4ce35738a6552a645683a5e8
train,uniform,50,44,202610510044,0,,train/uniform/n50/uniform_n50_0044.tsp,355fdf8982ea0d2a5adcbd06ca928ce0a437453a3fa1a29b147ce854dec919df
train,uniform,50,45,202610510045,0,,train/uniform/n50/uniform_n50_0045.tsp,08b8e2e32acf159c7088d4bc34d3d8a7d29a6438f8556cddb894d93b96c847b1
train,uniform,50,46,202610510046,0,,train/uniform/n50/uniform_n50_0046.tsp,852d57f2d846e5d14da20843c0d7bf6666fdaef7f47376d9caff84400f2dbe6d
train,uniform,50,47,202610510047,0,,train/uniform/n50/uniform_n50_0047.tsp,ea370850fb09d84fff394577aaca6972201a7014f0344fee91e931a4fc82081e
train,uniform,50,48,202610510048,0,,train/uniform/n50/uniform_n50_0048.tsp,8eec6a874395d2604546c67b7a2bb42415d2602a90d9e39042b46ae97be9fa70
train,uniform,50,49,202610510049,0,,train/uniform/n50/uniform_n50_0049.tsp,5972a8ac54167da7bb1e7bdc4e6265566b772cd7095a606d6ab31daad1676073
train,uniform,50,50,202610510050,0,,train/uniform/n50/uniform_n50_0050.tsp,56f5f658c01c9f66bf504719700acb95b18eb709bd9f0e2cc37282eea1d2e6bf
train,uniform,50,51,202610510051,0,,train/uniform/n50/uniform_n50_0051.tsp,e25098223cf5810b7c8e85f5efbafe54d0df0f0d74e8c4324b535b4715fffa27
train,uniform,50,52,202610510052,0,,train/uniform/n50/uniform_n50_0052.tsp,2d23f114279779ae481e93cf52a7e7396dbd6a8938071ba76975152605a7cae6
train,uniform,50,53,202610510053,0,,train/uniform/n50/uniform_n50_0053.tsp,23de77b862b2d2a9d0d3a448c08d3f8b583085b8a221dc849885f95314dad978
train,uniform,50,54,202610510054,0,,train/uniform/n50/uniform_n50_0054.tsp,6debdedb5aca49c718f2fcfbcef3c51cdff62dea7a904554286252094ac60a32
train,uniform,50,55,202610510055,0,,train/uniform/n50/uniform_n50_0055.tsp,f1c42bfe5f96e1ed4572c50dc5d86407d553d5fed70ebe5e4969b92a1347e00b
train,uniform,50,56,202610510056,0,,train/uniform/n50/uniform_n50_0056.tsp,0d39693ecc456b4ff92e33c0f24d838422d6525f3c7817e381d06860abfdec7c
train,uniform,50,57,202610510057,0,,train/uniform/n50/uniform_n50_0057.tsp,698d401c0f59ddd80bac6e14f3582faeec4b3bd564bf949c969e7fd39990eef9
train,uniform,50,58,202610510058,0,,train/uniform/n50/uniform_n50_0058.tsp,f85f5f0be187c1ee2719d042d818a31a4127e647e7acdcbd78562c19d2589562
train,uniform,50,59,202610510059,0,,train/uniform/n50/uniform_n50_0059.tsp,8b7bc13d309e400088bc77645f4cea1e4ee36090bbe9237a6dd3599979678462
train,uniform,50,60,202610510060,0,,train/uniform/n50/uniform_n50_0060.tsp,bf8efbcc5c38f7f1aebec83ef3db4d5c74ddf99103fe9d97f107637dce9e8133
train,uniform,50,61,202610510061,0,,train/uniform/n50/uniform_n50_0061.tsp,23cac5894ef5d684bc63b600e7f620f42dd498f730aef50fcf1a0f9ebb36270b
train,uniform,50,62,202610510062,0,,train/uniform/n50/uniform_n50_0062.tsp,315b0f83f95e0a7d750fd656ac2d18775cb2098ea3f52956f10fe8dc0932fb38
train,uniform,50,63,202610510063,0,,train/uniform/n50/uniform_n50_0063.tsp,a0ca58f16fa4ac167e47147cfd85d029d62e4101e59e9f11f1d59de0ac3ca07c
train,uniform,50,64,202610510064,0,,train/uniform/n50/uniform_n50_0064.tsp,c2e2a28b4c7749f61a59f3c9dae8d53b594df1238cb74405c357164d03734e02
train,uniform,50,65,202610510065,0,,train/uniform/n50/uniform_n50_0065.tsp,b0f5673ad9fcb1d2d0994fcc1b1c03be0006033f6329048d33c97066071ba8a0
train,uniform,50,66,202610510066,0,,train/uniform/n50/uniform_n50_0066.tsp,698b2df21a9b982818c43c896dc7b6f50cdccd14ba27090de5d9ca5448a4f738
train,uniform,50,67,202610510067,0,,train/uniform/n50/uniform_n50_0067.tsp,e70793739ee11e1d57dd75b0a10faf59cb149d4bad8826253aad8773f287cf78
train,uniform,50,68,202610510068,0,,train/uniform/n50/uniform_n50_0068.tsp,3a7ed7603954e7d877c0febf382af7bd771a4f7401d1fb940b60771951db7955
train,uniform,50,69,202610510069,0,,train/uniform/n50/uniform_n50_0069.tsp,435051c9b730f79e522144b0adee16758be13a178c1d508549ddc036aed35390
train,uniform,50,70,202610510070,0,,train/uniform/n50/uniform_n50_0070.tsp,eec5d74e3aa828e6be9838a3b7a97eeb0162e4506e54be9d651ae50c28bcf162
train,uniform,50,71,202610510071,0,,train/uniform/n50/uniform_n50_0071.tsp,2daf1986b14fd5d6674689a34136c47086cf00d0ccfcdb422fdd8a20c19d7042
train,uniform,50,72,202610510072,0,,train/uniform/n50/uniform_n50_0072.tsp,b590ce682b3d8e3fdbe326974fd5bdee088b31ee3c2ae9e8e4451ad03218d6bb
train,uniform,50,73,202610510073,0,,train/uniform/n50/uniform_n50_0073.tsp,244d62fed4338dacac8a5bad7f0d2e8540472da414c7b6922943e8c690d3aa9a
train,uniform,50,74,202610510074,0,,train/uniform/n50/uniform_n50_0074.tsp,8731b50e29207b9dc6ab6e6d4d4b473b40cf45a6bc09de9c4e191e7235db76cf
train,uniform,50,75,202610510075,0,,train/uniform/n50/uniform_n50_0075.tsp,5362beeacbdd2e1c7368accc0298b9357f659c20c77c49ee19e287787c837386
train,uniform,50,76,202610510076,0,,train/uniform/n50/uniform_n50_0076.tsp,cd19956a414b29600ab32457d173f71d96bd2e6f72a8e6717a89bd4f2dfc30c5
train,uniform,50,77,202610510077,0,,train/uniform/n50/uniform_n50_0077.tsp,af334cc99a7f24f1ea4a3915a423a7fc1360e0ab2d0bd67ad8a22253422e7556
train,uniform,50,78,202610510078,0,,train/uniform/n50/uniform_n50_0078.tsp,4dde4a34ab20914c65d253a755b190b3da58652014b6c365c2aaa2f01d9994e0
train,uniform,50,79,202610510079,0,,train/uniform/n50/uniform_n50_0079.tsp,6546e2339fc53eea996bfd0ec30f2e0713cdd96a2e5680512d42cff23836f88c
train,uniform,50,80,202610510080,0,,train/uniform/n50/uniform_n50_0080.tsp,de0acfad40813ce0dfe8548e8d4ca400180cb30fec8fcb30ddc9b5742002b096
train,uniform,50,81,202610510081,0,,train/uniform/n50/uniform_n50_0081.tsp,3bc93b1d3a458d092dfc217051f99de56955d743267a0a68a0c2b251871c3b08
train,uniform,50,82,202610510082,0,,train/uniform/n50/uniform_n50_0082.tsp,3aebeb97d0940e9041acfa34761cf6267c264a2ffe7dabae69ce4c4375553589
train,uniform,50,83,202610510083,0,,train/uniform/n50/uniform_n50_0083.tsp,7ee5f637edf0aa547903b13ad5b9ad59123720f0664822de87f058910341d3cf
train,uniform,50,84,202610510084,0,,train/uniform/n50/uniform_n50_0084.tsp,dadcaae965c7094b8ac4a92e8be729c555691bc99439cdbfb479d506d546a8a7
train,uniform,50,85,202610510085,0,,train/uniform/n50/uniform_n50_0085.tsp,e8c89d09ac2c0eacc593d8245d9345dfc86c53a2e431bd92fe713da45f7ea807
train,uniform,50,86,202610510086,0,,train/uniform/n50/uniform_n50_0086.tsp,d4229bd1be270b9810d96edd3b5c531eb35f2e9f0c5db198b5a47f7fa35dd700
train,uniform,50,87,202610510087,0,,train/uniform/n50/uniform_n50_0087.tsp,191fed6fb4d7a049144e3b15eef92b358d8d9aae6d33df9fadfb145a898a775a
train,uniform,50,88,202610510088,0,,train/uniform/n50/uniform_n50_0088.tsp,76b52352f37ec8c7b102e0f88dc5e8d53df3c7d512871d3d6ef63b2f8237d833
train,uniform,50,89,202610510089,0,,train/uniform/n50/uniform_n50_0089.tsp,a10b40653b32ca48f8d44f3fb8d3596b2cef8919e123aed9b68f6b112b840065
train,uniform,50,90,202610510090,0,,train/uniform/n50/uniform_n50_0090.tsp,ae7e3fd0256efd699f55b344a5d7173af2a7694f22dbbaabea6d4c93f9153c91
train,uniform,50,91,202610510091,0,,train/uniform/n50/uniform_n50_0091.tsp,8cbb93173540cf1c38cd229b8ee28abbff99689b338dcf7c62778bba70df0dfd
train,uniform,50,92,202610510092,0,,train/uniform/n50/uniform_n50_0092.tsp,cab04762154538dbac086e442aa78f501da9eadae2dd2d3f4c58310f927476d7
train,uniform,50,93,202610510093,0,,train/uniform/n50/uniform_n50_0093.tsp,e1d2c4c00882338327ef67a1ba1abea4c7ecf120244751f1124f711359486885
train,uniform,50,94,202610510094,0,,train/uniform/n50/uniform_n50_0094.tsp,3084dc2eeaea15357622329d1f19429ca3934087ef402e3b8c54f971aa288b21
train,uniform,50,95,202610510095,0,,train/uniform/n50/uniform_n50_0095.tsp,0ad40f853042a0cbdc9034b3d00b0d664c11ff0ef2eef10651dc2cf0b49309f6
train,uniform,50,96,202610510096,0,,train/uniform/n50/uniform_n50_0096.tsp,d543e5d44a23569c86b9ca32e8c5a05d6abc9c6a28bcad8abd8aa70d57ba5ba6
train,uniform,50,97,202610510097,0,,train/uniform/n50/uniform_n50_0097.tsp,3923dc1a4246b42ebdae8f5026b0b9a434cea39e3ee706d5353432ff04eaed75
train,uniform,50,98,202610510098,0,,train/uniform/n50/uniform_n50_0098.tsp,d0d9b47119a0232800a430fdb9c1f97c9affff2022941e785a96d56ff0b6215f
train,uniform,50,99,202610510099,0,,train/uniform/n50/uniform_n50_0099.tsp,b77c82d32203112a6f09cebfba9153aca0268ea5b8289736af15584310128828
train,uniform,50,100,202610510100,0,,train/uniform/n50/uniform_n50_0100.tsp,b13e9c21c2bec64eb9000eb1fb90d8eee156e4238fd708869ee2deaabcef23a9
train,uniform,50,101,202610510101,0,,train/uniform/n50/uniform_n50_0101.tsp,29a5e241b7f7654861f837952f8948def8273ead6d51b5473344c073af61cd0e
train,uniform,50,102,202610510102,0,,train/uniform/n50/uniform_n50_0102.tsp,3b4f4d5deb72860c12b76bd4ca8ef36f4472e5c73f3dddcac8b19f525042f6fa
train,uniform,50,103,202610510103,0,,train/uniform/n50/uniform_n50_0103.tsp,280e32c997081be03935115bd689aac72e4d22d62d0cc77592ce1e469c0dab42
train,uniform,50,104,202610510104,0,,train/uniform/n50/uniform_n50_0104.tsp,f9bea2d061d6e679e5c337f5ca85d04fdecd33d48ab99dcdd8f61f75bbe74ce9
train,uniform,50,105,202610510105,0,,train/uniform/n50/uniform_n50_0105.tsp,923f1fc13590e22c35586af6ac69db4c6ef3725da61c738b21dd8904a485b0bc
train,uniform,50,106,202610510106,0,,train/uniform/n50/uniform_n50_0106.tsp,5c995702602294f2162ec05cbf26ccaca5e2b473d26b1a58628fece38501d07a
train,uniform,50,107,202610510107,0,,train/uniform/n50/uniform_n50_0107.tsp,2127ef5058a88500593b2bb9e1432d287a7e8d97f1aeb14cbcdd4c127ae5f13d
train,uniform,50,108,202610510108,0,,train/uniform/n50/uniform_n50_0108.tsp,20e840d9bf9014eb10e9d1e8dbef1f10d495ee37e4fa1853a6fec47b13159777
train,uniform,50,109,202610510109,0,,train/uniform/n50/uniform_n50_0109.tsp,f6fd301285244f5aa00728c320eb348f51129e76e2b508e8125e90b8358805ea
train,uniform,50,110,202610510110,0,,train/uniform/n50/uniform_n50_0110.tsp,70fa1a6d43dd12be1fde671c610a0b22efe1afaed93ed7a2d2dd25633ff46259
train,uniform,50,111,202610510111,0,,train/uniform/n50/uniform_n50_0111.tsp,0dd7030e6e3861c07af621374293affe71cc7317c94669d686f0f64a7001cc13
train,uniform,50,112,202610510112,0,,train/uniform/n50/uniform_n50_0112.tsp,56b47089777bf21afd77c844c0e4fdc7e1f0d4ab8482ec565c9f0d1aeb280fcd
train,uniform,50,113,202610510113,0,,train/uniform/n50/uniform_n50_0113.tsp,5c4d52d8630f689ff628139b4ad8e038f42f0ca79a305ed9ccb55a7bdb2a500a
train,uniform,50,114,202610510114,0,,train/uniform/n50/uniform_n50_0114.tsp,fc77ab39dc0c9c4c738fb7abf0891b2ed3a21dcc8e87a57a758552674f5ab0bd
train,uniform,50,115,202610510115,0,,train/uniform/n50/uniform_n50_0115.tsp,93252d1f421f8e90c102acfbd6865080287cfbce1802e65007938b182ceb49cf
train,uniform,50,116,202610510116,0,,train/uniform/n50/uniform_n50_0116.tsp,04fe1301bde5c840e17dc3dfe446d96d508c8b02aaa8fa6f6f89efff7747f791
train,uniform,50,117,202610510117,0,,train/uniform/n50/uniform_n50_0117.tsp,f902764cdd0093c93f829f53b7e111781e9dece1c6bf0d06eb7df3c2be2fb17a
train,uniform,50,118,202610510118,0,,train/uniform/n50/uniform_n50_0118.tsp,6e24d2970714b18914c9bb6dee601d67deeea1c5972c28dac08bad7b10a2fec9
train,uniform,50,119,202610510119,0,,train/uniform/n50/uniform_n50_0119.tsp,86df023a15102a08fa7f8e561574bf255c8d1c78439a3343a3d3c931eaf68c1e
train,uniform,50,120,202610510120,0,,train/uniform/n50/uniform_n50_0120.tsp,f30df4905f83fd24bc1aa9d83f9bdb3e7c47d979f59eb5cd2276113efbd02d8d
train,uniform,50,121,202610510121,0,,train/uniform/n50/uniform_n50_0121.tsp,fc778a2c138cd0f96ec5c6cea5511621c1440e6c6b15b445ab21c612bbd7362d
train,uniform,50,122,202610510122,0,,train/uniform/n50/uniform_n50_0122.tsp,bfd56b1875631e24cc5cb0adb8ec03cba22067ac373ad9ffa5f6543dbf8b3adb
train,uniform,50,123,202610510123,0,,train/uniform/n50/uniform_n50_0123.tsp,8ec88f375db8f1530c84c67d8349574c2042a6a2acd0278894f72f626d56e011
train,uniform,50,124,202610510124,0,,train/uniform/n50/uniform_n50_0124.tsp,76716b7b0e2af28e65a60c5bdd33cbd935b8069b29a10148034d704f46c83f77
train,uniform,50,125,202610510125,0,,train/uniform/n50/uniform_n50_0125.tsp,33c313e454a36721c7185f95fe6712b2c14574a69c17404995689eb3c872e0b8
train,uniform,50,126,202610510126,0,,train/uniform/n50/uniform_n50_0126.tsp,a5886811ab0c38cd4b30100c25fc2579120b8ca6c2e82ae4209752ef9a404674
train,uniform,50,127,202610510127,0,,train/uniform/n50/uniform_n50_0127.tsp,f19d0fe03c667c4ffe4f1b8b00e77f53ca519346f38f92bd02778f863b9ea5b7
train,uniform,50,128,202610510128,0,,train/uniform/n50/uniform_n50_0128.tsp,6a7fd7fe42e7c752d066d17e62bde436e9289dba1eaa38d8c746df53f7dfcde0
train,uniform,50,129,202610510129,0,,train/uniform/n50/uniform_n50_0129.tsp,fcf14ce8c95efafbe333fe114c3db7bd8cd1c192bbddb88581e3f6ff8e9ac231
train,uniform,50,130,202610510130,0,,train/uniform/n50/uniform_n50_0130.tsp,4793f659790844631b15400a726af6f36f445723835fe8f1edee68aa3c5896f4
train,uniform,50,131,202610510131,0,,train/uniform/n50/uniform_n50_0131.tsp,8e8ea48b730d876aa215bfeee75c31d67baefa03835d61517cf363eb675e22ed
train,uniform,50,132,202610510132,0,,train/uniform/n50/uniform_n50_0132.tsp,e4777bdfe11ddccd12aa56b5b97d432553e1fb4184f25a3dfb8b1e3ab6c39cdf
train,uniform,50,133,202610510133,0,,train/uniform/n50/uniform_n50_0133.tsp,4ad74c1e15b5b0e50351757d941b8927ec2f68c1d74d6a1b10623d1e45567c62
train,uniform,50,134,202610510134,0,,train/uniform/n50/uniform_n50_0134.tsp,3910da2b6706bc08e583e4a303f28f79eb8d51a5c79d371d8fb7ca8b96a16308
train,uniform,50,135,202610510135,0,,train/uniform/n50/uniform_n50_0135.tsp,02dfb6f0a1a64c9626cb507b5134bee87267f92ea9dc96b975e99d77b031d4e0
train,uniform,50,136,202610510136,0,,train/uniform/n50/uniform_n50_0136.tsp,27a0e836a1377e22cacc768e626a049a6ffee97f8d79b82b9f5bd31758e5979a
train,uniform,50,137,202610510137,0,,train/uniform/n50/uniform_n50_0137.tsp,7c9d29acd64547515a73966722356d57967c96e7e868a6154b97dd9ca1730ad9
train,uniform,50,138,202610510138,0,,train/uniform/n50/uniform_n50_0138.tsp,979a63ba10f1c5909a23414a111423c5f6a4b76a331171b4dd0825c281d4b650
train,uniform,50,139,202610510139,0,,train/uniform/n50/uniform_n50_0139.tsp,198be43ed0bafa94a8acfd5ee03a945ff5229258a18e004aad8b07205e4d4f4e
train,uniform,50,140,202610510140,0,,train/uniform/n50/uniform_n50_0140.tsp,a63fca0a28cd4085a123d7085f67c422135b1959511f05cbc90b105990cc70c1
train,uniform,50,141,202610510141,0,,train/uniform/n50/uniform_n50_0141.tsp,f75a2207869e37a8e54d1e239f9fdedb33e6ac8e52309fdd366eccc1ff8636a6
train,uniform,50,142,202610510142,0,,train/uniform/n50/uniform_n50_0142.tsp,8a75ab0e359b51960a9018d50299a74daee75f30f3f1f895938ae8e7bdef70da
train,uniform,50,143,202610510143,0,,train/uniform/n50/uniform_n50_0143.tsp,248d38c71728e8975204376d11281349e8dfef90cfdc2f0b4955c6a078602d7a
train,uniform,50,144,202610510144,0,,train/uniform/n50/uniform_n50_0144.tsp,b73db4ff85c88d8dce08e29f2d28cdbe3b1352cecd2e91638a46e2a6868c0a76
train,uniform,50,145,202610510145,0,,train/uniform/n50/uniform_n50_0145.tsp,e98dd8c3d3a4451bb6d5365001ec2c316e4ae24741eddcfaab8fc124c6a7565e
train,uniform,50,146,202610510146,0,,train/uniform/n50/uniform_n50_0146.tsp,902694d74bcdd8045da9d862938294b6d76fd1f2dabea473eae25591056782df
train,uniform,50,147,202610510147,0,,train/uniform/n50/uniform_n50_0147.tsp,f1613d933fa2d0c761c559773755587b5beb3d7d95e725ed51bf2c494ce2d0a9
train,uniform,50,148,202610510148,0,,train/uniform/n50/uniform_n50_0148.tsp,5b0dbb1718f1e7aea0146fe9afd8d47803b6d219308fea4d755a5fea571bd0b9
train,uniform,50,149,202610510149,0,,train/uniform/n50/uniform_n50_0149.tsp,966b29f41764fbd85677fffaec34a14fcc45549dbad246b0c077fce447cf2bdb
train,uniform,50,150,202610510150,0,,train/uniform/n50/uniform_n50_0150.tsp,0fd63635ffd948b588a082eadb98fc47623eb77831555b64eb21e8e8d66f5413
train,uniform,50,151,202610510151,0,,train/uniform/n50/uniform_n50_0151.tsp,a3a8c4df67adb894a4d9b37d49f4e90d893fd7bc82e2e40c302fb59569857ccd
train,uniform,50,152,202610510152,0,,train/uniform/n50/uniform_n50_0152.tsp,57501916454b925edf78048896198d000bdf5b405b6232da14c6a0e8d00db5a4
train,uniform,50,153,202610510153,0,,train/uniform/n50/uniform_n50_0153.tsp,7b155f27db78e96f2ccd945c8b6c2810a6082e9d493711f551e308f2ed444341
train,uniform,50,154,202610510154,0,,train/uniform/n50/uniform_n50_0154.tsp,9c562ad9da5954255065712ddb0aeffdef94eda669d59b70b0c798cac27ed0ff
train,uniform,50,155,202610510155,0,,train/uniform/n50/uniform_n50_0155.tsp,c7913a4afabdf0c2b922e738cc6af6c816a61da5073e9f735ef2d27f1f49c933
train,uniform,50,156,202610510156,0,,train/uniform/n50/uniform_n50_0156.tsp,aaf81db892c0b056d6778e0a42f99a91ce07560eb6b188c600be703643feaa6e
train,uniform,50,157,202610510157,0,,train/uniform/n50/uniform_n50_0157.tsp,b3a73de9930964c58563056f678e87db646e0ae559649e4f53f2d994092b64df
train,uniform,50,158,202610510158,0,,train/uniform/n50/uniform_n50_0158.tsp,782ad7d39441f31ce085f44f70f0cc2b47df87fe02ae68711209e1e66b55efe4
train,uniform,50,159,202610510159,0,,train/uniform/n50/uniform_n50_0159.tsp,b854d4e789e27473e369ef19462d329e1bf4dbf47f724c428f15c0cd0fa931a2
train,uniform,50,160,202610510160,0,,train/uniform/n50/uniform_n50_0160.tsp,57fce0d9a8ddc1b76867e0cc73f62292619401da695b6f229841edfe18fea361
train,uniform,50,161,202610510161,0,,train/uniform/n50/uniform_n50_0161.tsp,2bf6904204be16f8747d312159b01f47cf6d59e41063a8f7019d166b736a4b37
train,uniform,50,162,202610510162,0,,train/uniform/n50/uniform_n50_0162.tsp,3ace4ca791b4dbc5e4623a7543eb92175a37f0f3a958b4a7377618a980ae6a1b
train,uniform,50,163,202610510163,0,,train/uniform/n50/uniform_n50_0163.tsp,2c7b51cc317bb5f418d08abae62ef5152076af67ae9b184f7e9c9eaf1251efbb
train,uniform,50,164,202610510164,0,,train/uniform/n50/uniform_n50_0164.tsp,63417117a63213536240ebd499622ebcd0e7985e751774af0175122bfa33d0fb
train,uniform,50,165,202610510165,0,,train/uniform/n50/uniform_n50_0165.tsp,05e2de8bc22880917ec95b05477108c973f131b67e3293059746f2bc2a5897be
train,uniform,50,166,202610510166,0,,train/uniform/n50/uniform_n50_0166.tsp,c867582691731d8acb2598e5fd3b12df60db42a95a6d9f94a1c45a5ee3a014e6
train,uniform,50,167,202610510167,0,,train/uniform/n50/uniform_n50_0167.tsp,9da682010d960e56fac0bfde4141d8fad96d3701c71fa6255a5bcd55a4f1c82b
train,uniform,50,168,202610510168,0,,train/uniform/n50/uniform_n50_0168.tsp,f14f7ef6f6d5b4d3b6efdcc5b47f214f7032ab3ae0af13ff770278aed48b2e0f
train,uniform,50,169,202610510169,0,,train/uniform/n50/uniform_n50_0169.tsp,3fde2e80a5ed11e3fda0de0c09f95a2ce841717e29c6d49584bb81f946e733da
train,uniform,50,170,202610510170,0,,train/uniform/n50/uniform_n50_0170.tsp,c86875886bea595442206242564aa0db78b00f24368c427cea2e73029894a056
train,uniform,50,171,202610510171,0,,train/uniform/n50/uniform_n50_0171.tsp,6b883ed179bb952e868cc29bded48aacf6cd57f9009a59e3fc81675048b53fb8
train,uniform,50,172,202610510172,0,,train/uniform/n50/uniform_n50_0172.tsp,0982075daf361d87f96f8eddac87e12af919020445de5edc1e5adfd8a4dddb5d
train,uniform,50,173,202610510173,0,,train/uniform/n50/uniform_n50_0173.tsp,b57c8cf3eb4fc59e15419032d326e97f721f9a9b80c6409acb020ee4cf86c762
train,uniform,50,174,202610510174,0,,train/uniform/n50/uniform_n50_0174.tsp,9d33b13820ddbd7962c844c553a968c1c7a48238784748b9905c0c3b42cfde93
train,uniform,50,175,202610510175,0,,train/uniform/n50/uniform_n50_0175.tsp,86955ad104ec76871f38a7b6e5cadb8d077993251c7b3f05404c79379d5e5157
train,uniform,50,176,202610510176,0,,train/uniform/n50/uniform_n50_0176.tsp,4a87607be51da367b3fe16ae121fea7830672563a94c2703825ff2d9f279733e
train,uniform,50,177,202610510177,0,,train/uniform/n50/uniform_n50_0177.tsp,b7aa5a423ed6fbb6bad81758b215b586d362a0aa129039fde16c20c95e92fefd
train,uniform,50,178,202610510178,0,,train/uniform/n50/uniform_n50_0178.tsp,52fb0c12aa00f91cbc9d87fa32152857c303f26fdbafaf1526264d257aa21a89
train,uniform,50,179,202610510179,0,,train/uniform/n50/uniform_n50_0179.tsp,6050bf061e35c841d3a0c3783f805edc44d619da5ecab598c456d108568f2f7b
train,uniform,50,180,202610510180,0,,train/uniform/n50/uniform_n50_0180.tsp,bae9b065d920297568db4b3fa5a0e8115c3dc6592bb8ed56f87d58b8fe1f3687
train,uniform,50,181,202610510181,0,,train/uniform/n50/uniform_n50_0181.tsp,e6b8a16cff77cabf459100a8958ccdc47b0fdf8aaca84e391d558a29bc9ead3b
train,uniform,50,182,202610510182,0,,train/uniform/n50/uniform_n50_0182.tsp,89fa954eb6f66ef064fdd869f2577fe0a005b5d6ff4f2a0ae93bcc7a243f0ce5
train,uniform,50,183,202610510183,0,,train/uniform/n50/uniform_n50_0183.tsp,0b266980476d0f95b1554e7c1f3d5e0c1cd5ed9ee7adc53329a0fa610fe956e0
train,uniform,50,184,202610510184,0,,train/uniform/n50/uniform_n50_0184.tsp,f34fcc95e75b7ca3718afe427e47d707e75197ee98b861a7e439a22329621b7a
train,uniform,50,185,202610510185,0,,train/uniform/n50/uniform_n50_0185.tsp,8b95553b44a9d7eb4561e348432f11d4ddd1b04fdc82906dbac128d22638a531
train,uniform,50,186,202610510186,0,,train/uniform/n50/uniform_n50_0186.tsp,a9b6bcdc9bde6d8dcd9ce003b0a31870c3bb5ba5497f81df3447ff0a4fb31390
train,uniform,50,187,202610510187,0,,train/uniform/n50/uniform_n50_0187.tsp,94d06317a3aeb9d6f27bc7c6a0020974d3d94fd7b657eaa8720ce3889f7499f1
train,uniform,50,188,202610510188,0,,train/uniform/n50/uniform_n50_0188.tsp,ef19065fa73d631fdf71e56226ac4d4f4c61300d5d9743c6a2d1f5b6382e0604
train,uniform,50,189,202610510189,0,,train/uniform/n50/uniform_n50_0189.tsp,eda6d37af2fce5b7b511e9ab3251f90c8cd15b8fd1f836573d380cbf6f795a5c
train,uniform,50,190,202610510190,0,,train/uniform/n50/uniform_n50_0190.tsp,cea902f62188dfbe8f9cd2efec9d84d658e81b8ef0760488ae503334bae1aa4e
train,uniform,50,191,202610510191,0,,train/uniform/n50/uniform_n50_0191.tsp,6027d673b2df0d4999504311e4395d6aba819defb0b81dcc1386c491eab37f46
train,uniform,50,192,202610510192,0,,train/uniform/n50/uniform_n50_0192.tsp,e5ed95191d9d0b3c56df0c50bfd661b9b9887e3885522aa3011ace693bbb705b
train,uniform,50,193,202610510193,0,,train/uniform/n50/uniform_n50_0193.tsp,cdfaa2a7c971f35b85772905964d4ba22d445e60fa56a42db9ab1956497f1a4c
train,uniform,50,194,202610510194,0,,train/uniform/n50/uniform_n50_0194.tsp,66d4c2a78d598a10d350d06953a00a6d80f882b6ce3a803e510f641c08ab2b58
train,uniform,50,195,202610510195,0,,train/uniform/n50/uniform_n50_0195.tsp,ec2ce88b02e50f60e7fcca7d6a0f007f80eaa7cd6084ba1d805cfcba48d4e5cc
train,uniform,50,196,202610510196,0,,train/uniform/n50/uniform_n50_0196.tsp,a576deb35e43440cbe0aa252610c8c12ca0b2582907d5dbd6a35d29d28663587
train,uniform,50,197,202610510197,0,,train/uniform/n50/uniform_n50_0197.tsp,e6f7105321c76bfbac469907221bbe4ca2d2e1d00d9ed3d7b38c7b3eb4ba7beb
train,uniform,50,198,202610510198,0,,train/uniform/n50/uniform_n50_0198.tsp,c62f552a098c2dd76bb3bba1a8f79854b53d79628db81288a47942e521da823c
train,uniform,50,199,202610510199,0,,train/uniform/n50/uniform_n50_0199.tsp,93e91f65c98835f0b9b9fe52606a5af7349ebecddc2a5a91f5d4f18c25f18926
train,uniform,50,200,202610510200,0,,train/uniform/n50/uniform_n50_0200.tsp,ac109cc9878eca2184c97eeb31bd4b7c5b91c5a0dc1f9805d87f16f17b76231c
train,uniform,50,201,202610510201,0,,train/uniform/n50/uniform_n50_0201.tsp,7fe02f9f671d0075f119b74da413d6c7eda53eed293bb5ceb55c578dd69f0f23
train,uniform,50,202,202610510202,0,,train/uniform/n50/uniform_n50_0202.tsp,0452431f0b6394cd9fc7e4425d933926b188f79a3dd8bcc9112d6a71f23df896
train,uniform,50,203,202610510203,0,,train/uniform/n50/uniform_n50_0203.tsp,0d1b32e0916e81113ae2029588c67a6e8432a4b2746500b62cb576fce0fb6680
train,uniform,50,204,202610510204,0,,train/uniform/n50/uniform_n50_0204.tsp,1b4893ebec4538d17c7962cb063a719685f4b316602a0c2323cf92e93cefa080
train,uniform,50,205,202610510205,0,,train/uniform/n50/uniform_n50_0205.tsp,90c19f16488bcced8d4c6af030f6839cd7c07a024182c106185d5d45870bc7e0
train,uniform,50,206,202610510206,0,,train/uniform/n50/uniform_n50_0206.tsp,95aa5b79c1c77350413b1076a9cd07d02a41eca03fe79e2a482d7e518c79f58a
train,uniform,50,207,202610510207,0,,train/uniform/n50/uniform_n50_0207.tsp,48dd4ad1bbc238eb8a32839d8b1defb8c4870031568e98ab77c8bf23f064002d
train,uniform,50,208,202610510208,0,,train/uniform/n50/uniform_n50_0208.tsp,b0ca6d1a36fe74c6c3fd01a405cc8064be9c6e8789e9b45186a711af77c4cd3c
train,uniform,50,209,202610510209,0,,train/uniform/n50/uniform_n50_0209.tsp,0a11c715d3be636072a064ea7f78b0e1a5c93c4bcdf313bc6ce7e3dec2b648cb
train,uniform,50,210,202610510210,0,,train/uniform/n50/uniform_n50_0210.tsp,8ffb18c9d96dbad1c19c0324909a3731a1e149dfdad4fd8e1ca49fe36d0c6375
train,uniform,50,211,202610510211,0,,train/uniform/n50/uniform_n50_0211.tsp,17dfc19ad034da269f3fc202c291161a5d9f18d75111ce0f69b5c6781d69f218
train,uniform,50,212,202610510212,0,,train/uniform/n50/uniform_n50_0212.tsp,cbf47623d3325a415e5f3946d721fefa82e7d317356e57323a1389e954e82f3f
train,uniform,50,213,202610510213,0,,train/uniform/n50/uniform_n50_0213.tsp,ed40068ef3c0b226c5c50883dd4048a3e7957ce9169be87a7530daf45dfe6119
train,uniform,50,214,202610510214,0,,train/uniform/n50/uniform_n50_0214.tsp,fc23e36c193b597d378d1681aeaf64173156ddfe680c462782ec08f12b11b9cb
train,uniform,50,215,202610510215,0,,train/uniform/n50/uniform_n50_0215.tsp,129b25cf0c6033a589720e9698c59ab8796138e4c48a6f123e1a4f7ed8e6dbf0
train,uniform,50,216,202610510216,0,,train/uniform/n50/uniform_n50_0216.tsp,d73b9f44deb49b5153868b77702934a0d2da0456fb2621bcfa45b1dd09ff5e9a
train,uniform,50,217,202610510217,0,,train/uniform/n50/uniform_n50_0217.tsp,53f6b02cbaf6d27dacc71d5304073869edb5e2831b6129ec0239ba25e0b1a593
train,uniform,50,218,202610510218,0,,train/uniform/n50/uniform_n50_0218.tsp,71c59d3c16e08199d64e9d811b8c2a3af163364fc4b9c69ebb41d824333e4b1a
train,uniform,50,219,202610510219,0,,train/uniform/n50/uniform_n50_0219.tsp,d0cdf803fda36e00dc99425d7e33f1d2056a91b1685ffabcb6f2fdaf0ee5e8a3
train,uniform,50,220,202610510220,0,,train/uniform/n50/uniform_n50_0220.tsp,d401bfb6d8bbdbb2c71e92c408487f6cce8bc68a987a64b0957683034a2a3063
train,uniform,50,221,202610510221,0,,train/uniform/n50/uniform_n50_0221.tsp,f586b0722ee1663a352b1372d271d0555ad13c9eec518f77be971d89f5deb886
train,uniform,50,222,202610510222,0,,train/uniform/n50/uniform_n50_0222.tsp,9ce2437ba8bc673643c29f0ab72d3dc4ae45a4a7bb2e298dddecdab55907973e
train,uniform,50,223,202610510223,0,,train/uniform/n50/uniform_n50_0223.tsp,ebab0dab09ccf06b6113f64ca276daeb817c697ec1b549488990f091488d3e5e
train,uniform,50,224,202610510224,0,,train/uniform/n50/uniform_n50_0224.tsp,922fb4bbeb5147a408c2f2b6bae79722378a76ccec3077fa98b0ea9dd30feadd
train,uniform,50,225,202610510225,0,,train/uniform/n50/uniform_n50_0225.tsp,902644989090996bce5946960214e11f280542f518c4c36b8b279152dd291ede
train,uniform,50,226,202610510226,0,,train/uniform/n50/uniform_n50_0226.tsp,09b0c380048d0406edf3fc8dc1d0068ca7882f35ef7c74d0ba07a72df83ac877
train,uniform,50,227,202610510227,0,,train/uniform/n50/uniform_n50_0227.tsp,6b07df9b328174fe364b3612aabfed9dfaf70ba738ce4451e9932c0b8e215c80
train,uniform,50,228,202610510228,0,,train/uniform/n50/uniform_n50_0228.tsp,c632abcf0ea4a22bba96e366d27ab9ef1159feb9e66127376b9f74100a2905fc
train,uniform,50,229,202610510229,0,,train/uniform/n50/uniform_n50_0229.tsp,3716bfad1e836c47517b337ebbf6b8e517731355ed2c74448e90544de0b09848
train,uniform,50,230,202610510230,0,,train/uniform/n50/uniform_n50_0230.tsp,1e1406a611bf2b60d8873abafb99e23d97ec6f7e8c43a785a9bc2ab68a88bbc8
train,uniform,50,231,202610510231,0,,train/uniform/n50/uniform_n50_0231.tsp,24ce11095264b305ea2ef55103013630aadda5e99ce4a51dc96644a91f2f78e5
train,uniform,50,232,202610510232,0,,train/uniform/n50/uniform_n50_0232.tsp,8701b9bbe6e557854d323e0f1cdb3770e13ef6e22c5b8efadde27433009eb754
train,uniform,50,233,202610510233,0,,train/uniform/n50/uniform_n50_0233.tsp,9aa37a2a533d701c0fcbb468363ef8ea48a5116ab8389bbeafb29ac2d0c69ac0
train,uniform,50,234,202610510234,0,,train/uniform/n50/uniform_n50_0234.tsp,5d58bdc9342ebbf5f37f91c29cd0b0c8eb0274a531ccfd6aef5547b05e32b10e
train,uniform,50,235,202610510235,0,,train/uniform/n50/uniform_n50_0235.tsp,9cc438f934de031ff0b8f9ece0ab4324096a6ad593afc3c3d071522628101ade
train,uniform,50,236,202610510236,0,,train/uniform/n50/uniform_n50_0236.tsp,7db1c3a77e10c1fa39df9988839071b26d78947fd148d9c6d6f7ccf8bb3a3e57
train,uniform,50,237,202610510237,0,,train/uniform/n50/uniform_n50_0237.tsp,1a873c133c8e4648c9814ce8d2f560da126886b163ee3f2a00b5bb0e9312069d
train,uniform,50,238,202610510238,0,,train/uniform/n50/uniform_n50_0238.tsp,ba83c41cc28eb7a178204364b72c2c630c6bf664d333c6a42c9c7eb77e0ca69e
train,uniform,50,239,202610510239,0,,train/uniform/n50/uniform_n50_0239.tsp,4728ee23a0e4b2f7a876f937ed606606f4327f878c1c457dc3f92c8a322594b4
train,uniform,50,240,202610510240,0,,train/uniform/n50/uniform_n50_0240.tsp,cadad1d483415fc98518e2e4de775c0f045d73c8e44333f5dff826d1648ba855
train,uniform,50,241,202610510241,0,,train/uniform/n50/uniform_n50_0241.tsp,77e74020c7129b92cce56af72b6ff1da5580c1485caafca3df4856a7d06c9d63
train,uniform,50,242,202610510242,0,,train/uniform/n50/uniform_n50_0242.tsp,f6ad24309fb1bb82ce2d786fe09a2ae59373af5c54145af0f1198bdf67325f6f
train,uniform,50,243,202610510243,0,,train/uniform/n50/uniform_n50_0243.tsp,fcd9a5f2c8a5d5ed889e0f42935d2eafaa9fc05fdcb9c9a32ddc108a5a0913b2
train,uniform,50,244,202610510244,0,,train/uniform/n50/uniform_n50_0244.tsp,484a3ced00a94d3fa95ef907122d1274b09a1149fc525dfa61e32a46db5e1caa
train,uniform,50,245,202610510245,0,,train/uniform/n50/uniform_n50_0245.tsp,aead1b550af69e96543054e6f5694114fbe83acca07a1d2a342b0f6b88b630b4
train,uniform,50,246,202610510246,0,,train/uniform/n50/uniform_n50_0246.tsp,a66e1e7ecf021bd49d918c2c05dae690e4ac53d13597fbeeed4697f5aeb1bdd7
train,uniform,50,247,202610510247,0,,train/uniform/n50/uniform_n50_0247.tsp,a518ecc830b12ee889bef800b884dbf401afb0c9cd4c281a882ffbb7f2d57c51
train,uniform,50,248,202610510248,0,,train/uniform/n50/uniform_n50_0248.tsp,deaaea0eca9a8e6d9f3a14373dfa200c14e3ba0e8b475ebe342e76b77c6b7091
train,uniform,50,249,202610510249,0,,train/uniform/n50/uniform_n50_0249.tsp,fe883362fd288b09b8f4f20a99c906b1771985249fddfe2744674690618e7900
train,uniform,50,250,202610510250,0,,train/uniform/n50/uniform_n50_0250.tsp,95af865647663eabff4ff78f1279dc53f32c40a53188d5adcdc2ff6c4c539371
train,uniform,50,251,202610510251,0,,train/uniform/n50/uniform_n50_0251.tsp,62d7cd8231b293ce54a4f0f60eb50800eae754f71877d4955ce7e803bd61d1e7
train,uniform,50,252,202610510252,0,,train/uniform/n50/uniform_n50_0252.tsp,4b1080c596609801b15c42c921b48bdc4dc624f94ad18602b85dd8e11725d01b
train,uniform,50,253,202610510253,0,,train/uniform/n50/uniform_n50_0253.tsp,25e26180e688e33776d40195af354caa899f6a8e2cacaf25ab71124b40acad84
train,uniform,50,254,202610510254,0,,train/uniform/n50/uniform_n50_0254.tsp,4bddd26b9c97e26df1b99cc26cbc1039270ba12bb3d6ad22b75b1d0c30944aea
train,uniform,50,255,202610510255,0,,train/uniform/n50/uniform_n50_0255.tsp,a69041dd66b3f9206c41ef9c4149c980d23a51385e8258be5bb0e70fb7d9951b
train,uniform,50,256,202610510256,0,,train/uniform/n50/uniform_n50_0256.tsp,08bef1ffa176503ea3e7283f2e49e3735de6f09f570b0cdf399d0a930ec3381e
train,uniform,50,257,202610510257,0,,train/uniform/n50/uniform_n50_0257.tsp,1b5f07306bed10b943f1bd755e87201c66143d2967ce6c23ab114b9adacd5204
train,uniform,50,258,202610510258,0,,train/uniform/n50/uniform_n50_0258.tsp,b11982cf1870ba55b6ce5b681c33a0a52face83790f257df20258a41ed6501e2
train,uniform,50,259,202610510259,0,,train/uniform/n50/uniform_n50_0259.tsp,44054f7d6756a5a7aad00a97fb7fc68f8ff313fe0e93b8636d4460dc67932a61
train,uniform,50,260,202610510260,0,,train/uniform/n50/uniform_n50_0260.tsp,02ea388d2c74ea493c1102d6477d8691529caf8126335cd8e4de5e2597a144df
train,uniform,50,261,202610510261,0,,train/uniform/n50/uniform_n50_0261.tsp,ee91a5fcdce8d3d44aaabe85e033c4f4fd0ae2ccffc141ebc5c90c19291668ef
train,uniform,50,262,202610510262,0,,train/uniform/n50/uniform_n50_0262.tsp,3c33254913f24df4b57d8dcb6f1e1648fb979eed5a7e697af8c233062293a83f
train,uniform,50,263,202610510263,0,,train/uniform/n50/uniform_n50_0263.tsp,4db34b5e563fec85e4545a7b2f4452a009410d34e5cf33f607cc801243849e33
train,uniform,50,264,202610510264,0,,train/uniform/n50/uniform_n50_0264.tsp,e5b815545c6b72eb238f6f7e5e1cd4dd2fbaf30d41a219f0cbb751ea64e6074f
train,uniform,50,265,202610510265,0,,train/uniform/n50/uniform_n50_0265.tsp,600564252cad02227a93817f164687cc9de7ff9d4daa9a3d20075b5d372487a6
train,uniform,50,266,202610510266,0,,train/uniform/n50/uniform_n50_0266.tsp,9dd292c6d9ab1b35daea7f7610f66205549e59b28fa15105d34222bd39e43087
train,uniform,50,267,202610510267,0,,train/uniform/n50/uniform_n50_0267.tsp,9db08bb2adb0aba8d19f199ed8f3665221402684cc3cf949ba777be026231148
train,uniform,50,268,202610510268,0,,train/uniform/n50/uniform_n50_0268.tsp,a687b57cade9e81c9ecfbce1b310eae0af69b40c32f97832ae2674ad24553ebd
train,uniform,50,269,202610510269,0,,train/uniform/n50/uniform_n50_0269.tsp,046ab352425047bcc7a4fd785d41be12f734abffce494721fc043bba81422212
train,uniform,50,270,202610510270,0,,train/uniform/n50/uniform_n50_0270.tsp,a89cfb0e604a0a6c2e1f72d57190938fb8c68634777e809f37fa584b03c53223
train,uniform,50,271,202610510271,0,,train/uniform/n50/uniform_n50_0271.tsp,cff9c45d385a8597db789428c6193b1ad8ee932ead94cce68789b61e7903d886
train,uniform,50,272,202610510272,0,,train/uniform/n50/uniform_n50_0272.tsp,490cb4147cbe745d1973b130fac2b161f484a1d576e0b31ec79321a11441b9cb
train,uniform,50,273,202610510273,0,,train/uniform/n50/uniform_n50_0273.tsp,e1ba2a15c34fb0d58184ff27fc09bb56e13c387e5fca1478862c6e0161648e24
train,uniform,50,274,202610510274,0,,train/uniform/n50/uniform_n50_0274.tsp,ff46e3915cfa856026d1ecef83101ff329abecb8c1e08acaa4fe9863248fa4ab
train,uniform,50,275,202610510275,0,,train/uniform/n50/uniform_n50_0275.tsp,cd230bffcb9b408cbf97e09db1ce4c0f5a9b98f53e7048d6b03cb59d3e4f926c
train,uniform,50,276,202610510276,0,,train/uniform/n50/uniform_n50_0276.tsp,89a6c864bb80fdd4e3e233df9502d31e95c9966d6217f0d0a8cfeffd2f30c61b
train,uniform,50,277,202610510277,0,,train/uniform/n50/uniform_n50_0277.tsp,7105e64a7cad3a8a56da05989cfae905115c52c44a5c321497f5603918420a1b
train,uniform,50,278,202610510278,0,,train/uniform/n50/uniform_n50_0278.tsp,3a1074cbc0efd058349e54e697ad0b10c14d1af84d5441d13c5f184d0785e2e1
train,uniform,50,279,202610510279,0,,train/uniform/n50/uniform_n50_0279.tsp,a34c984c7cad63a47ff3574ed7b6673c3c5816e4c1362f8376ec80c85676fd73
train,uniform,50,280,202610510280,0,,train/uniform/n50/uniform_n50_0280.tsp,9c7092e6e00bc7f6487a0e1b1cea6ad18b761d12a7e95515ad084a5e92b5522f
train,uniform,50,281,202610510281,0,,train/uniform/n50/uniform_n50_0281.tsp,049e471bbcf5514209c07816243ef73e610c496e93c9db5075e67619fc8b512c
train,uniform,50,282,202610510282,0,,train/uniform/n50/uniform_n50_0282.tsp,728ea68b1888496411ea95cb7f820b991b936d0f5559b6f85e0b503c832a45a8
train,uniform,50,283,202610510283,0,,train/uniform/n50/uniform_n50_0283.tsp,43b8c454cb73702f9a5e0680d61a8460362b842e4644a83cbf32472e929cb57e
train,uniform,50,284,202610510284,0,,train/uniform/n50/uniform_n50_0284.tsp,50ca58edc20f0e618e2d4828d3dda61158b229f58f905f1d3af52a1418370f31
train,uniform,50,285,202610510285,0,,train/uniform/n50/uniform_n50_0285.tsp,44033f8e6c37eb72abdcf026dbe83bee38901011398021105d78c7537b30260b
train,uniform,50,286,202610510286,0,,train/uniform/n50/uniform_n50_0286.tsp,8f22a20402b446e6dd1750bc0209be5eae8e8831a7ea8a0c990c6149b3df1023
train,uniform,50,287,202610510287,0,,train/uniform/n50/uniform_n50_0287.tsp,2838c486891f54efe4c6f0ad4cbf2b9ccc3a43a7589a18a469e9eeeb0a68ba4f
train,uniform,50,288,202610510288,0,,train/uniform/n50/uniform_n50_0288.tsp,37718c72882e1858e7827bb5c0a9558b64ac686e8f94a0d3fdda463037b8676d
train,uniform,50,289,202610510289,0,,train/uniform/n50/uniform_n50_0289.tsp,41b76ecd55eb33f3950c16aa7e3593ea456f6268020a6b3b0a35fbe0564ce20b
train,uniform,50,290,202610510290,0,,train/uniform/n50/uniform_n50_0290.tsp,710e29372daa91f4cd19740c1f0924b2cc21631c068cd16d956653e807965140
train,uniform,50,291,202610510291,0,,train/uniform/n50/uniform_n50_0291.tsp,5370862c0ddb3ef82a5c13983ae6aba48649b41d537fe4e4c7edf673452267a1
train,uniform,50,292,202610510292,0,,train/uniform/n50/uniform_n50_0292.tsp,95e39c15a20223d92392f8b521a41c28351657508182b1abbf4699285960fb12
train,uniform,50,293,202610510293,0,,train/uniform/n50/uniform_n50_0293.tsp,4f8f2e8061e1c91c41631fdfb2bcc9f5edd37e2e562cc277cb3ce26eb82b188a
train,uniform,50,294,202610510294,0,,train/uniform/n50/uniform_n50_0294.tsp,7234b2a4bb3b5c8143bf8bed6d52e0c0505de9a8697588098de5ba8e10ba7380
train,uniform,50,295,202610510295,0,,train/uniform/n50/uniform_n50_0295.tsp,dc5fc5634bbc8b8bd17ac95d4f61a8ea577627be824e167c8792d82b6069bf36
train,uniform,50,296,202610510296,0,,train/uniform/n50/uniform_n50_0296.tsp,ec4da740c5ceef96c8b0be7740bbfc2eb774f0724c42040137fb151bfb7a5fcd
train,uniform,50,297,202610510297,0,,train/uniform/n50/uniform_n50_0297.tsp,47f57f361e1fdac76602ecaf5aae07fd7d67716f89a7b809ba25f73f7fcd73d8
train,uniform,50,298,202610510298,0,,train/uniform/n50/uniform_n50_0298.tsp,c3fbeff1ce00e6239fddf3ad3336eeb076a6cb032c676e41e41247d52a0cdbc1
train,uniform,50,299,202610510299,0,,train/uniform/n50/uniform_n50_0299.tsp,cc9b648f08d845d2b102c67e1b01a9b3c4492293be9582033a1e6b6432325016
train,uniform,50,300,202610510300,0,,train/uniform/n50/uniform_n50_0300.tsp,15faa3c8d881e7eb5ba047922648995997940e9fbeee5e93fc386912b4949cfa
train,uniform,50,301,202610510301,0,,train/uniform/n50/uniform_n50_0301.tsp,bcd96cfd2055421e8a64f6b7f0cac1f5b4913deda823d4b6a236d3055a4656a1
train,uniform,50,302,202610510302,0,,train/uniform/n50/uniform_n50_0302.tsp,7ec792a67ca301ca1af880e3390d4b082a741b15c85911368ccf39506d140e3e
train,uniform,50,303,202610510303,0,,train/uniform/n50/uniform_n50_0303.tsp,e8221a1939b28b3fbacd82176f4fb5eb2e4449ce8ad4843f9eed552b8dabf913
train,uniform,50,304,202610510304,0,,train/uniform/n50/uniform_n50_0304.tsp,acf6861d66669948b880d854e84b00d19c0606d80777848a623cfb251dceb9cd
train,uniform,50,305,202610510305,0,,train/uniform/n50/uniform_n50_0305.tsp,d6025dba62665708eebcaddf7e9d3e74e49c463dae68e2b34c7ad12cd678b39e
train,uniform,50,306,202610510306,0,,train/uniform/n50/uniform_n50_0306.tsp,fc2eb38cd93e4f8b5efa9324702b5d1175b1083b85d06a2d2587680bfa67c5e5
train,uniform,50,307,202610510307,0,,train/uniform/n50/uniform_n50_0307.tsp,6c97be0a2c1828fe6d482974fb9c8a5eeb71fdbb7fd9e3c4d78cf4ff3fa27b77
train,uniform,50,308,202610510308,0,,train/uniform/n50/uniform_n50_0308.tsp,5948ae1fb4852a7339f9b6d05599f6c84fe4767354378f4d79451a8b59dacf85
train,uniform,50,309,202610510309,0,,train/uniform/n50/uniform_n50_0309.tsp,b4996dbc71f3564b98992d73b2d85314fb987bca7a81e87738347de08994d26b
train,uniform,50,310,202610510310,0,,train/uniform/n50/uniform_n50_0310.tsp,9ebe09f252079fa04352cd703a77059e46b38f0a7c414b10a6531975d737749d
train,uniform,50,311,202610510311,0,,train/uniform/n50/uniform_n50_0311.tsp,322bcd9104c09146cf87eb1ada8dfcb6c32c13f22c0ee3050f36563bde089ba2
train,uniform,50,312,202610510312,0,,train/uniform/n50/uniform_n50_0312.tsp,cb0f412aac642dc426be5da4f78370c4fa1a9ec8a9ce2bf8345c292f787ad9e0
train,uniform,50,313,202610510313,0,,train/uniform/n50/uniform_n50_0313.tsp,63b8214925d421be18d08baa025633c3c6cdecba7ed0df8bb1a81a509204216c
train,uniform,50,314,202610510314,0,,train/uniform/n50/uniform_n50_0314.tsp,5eb62dea81065dfff1f9a7de1b68055b262675485085aa5c80d652426a88af6f
train,uniform,50,315,202610510315,0,,train/uniform/n50/uniform_n50_0315.tsp,90ce2c6bc85e0b6da37bd8cc0b1cd35ea6b2963e6e197f207d748899d9c3e99d
train,uniform,50,316,202610510316,0,,train/uniform/n50/uniform_n50_0316.tsp,fa59d2ea5cc6db2d4b5138c07bd51b9f847dcd5c755f1c95f8fbc8c276aea1be
train,uniform,50,317,202610510317,0,,train/uniform/n50/uniform_n50_0317.tsp,26de5a75b6f28251cff004cc275e8e1d64c322b22fe3ef25566031ef7764138e
train,uniform,50,318,202610510318,0,,train/uniform/n50/uniform_n50_0318.tsp,50a90ddf2340bdba248a2a69a5e4ee4c1c5a01e0c676a087525c83c898ad7ad3
train,uniform,50,319,202610510319,0,,train/uniform/n50/uniform_n50_0319.tsp,7aa577b04b22cff4ab5182e97d37a96f2e341a1fdcb83e057c706d6354436ba8
train,uniform,50,320,202610510320,0,,train/uniform/n50/uniform_n50_0320.tsp,0b33869268c0dbc1cf6eb73aafb4ae7a693dcf1a4bbf35a6f1af056562814c54
train,uniform,50,321,202610510321,0,,train/uniform/n50/uniform_n50_0321.tsp,b2b8d8526533df1af491ba136c65348c20f3ba3a1676f40e2a86bddc6a423cd5
train,uniform,50,322,202610510322,0,,train/uniform/n50/uniform_n50_0322.tsp,52e6e5978d2d5d78937ab57452362c24f2b8b1dcb4681d654bc2be2d595a5df4
train,uniform,50,323,202610510323,0,,train/uniform/n50/uniform_n50_0323.tsp,038cd6ce1f8bdb8ee1e9404adc136ca7712a00e78aaf80df169e0523fa509b0a
train,uniform,50,324,202610510324,0,,train/uniform/n50/uniform_n50_0324.tsp,6483da2cd8cdbf335b719ecd57de99d7c11061869229a1787499f5b8eae208e9
train,uniform,50,325,202610510325,0,,train/uniform/n50/uniform_n50_0325.tsp,d21add1162765838396abb7f22ea8292f81172e51db0513b158a8bdc02c07a99
train,uniform,50,326,202610510326,0,,train/uniform/n50/uniform_n50_0326.tsp,1e6c1168f22df8dceb08f21dc33000a62aad38b96c5c3cce5fe5b334b18454e3
train,uniform,50,327,202610510327,0,,train/uniform/n50/uniform_n50_0327.tsp,a3c2fe235a535014466d8c451e28a2fb4bb88a8336b0d2d9aeb79c8a63d41e16
train,uniform,50,328,202610510328,0,,train/uniform/n50/uniform_n50_0328.tsp,fa19663ef13979811653fe05c69b3b6ed08e7f5efcfa385d48134ff52bf616d5
train,uniform,50,329,202610510329,0,,train/uniform/n50/uniform_n50_0329.tsp,2b7cecf1435ca08d7559da8e4414abc8bcd88a0a9d4be0aca7f8bc9b59d54d83
train,uniform,50,330,202610510330,0,,train/uniform/n50/uniform_n50_0330.tsp,070120b816a83daa2440bdea112cb6cea117c83a1e585d8d574cb26211e804d2
train,uniform,50,331,202610510331,0,,train/uniform/n50/uniform_n50_0331.tsp,8ffe899909f5f61c1a84cbad95b0aaf2e52e00f2a5b21f929b085d9937d5ab44
train,uniform,50,332,202610510332,0,,train/uniform/n50/uniform_n50_0332.tsp,576f97f318b43616a1acfe7cbdd365f8c7c92efc3dfc67959fc26973cf328a9d
train,uniform,50,333,202610510333,0,,train/uniform/n50/uniform_n50_0333.tsp,a9165b8ea06909ad44978e9efb5e08dc979d4266eb858004717faf21cd394f32
train,uniform,50,334,202610510334,0,,train/uniform/n50/uniform_n50_0334.tsp,d1c05e107255daf0145c2c4a329d46d3d5b44dfd159a0360d277b50651a38964
train,uniform,50,335,202610510335,0,,train/uniform/n50/uniform_n50_0335.tsp,db1f63ed6d2dfedaf5cca2a4273d9055904a2c379d862dea92231d3b0af3f453
train,uniform,50,336,202610510336,0,,train/uniform/n50/uniform_n50_0336.tsp,e2347251278e82deec1f1184eaeff0efc54e0d96db86d629ab6ed2e45275d821
train,uniform,50,337,202610510337,0,,train/uniform/n50/uniform_n50_0337.tsp,39c0b1a7d922f628797e34711c53a76a122a0de6f359940422b3a9b86394595b
train,uniform,50,338,202610510338,0,,train/uniform/n50/uniform_n50_0338.tsp,6c1f58e5938b6a907c6921c1689f5966c33ef8ba8159e23a4c68acd90e8fe292
train,uniform,50,339,202610510339,0,,train/uniform/n50/uniform_n50_0339.tsp,f648347d3dd826119f4b729f3c028e7d28822b4b5f7073436f83a0264b327943
train,uniform,50,340,202610510340,0,,train/uniform/n50/uniform_n50_0340.tsp,557c6196688034a5eefae48f8f909072cc70acba55388899c74ffaee0f0e45f1
train,uniform,50,341,202610510341,0,,train/uniform/n50/uniform_n50_0341.tsp,afc9920771f108845130fbda54da6c5dddb63255a3b344668da61c9c1c5124c3
train,uniform,50,342,202610510342,0,,train/uniform/n50/uniform_n50_0342.tsp,5ee83abd0ff35bca22c79a3c296fd3f4319b291500ea699ad8327baefe64e982
train,uniform,50,343,202610510343,0,,train/uniform/n50/uniform_n50_0343.tsp,f57708f6071a10b9b521405050de8b72aa4189a17647edf47646dc5e3f4d5e9c
train,uniform,50,344,202610510344,0,,train/uniform/n50/uniform_n50_0344.tsp,226fd156430a14461b9a96509b44e6b1a7716c0c5b8d60396a1783359aa45dd3
train,uniform,50,345,202610510345,0,,train/uniform/n50/uniform_n50_0345.tsp,68a91da240bd2013496d97f1c756ca39f4f3e4da2f7bdfb33ba1ebfb18d9e7c7
train,uniform,50,346,202610510346,0,,train/uniform/n50/uniform_n50_0346.tsp,b66ca87b7c43e84d9601b95f36b755fa98c4100d6551b563f47de5f1011b7091
train,uniform,50,347,202610510347,0,,train/uniform/n50/uniform_n50_0347.tsp,a8143bcc1e5b3a0ecc6c09b8a56c2fae4649e9353114728620fa5562ecac11a0
train,uniform,50,348,202610510348,0,,train/uniform/n50/uniform_n50_0348.tsp,f7b172b5e391f2c9fa815445335f7fd6514175d5a71dfb20b9f63286803f47ff
train,uniform,50,349,202610510349,0,,train/uniform/n50/uniform_n50_0349.tsp,209ac68c4b1fc051f1f497fab173789bc9eea9deb73918f13f2b066d55e78d5d
train,uniform,50,350,202610510350,0,,train/uniform/n50/uniform_n50_0350.tsp,3063a6f78da6add38c87ac1f8f67de83da53f89638f010a4031a2dcaff9fa90e
train,uniform,50,351,202610510351,0,,train/uniform/n50/uniform_n50_0351.tsp,cd3e72806907f202ab60c23c20d2ee3375c083288fb542af8bdc24fc45797140
train,uniform,50,352,202610510352,0,,train/uniform/n50/uniform_n50_0352.tsp,318ce8c9c606490dc5e22a5375fc44c7bd43faa7dd359e7f7bea4fd1f9a133f3
train,uniform,50,353,202610510353,0,,train/uniform/n50/uniform_n50_0353.tsp,8e427e11ca8ef7f04d345a9263ca7d4f599a93b017e88506135fc264e6bd2eb9
train,uniform,50,354,202610510354,0,,train/uniform/n50/uniform_n50_0354.tsp,9719249e778ddb8b292346c490d09f0d9a46122d41de2f06ea7a4a2597132626
train,uniform,50,355,202610510355,0,,train/uniform/n50/uniform_n50_0355.tsp,b099b6df5b8ad521e22ef038ddac405218db9ede7726c24b2550fec6672b0dd0
train,uniform,50,356,202610510356,0,,train/uniform/n50/uniform_n50_0356.tsp,7505fe9ca3b45435b11cd98a3025f7d99bff3b42e6bde4deff1a1f51e83f35c1
train,uniform,50,357,202610510357,0,,train/uniform/n50/uniform_n50_0357.tsp,fddaa7f7fa1e870c36a30b91f6ed3bc029c373eda9d6de876cb63d00f440a14d
train,uniform,50,358,202610510358,0,,train/uniform/n50/uniform_n50_0358.tsp,b33810944dd220bd7f84968a7a79df8b99328b75ea29c65e159174d1f609c1e6
train,uniform,50,359,202610510359,0,,train/uniform/n50/uniform_n50_0359.tsp,01110677d7eeee148d5313ec03cb95f7ad1b4393d3e21bda0224f3ab25e1e140
train,uniform,50,360,202610510360,0,,train/uniform/n50/uniform_n50_0360.tsp,228bafd6f92bdb17a2ba6eaeec182c9823e978b9f513ac3f8c7fa0bcc80352b7
train,uniform,50,361,202610510361,0,,train/uniform/n50/uniform_n50_0361.tsp,fe2de0ad1755b3a4ea027dab768be67a5b24ac0dd104921a1ead917aac95664b
train,uniform,50,362,202610510362,0,,train/uniform/n50/uniform_n50_0362.tsp,7930023961e8d218f7842e00985b1c6e3b325b05f8007c9148458e1728ac3d79
train,uniform,50,363,202610510363,0,,train/uniform/n50/uniform_n50_0363.tsp,bd3a73a138a00a910d26fc7b4e2bb4e1dcc5c0cc9bbc7f5446edb6d9199441ed
train,uniform,50,364,202610510364,0,,train/uniform/n50/uniform_n50_0364.tsp,e6f11882e6bb3e4bdf31f22f2f5d8ea9dc54b524508afd1ab597db0e74f7643c
train,uniform,50,365,202610510365,0,,train/uniform/n50/uniform_n50_0365.tsp,47450d2d63c242a2ee5fc04b7c6a21cb6987559aacc409faff0c5ac566eaa2a6
train,uniform,50,366,202610510366,0,,train/uniform/n50/uniform_n50_0366.tsp,eb2481fb652e35fef17400fe4f9f4948d1e2bf39e3f0ff51c519c4c928770b95
train,uniform,50,367,202610510367,0,,train/uniform/n50/uniform_n50_0367.tsp,3d1beb32bf97d05b5cd337f1067b9ddf7562cb2a363f8c5b9f1b291687b05453
train,uniform,50,368,202610510368,0,,train/uniform/n50/uniform_n50_0368.tsp,788d54593e401b71b168e93379c0a4c922a0351ef456b65ef7d47173b1b8930f
train,uniform,50,369,202610510369,0,,train/uniform/n50/uniform_n50_0369.tsp,52b7e463c2a58ea43a3d24d583661aa90232219d74757284922081886ff00bc9
train,uniform,50,370,202610510370,0,,train/uniform/n50/uniform_n50_0370.tsp,07e0dba1fa945405fbd307b6cc53780b9ce37d7c0105fcb95494ffd0e4838a3a
train,uniform,50,371,202610510371,0,,train/uniform/n50/uniform_n50_0371.tsp,727931d45bc28ba19bf0b52ce751edd3b228548d72453fd7e15f448ba3875245
train,uniform,50,372,202610510372,0,,train/uniform/n50/uniform_n50_0372.tsp,6e08cbed1c3d8c4762bd27e9a3acb088f9e89e6fce95e161161277233bbe4499
train,uniform,50,373,202610510373,0,,train/uniform/n50/uniform_n50_0373.tsp,ed8234451b71fc2673a68389b4c1574748b269ff48064b92845ab3aeb94169f6
train,uniform,50,374,202610510374,0,,train/uniform/n50/uniform_n50_0374.tsp,2c5a97971774ed3ed1890c05d9dd61c8ba754cc6525f42c81d099087bd4bce30
train,uniform,50,375,202610510375,0,,train/uniform/n50/uniform_n50_0375.tsp,8f15d348e55adc73c62fb0a42888d171cb78d09aa33901afa91e6162f83340dc
train,uniform,50,376,202610510376,0,,train/uniform/n50/uniform_n50_0376.tsp,e869ff3af9bb0369b45943484e54c41828dad0105556d4249f0b1e94941cccb1
train,uniform,50,377,202610510377,0,,train/uniform/n50/uniform_n50_0377.tsp,44c6ece6115aa58d3a266cb304cac5cad05e1a4569cd98e9f05bb2fb02f60731
train,uniform,50,378,202610510378,0,,train/uniform/n50/uniform_n50_0378.tsp,80230bd2dfcaef843e0ca432811a20a0cd7d1e1d7b2ee59457cc4a78101349b2
train,uniform,50,379,202610510379,0,,train/uniform/n50/uniform_n50_0379.tsp,8c2d857147b41561d7a1745738d0648453b534478ce320ebff254baccc7a33f3
train,uniform,50,380,202610510380,0,,train/uniform/n50/uniform_n50_0380.tsp,fa92dd7765437947432cf3e8ff9373abb7288ef241ed4ef4cebdf0db3ff0d96c
train,uniform,50,381,202610510381,0,,train/uniform/n50/uniform_n50_0381.tsp,637fcb3ae6d715bbc1773860f412c977e3b801702431eed362c61cfc0044b30a
train,uniform,50,382,202610510382,0,,train/uniform/n50/uniform_n50_0382.tsp,32f7b7b0d9fa13a06832aed9d0fc3937b8b2bd5b4a678bd278456e50382362bf
train,uniform,50,383,202610510383,0,,train/uniform/n50/uniform_n50_0383.tsp,abdd2ea8f888121c9f2d5c58309d7bc5cded1e4094ea96b4e3f45f18862b52ff
train,uniform,50,384,202610510384,0,,train/uniform/n50/uniform_n50_0384.tsp,58fd9b07c85ce4c4263625615e9ce90f53411ee95362e3ef1fa07ff5dc280ed0
train,uniform,50,385,202610510385,0,,train/uniform/n50/uniform_n50_0385.tsp,8d02e862eded84d48901a1285eeff4781351ffd1cbd64efeab9b6615b3db0994
train,uniform,50,386,202610510386,0,,train/uniform/n50/uniform_n50_0386.tsp,a65100ebfea30422ac4d976568e02a158758ff306f93399460814429635c88b8
train,uniform,50,387,202610510387,0,,train/uniform/n50/uniform_n50_0387.tsp,8ec6fdc4e97ce84a2380aec4c3802b97ac288d9d22139ea68006c05b134640ba
train,uniform,50,388,202610510388,0,,train/uniform/n50/uniform_n50_0388.tsp,62bd5edf575615e6b95e7618190ed48c9dca6aa26387ca1de17191373afa86c7
train,uniform,50,389,202610510389,0,,train/uniform/n50/uniform_n50_0389.tsp,2f20f343e04e30cadd84c6867864727c7f31af1a15bd47d627ff5401ab594c37
train,uniform,50,390,202610510390,0,,train/uniform/n50/uniform_n50_0390.tsp,ba2e4efa83295c8e014dc2a9880322a5d7b07241fa3b4f57916d09c3fce87229
train,uniform,50,391,202610510391,0,,train/uniform/n50/uniform_n50_0391.tsp,e9f6a3ea8ea9fd89739564202b8be527ee592c219946d0c669b235d4c981990b
train,uniform,50,392,202610510392,0,,train/uniform/n50/uniform_n50_0392.tsp,dc35f08ecbd8d258db5b5af6522fc9fb335396f791eaf9a322e4a59257666b20
train,uniform,50,393,202610510393,0,,train/uniform/n50/uniform_n50_0393.tsp,ddbccd32416dacf5d5ed892c34df54aafd649f0a8941ce5790284c577d6c55e4
train,uniform,50,394,202610510394,0,,train/uniform/n50/uniform_n50_0394.tsp,9eb8d09005cd30eb2cf6d3f2f3bea3c5376a5659f5a7660a87b2046f98538bd4
train,uniform,50,395,202610510395,0,,train/uniform/n50/uniform_n50_0395.tsp,988c69ddbfc16697d5ba734c8b522610b1972b239cfa6b499c1c19dc0de6548d
train,uniform,50,396,202610510396,0,,train/uniform/n50/uniform_n50_0396.tsp,99ebf3eeeefc3c46819216887187e001ae35a5dd9d2120f30c86bb6e1198165a
train,uniform,50,397,202610510397,0,,train/uniform/n50/uniform_n50_0397.tsp,f9cb85f6d13d5543f32570bf430043018fef8db9b8cf924c3228fad45a9159f2
train,uniform,50,398,202610510398,0,,train/uniform/n50/uniform_n50_0398.tsp,2d5f52a11034c980ddb1ae4f6eca86a4c07b0a94ac18c2e946fddc7f635e2f7d
train,uniform,50,399,202610510399,0,,train/uniform/n50/uniform_n50_0399.tsp,36b86bd4d5f9a7df824079b8ca09f0799c92a4b7e40d9c58fdff9a35f0723fa5
train,uniform,50,400,202610510400,0,,train/uniform/n50/uniform_n50_0400.tsp,9662f70eaadd5af901364835b110727061fb2f9176f2a4c4ad0a860f03a2561b
train,uniform,50,401,202610510401,0,,train/uniform/n50/uniform_n50_0401.tsp,1b871d7795a4e332a9d3b8a37223a7e96a18fb978fda297587087a0af4b11578
train,uniform,50,402,202610510402,0,,train/uniform/n50/uniform_n50_0402.tsp,1364bc3556c3633ac109a0d9328d17c87306ca7812435f04094ace13ef00cb4b
train,uniform,50,403,202610510403,0,,train/uniform/n50/uniform_n50_0403.tsp,233f06ceb9b72e8bd90e66501b5747b3cd3efd302560e676465febb8d62c0937
train,uniform,50,404,202610510404,0,,train/uniform/n50/uniform_n50_0404.tsp,780e8139e9e06ad4dcfcfcdce589e5001246f34188aba94b29220a36f0d3b71b
train,uniform,50,405,202610510405,0,,train/uniform/n50/uniform_n50_0405.tsp,ed9893e971a4ede9a4074573ee62db5f49254e2ee7f8b0f06178492d54b56559
train,uniform,50,406,202610510406,0,,train/uniform/n50/uniform_n50_0406.tsp,a56e37868fc958174a8f462554432ba3c096f20cf6fdab12fec017c782c8e583
train,uniform,50,407,202610510407,0,,train/uniform/n50/uniform_n50_0407.tsp,488f47a6aa70392c0584ea950bf7c2376068468da1af1598a29d29f91e515585
train,uniform,50,408,202610510408,0,,train/uniform/n50/uniform_n50_0408.tsp,6b73ea78fccb3c4d67f49c2545b810291e2851c15aa2239d61b0874ca28126c5
train,uniform,50,409,202610510409,0,,train/uniform/n50/uniform_n50_0409.tsp,844c09eb02e52d392a4e68307509ce313a2dc537df6e206e93e70e94cf0c341c
train,uniform,50,410,202610510410,0,,train/uniform/n50/uniform_n50_0410.tsp,2075cf4023492084ba8f7edf6fc06f2b78eb6726379b127016500f70513b31c9
train,uniform,50,411,202610510411,0,,train/uniform/n50/uniform_n50_0411.tsp,b60e929ad2f3c93d24377893a1cb82dca33624f607d9af5cc39e38943660cee7
train,uniform,50,412,202610510412,0,,train/uniform/n50/uniform_n50_0412.tsp,6cc7376e2e46d8cb50557bfb5ee12f573404998aed983fd03eb87466373034ad
train,uniform,50,413,202610510413,0,,train/uniform/n50/uniform_n50_0413.tsp,c13a56d41897cd50a542f4787a6a8ce0ac2c4df92dd9e04fb790ad3ed3091fdd
train,uniform,50,414,202610510414,0,,train/uniform/n50/uniform_n50_0414.tsp,6d7ddd0502a924f1b137c051d5837b32460f656d1d14e37d822529df042956ef
train,uniform,50,415,202610510415,0,,train/uniform/n50/uniform_n50_0415.tsp,eb0e549ea32c4b7f93958519736ac1dcda6d8af56bfef9e97e5449c2cfa919ff
train,uniform,50,416,202610510416,0,,train/uniform/n50/uniform_n50_0416.tsp,bdb99d2ac0f5d84add4d95178e69784c640170a5480ed215865456b0fefba48b
train,uniform,50,417,202610510417,0,,train/uniform/n50/uniform_n50_0417.tsp,a99ec5b689500c32f47cc48e9f85b276c8f6012a49be1d69a84c92e6f966b933
train,uniform,50,418,202610510418,0,,train/uniform/n50/uniform_n50_0418.tsp,a40d13f974caee608c761f0bf2a8f1cfad60e17b49c6ac6c56d84497e90abbd4
train,uniform,50,419,202610510419,0,,train/uniform/n50/uniform_n50_0419.tsp,1ece1e0ed24827c7af5b3e4049074a65f34d3e02c220f37f51ada2868c4b97b1
train,uniform,50,420,202610510420,0,,train/uniform/n50/uniform_n50_0420.tsp,fe41a57df79ef1a01abfcbabe96136a6c22f7f608cb32c5cd2364d2be3044fce
train,uniform,50,421,202610510421,0,,train/uniform/n50/uniform_n50_0421.tsp,c3bba99bc0d3044ace02c5f56c1fceaeb163568a0f15da5c4765716dadd69a1f
train,uniform,50,422,202610510422,0,,train/uniform/n50/uniform_n50_0422.tsp,034e1896a9dc4363f1477d01c44864fd96448eed99f58b09bce357363176145f
train,uniform,50,423,202610510423,0,,train/uniform/n50/uniform_n50_0423.tsp,1192b7d879e758e751170a03386f7d6b3b4cd9d23e76563d4c387b87a8c99555
train,uniform,50,424,202610510424,0,,train/uniform/n50/uniform_n50_0424.tsp,edd99acddf8f1e4a28c6568448a748bbbb7685fb98ef88305c1e6dce2794cd50
train,uniform,50,425,202610510425,0,,train/uniform/n50/uniform_n50_0425.tsp,d47d92b4b399b39d92d9f893e6c8f4af7c3152cd5289a3d073007cb639e056b1
train,uniform,50,426,202610510426,0,,train/uniform/n50/uniform_n50_0426.tsp,a49a0bf31c43371427ceb4a4477eb1281a3bdd002593fc84c5c5659104115f04
train,uniform,50,427,202610510427,0,,train/uniform/n50/uniform_n50_0427.tsp,db06a509ec665c6e887bdd40fe87ab32a36622766b449156fde367acb04c0e28
train,uniform,50,428,202610510428,0,,train/uniform/n50/uniform_n50_0428.tsp,7c2c0794642b0dddea03f0be8c10f11ae18f0978d4635cd5b9265788e7f876be
train,uniform,50,429,202610510429,0,,train/uniform/n50/uniform_n50_0429.tsp,bd3fccc0a59a50b15e47bfc4420318bf8315569dedf8a63201b9040dc63145fd
train,uniform,50,430,202610510430,0,,train/uniform/n50/uniform_n50_0430.tsp,343c5ea7c9309f42e0624462374e07e05363c62cc62bcdd2402ca6274fa968b3
train,uniform,50,431,202610510431,0,,train/uniform/n50/uniform_n50_0431.tsp,bdff40543795fe988a6e176bb807f0817586bcc3daebfcc3b5be5e4e8ec17d5a
train,uniform,50,432,202610510432,0,,train/uniform/n50/uniform_n50_0432.tsp,76de495c3b74a565ff9c7aee2237ef8918c1046fb36d6f163b82ab429c3fb5e1
train,uniform,50,433,202610510433,0,,train/uniform/n50/uniform_n50_0433.tsp,3d1d2116b8aee5c8a872afcfedfc468bf969f1c0082c74e9645785226de22586
train,uniform,50,434,202610510434,0,,train/uniform/n50/uniform_n50_0434.tsp,d9c629bbedab785bf909827728dda5a7f13391ca7edfb8d0bb41b1b99f41c587
train,uniform,50,435,202610510435,0,,train/uniform/n50/uniform_n50_0435.tsp,f86873429c925d953989f2e0eba82340d96d2ef8c1763c7cd694102ba0a0c7b1
train,uniform,50,436,202610510436,0,,train/uniform/n50/uniform_n50_0436.tsp,ad255c940051df19460e9d94645e608fe121e3f038d58ed20642af7f233c7be0
train,uniform,50,437,202610510437,0,,train/uniform/n50/uniform_n50_0437.tsp,38d792877a40d741c93fc861ea20bbb31c7b2846266f1ff5f29cb2391ef241f7
train,uniform,50,438,202610510438,0,,train/uniform/n50/uniform_n50_0438.tsp,3fe2bf05fc52c17fa3228c84eb61c76d79ff50c02a80b847bd87ee2bde1c7d9e
train,uniform,50,439,202610510439,0,,train/uniform/n50/uniform_n50_0439.tsp,0644b2be58e91addad3d4a7a174b5104899ddb0023e8caf70d35a29a10802f82
train,uniform,50,440,202610510440,0,,train/uniform/n50/uniform_n50_0440.tsp,b192757c3b4a32186aa85338a28ce7b70063755cd63eff7bb1d7427ba48f2739
train,uniform,50,441,202610510441,0,,train/uniform/n50/uniform_n50_0441.tsp,4dcb1632e6473b8377bf54f617ed6c79d221b2868e739e966b5c476578d1019e
train,uniform,50,442,202610510442,0,,train/uniform/n50/uniform_n50_0442.tsp,8dfc38635c941a027ecc729353ff869d4df6870846119f5ea58577d5bd0d799c
train,uniform,50,443,202610510443,0,,train/uniform/n50/uniform_n50_0443.tsp,1cacbba76dfe261fbca215318ecb00f4866a24df81e6491e848711833c1a6ffd
train,uniform,50,444,202610510444,0,,train/uniform/n50/uniform_n50_0444.tsp,427d61846a7ecfafe853f9b37e8580c5644a3c4c6608e88c6d90e7aa2779ac67
train,uniform,50,445,202610510445,0,,train/uniform/n50/uniform_n50_0445.tsp,d82650986352b604f5ae24316681a25174f0837ac827df9daaff102f8004ea8b
train,uniform,50,446,202610510446,0,,train/uniform/n50/uniform_n50_0446.tsp,347bc445e494bc74552a2e7061481707e00dc811eccd3ee6c13c3ba0d0a9acd8
train,uniform,50,447,202610510447,0,,train/uniform/n50/uniform_n50_0447.tsp,b9c42fd8e5d32b1d46361140af1b2dbdd2717209dd24b8b7cc3b593dba26930f
train,uniform,50,448,202610510448,0,,train/uniform/n50/uniform_n50_0448.tsp,489a71669a231ab344564a8e4007eaec674f84ccc552b80f2e6472edc2566cfd
train,uniform,50,449,202610510449,0,,train/uniform/n50/uniform_n50_0449.tsp,cff4be7116cc42e89e89de1b73fc9ae75843ee6889e63db38ec4fbba6827d339
train,uniform,50,450,202610510450,0,,train/uniform/n50/uniform_n50_0450.tsp,c3b5589c92ca1c8129ed9dc3ae26b54130a5f6900f0fb0d1a0b29b6ab72dcb68
train,uniform,50,451,202610510451,0,,train/uniform/n50/uniform_n50_0451.tsp,7c7e6df3720959b0db973bc81ac9cfbb87e79d72a94674dacadc093b0edbe9ec
train,uniform,50,452,202610510452,0,,train/uniform/n50/uniform_n50_0452.tsp,1694129f05c51fe1be396c726039a2fbc9752aae83fbd27d64eb4e4c68fd3f0c
train,uniform,50,453,202610510453,0,,train/uniform/n50/uniform_n50_0453.tsp,bdd30d192aab7afc5309e0f34a4ebd0dec1bbf3801bb91019908ad3fffc4580a
train,uniform,50,454,202610510454,0,,train/uniform/n50/uniform_n50_0454.tsp,a8333a66fa83f55ce44294595a1e1c37aa0e7155811302c8aa4a79310c0167bd
train,uniform,50,455,202610510455,0,,train/uniform/n50/uniform_n50_0455.tsp,9306e40b167c36c9e92672017527cf4595d784366c84589094b7119ca5382fbc
train,uniform,50,456,202610510456,0,,train/uniform/n50/uniform_n50_0456.tsp,62903ffcdc836694027a542ad3bab9d31c8f98b33bdb3cfe4490db69b9804416
train,uniform,50,457,202610510457,0,,train/uniform/n50/uniform_n50_0457.tsp,068c04045d2bddcc71c20340a0b7d7dcd201abc97aa86510984f8361f8dc3c86
train,uniform,50,458,202610510458,0,,train/uniform/n50/uniform_n50_0458.tsp,ed3689842f8f86b745244d6895abb2e1a09fe822ddf843c16353eabe759e8d7a
train,uniform,50,459,202610510459,0,,train/uniform/n50/uniform_n50_0459.tsp,c2205c1d1cada80d2ad2527976767c953334037757a90bc868117461242599a5
train,uniform,50,460,202610510460,0,,train/uniform/n50/uniform_n50_0460.tsp,5d0843d15c63eb55bbe41ddd67de6d101916007f1b2b0dcae55f49a006b15f6d
train,uniform,50,461,202610510461,0,,train/uniform/n50/uniform_n50_0461.tsp,baaae3f88cf7ea7a400314630c6e54401cb95ef2889f609bc5eaccd62bc735b5
train,uniform,50,462,202610510462,0,,train/uniform/n50/uniform_n50_0462.tsp,841613a1486cb6f3f8499f01d7064538b14e07796842adb16247abb7e0dd7e81
train,uniform,50,463,202610510463,0,,train/uniform/n50/uniform_n50_0463.tsp,8002954eacbdb00e52a6196ac5fa684454db7184789d4b14033906825c7b8185
train,uniform,50,464,202610510464,0,,train/uniform/n50/uniform_n50_0464.tsp,f971c694d9f8ed8c9222af1b62c1740fb77d441e249c2a76370ac305985dfe6f
train,uniform,50,465,202610510465,0,,train/uniform/n50/uniform_n50_0465.tsp,ff0238c89cc2060e89970bdb5719921de1b277244ec94cac915d532db330bace
train,uniform,50,466,202610510466,0,,train/uniform/n50/uniform_n50_0466.tsp,2b9db36b206010dbca65360aa0ac0b65c44e4abe4733de6827f2748db40d1b1b
train,uniform,50,467,202610510467,0,,train/uniform/n50/uniform_n50_0467.tsp,80b8376c53f9070afe215fbed4fa96c8cf0a6eed21f6fe3cc109e865cd50fc47
train,uniform,50,468,202610510468,0,,train/uniform/n50/uniform_n50_0468.tsp,2a52829ffc58a61e8205c78c285a58f45b8cb515bff545fdb3beae284d6215cb
train,uniform,50,469,202610510469,0,,train/uniform/n50/uniform_n50_0469.tsp,5dadea379c8875d4e1d0c13b777f796798c71681a1e3f56fadd9f86de515d531
train,uniform,50,470,202610510470,0,,train/uniform/n50/uniform_n50_0470.tsp,ef8c8694d2eb3048937bdfc630f522123cf3ee5418ec3514afa117079d09ec43
train,uniform,50,471,202610510471,0,,train/uniform/n50/uniform_n50_0471.tsp,27e2c02cef1de884d53e9758504ee531bbe343b868fe7c4b4855d8e98a3c79f8
train,uniform,50,472,202610510472,0,,train/uniform/n50/uniform_n50_0472.tsp,e7f7dbb5ffe13d72de59b0e829b0cc3624edf30be7f18f7f357061c08642fb33
train,uniform,50,473,202610510473,0,,train/uniform/n50/uniform_n50_0473.tsp,0d3e9b9e26c10d1c05168656f1515d889f4d10fc24c5d74966069a1d95353d98
train,uniform,50,474,202610510474,0,,train/uniform/n50/uniform_n50_0474.tsp,53c4d628022c18cac8f2d96adbcdadf210c5faa7f8444ca888ca4640c55d51f0
train,uniform,50,475,202610510475,0,,train/uniform/n50/uniform_n50_0475.tsp,03f5aca07e9f651a22a667a6cef43de91507048ec8704b6a45348fb24b570ccb
train,uniform,50,476,202610510476,0,,train/uniform/n50/uniform_n50_0476.tsp,7850e470a6ef58e537560ea03c8581329e10e49031f3a7371cb240e93d2a5fd9
train,uniform,50,477,202610510477,0,,train/uniform/n50/uniform_n50_0477.tsp,e8cd4cac8e43f2067eba19842b522cb5f0b82d42b38696f291b1759f1fb0f3f4
train,uniform,50,478,202610510478,0,,train/uniform/n50/uniform_n50_0478.tsp,b9bdeba291c2f32cde7ec3ba9dd64202dbefbdd5400b23a7e66773830808137e
train,uniform,50,479,202610510479,0,,train/uniform/n50/uniform_n50_0479.tsp,d2ac9cde71dabdf6a7f0b586bca3732470f212fb583be08ff131e864de3caa76
train,uniform,50,480,202610510480,0,,train/uniform/n50/uniform_n50_0480.tsp,88d87a7f9a9eb12f598cc96c4db2e9cac45b7660b7e79a1e3e66982c4384b0eb
train,uniform,50,481,202610510481,0,,train/uniform/n50/uniform_n50_0481.tsp,15c3c7adfd34f91b015481a6ab93d775c6849373992a2b21bd79b7847c37c371
train,uniform,50,482,202610510482,0,,train/uniform/n50/uniform_n50_0482.tsp,43513245bd9f7f00b80db3af81b6a35892b5dfe3e2fbab4d4ddf37693a0004f9
train,uniform,50,483,202610510483,0,,train/uniform/n50/uniform_n50_0483.tsp,cf0dad7b11781ce132defcd7aada71a66ee0b407f9db26f96a4cd18dde789c62
train,uniform,50,484,202610510484,0,,train/uniform/n50/uniform_n50_0484.tsp,2def610eef2cd5c1c89a1810740317bf3f5d2cc54df670822285d6afb8f37572
train,uniform,50,485,202610510485,0,,train/uniform/n50/uniform_n50_0485.tsp,398c229c1f5f1b79f71665723f0904a16f2b833fe61e2cecc8d60d79f5a0e9a4
train,uniform,50,486,202610510486,0,,train/uniform/n50/uniform_n50_0486.tsp,797690b34fc39da1a6bc141fc48216debe9b7fdbadbb0f781e7eac7c42b04daf
train,uniform,50,487,202610510487,0,,train/uniform/n50/uniform_n50_0487.tsp,f16cffb5b84d5dc09ab4b8477429f94bc60baa23d5b46e739a36278734ba82cb
train,uniform,50,488,202610510488,0,,train/uniform/n50/uniform_n50_0488.tsp,c5770b22a1220bef20020d3fc881a0d3a2bc2f5954beff7ad80bbe7dba0719b1
train,uniform,50,489,202610510489,0,,train/uniform/n50/uniform_n50_0489.tsp,d3e0edc31226457f00875fb79cedf6f28bff634bdf56980c8a622dcf9ea4d05b
train,uniform,50,490,202610510490,0,,train/uniform/n50/uniform_n50_0490.tsp,789bbe9f8d983750c21ecc96279b9a74b51f526f6ffa2f209e155b0dc0316e0c
train,uniform,50,491,202610510491,0,,train/uniform/n50/uniform_n50_0491.tsp,a82d885313d1e70524d9506f3119b8427e56dd7a499626238479ce33122370d1
train,uniform,50,492,202610510492,0,,train/uniform/n50/uniform_n50_0492.tsp,e062e003d71eafd1ef3fef4726ac9e8d18ccb8922adbd6ab3015c849bbd82c9b
train,uniform,50,493,202610510493,0,,train/uniform/n50/uniform_n50_0493.tsp,4d2de3f1ff99a0483f15b09ff6f72233d7f9f47e2066e12341a4d995b2fbae87
train,uniform,50,494,202610510494,0,,train/uniform/n50/uniform_n50_0494.tsp,1fca584ead3c89cfd2c5f9ec0d811c1829da34f390f7bc3e4ebf28cd25ea7bbf
train,uniform,50,495,202610510495,0,,train/uniform/n50/uniform_n50_0495.tsp,5884927f6cdbadd73dd5a0b5e1cb8f5fec5027002d5287e0e8cfbfd418fee517
train,uniform,50,496,202610510496,0,,train/uniform/n50/uniform_n50_0496.tsp,fd98504ded00957a989b37b50f7e0ee406154bcd4d258918b10fbec3458accde
train,uniform,50,497,202610510497,0,,train/uniform/n50/uniform_n50_0497.tsp,30942d2326f87ad2b98349bb1871edfcd3eab3a03c9be0538bc95fda7f89dacc
train,uniform,50,498,202610510498,0,,train/uniform/n50/uniform_n50_0498.tsp,4b098b7aec2ff80dcbbd53758af456a1a78314785465620fe9a575361f061cab
train,uniform,50,499,202610510499,0,,train/uniform/n50/uniform_n50_0499.tsp,0d86a58327e28160a4c4f2b6892576553703f169ab1da4b82154d842d6f98358
train,uniform,60,0,202610610000,0,,train/uniform/n60/uniform_n60_0000.tsp,b09a154aa1c3daea37e4adfad055aa5d059a397fa89e7804dcb8779bbc28eb0b
train,uniform,60,1,202610610001,0,,train/uniform/n60/uniform_n60_0001.tsp,12e6e59534edfb31c5e84074dfd63e2504b0f9cb053f433aa3f39f917c134d4f
train,uniform,60,2,202610610002,0,,train/uniform/n60/uniform_n60_0002.tsp,3e5a09c42d3d26162ee2d9f838a19196b87990fc4fc06bafbfb64536952ac88d
train,uniform,60,3,202610610003,0,,train/uniform/n60/uniform_n60_0003.tsp,57c565f6047bedc050c101e252bd14af5532a4cfe3602f0f7821f0886e8f486e
train,uniform,60,4,202610610004,0,,train/uniform/n60/uniform_n60_0004.tsp,94aef4042a8c61b42e474fff43347977520d7649d2b1924aadace527bea5dfd2
train,uniform,60,5,202610610005,0,,train/uniform/n60/uniform_n60_0005.tsp,45f17d0acd07e5c26860160019409bb88cbabb62eaefd734b1d13c13fcf7b268
train,uniform,60,6,202610610006,0,,train/uniform/n60/uniform_n60_0006.tsp,c288c479b282ca1bd887dbcf2a7a1c4b95512f5c0fd08d92cec25cedb62ab3fd
train,uniform,60,7,202610610007,0,,train/uniform/n60/uniform_n60_0007.tsp,9bdfd415a98a8e57b9a8de18e75e949e4d3eff23a04976a822a80ac84c1da808
train,uniform,60,8,202610610008,0,,train/uniform/n60/uniform_n60_0008.tsp,84078cf62ef6d3c9098f826512314c79842385af9c06ed21237e65b69f9d9050
train,uniform,60,9,202610610009,0,,train/uniform/n60/uniform_n60_0009.tsp,586da18433bbfd6f7b7cc5938dc64bd3fc6fbca47d231e7c372038c5f5da03f6
train,uniform,60,10,202610610010,0,,train/uniform/n60/uniform_n60_0010.tsp,66f904373c7b4ea07efb0f1eae2419151852fa278046629552fdb50a263a8782
train,uniform,60,11,202610610011,0,,train/uniform/n60/uniform_n60_0011.tsp,7fbbf5ffb7f608d9b8aabfb98673a5fa28c19bdacaea12ece5fb5b98b21a11e1
train,uniform,60,12,202610610012,0,,train/uniform/n60/uniform_n60_0012.tsp,644bb31b14d2caa9d07f36256f647663c5877e09aa3b0368f02f33c82f5c8082
train,uniform,60,13,202610610013,0,,train/uniform/n60/uniform_n60_0013.tsp,54850016fa6a8822e9baa15e36aa312bac232eea75c37597a63d57a24e7753f8
train,uniform,60,14,202610610014,0,,train/uniform/n60/uniform_n60_0014.tsp,090f64e9d1bce3130a5091437f82f210f5a5af7e5786bf21a866dc1c92e1fac2
train,uniform,60,15,202610610015,0,,train/uniform/n60/uniform_n60_0015.tsp,518e982c6715a089dc6e0f76554dc6b3aa2251359ed29c1369aad015b3d9d9ba
train,uniform,60,16,202610610016,0,,train/uniform/n60/uniform_n60_0016.tsp,72605d98a413401577aeefaafb89103aec43dc0a8764d9fc4dc92945e2371774
train,uniform,60,17,202610610017,0,,train/uniform/n60/uniform_n60_0017.tsp,8690bbecf83f07fbce8fbfa60427337fb0c21d9d894d2dd4c928e0ac159b1f14
train,uniform,60,18,202610610018,0,,train/uniform/n60/uniform_n60_0018.tsp,49e6ecde9648380c33fcd880bd8e4665712ff4675d5e29cb91e4eb726d2e07aa
train,uniform,60,19,202610610019,0,,train/uniform/n60/uniform_n60_0019.tsp,bc92a7336328aac1ce471d12babfe65c6d822c0b7661e537a37f2b4a602e4140
train,uniform,60,20,202610610020,0,,train/uniform/n60/uniform_n60_0020.tsp,c3275cb44fa466ce3a3470ef80356d4dfae0bc724948c930ce9d9184a9671410
train,uniform,60,21,202610610021,0,,train/uniform/n60/uniform_n60_0021.tsp,a5559ce74248ffb14bd5a98bcb0e3dc14f03098686fd6e1f99dc315749e17860
train,uniform,60,22,202610610022,0,,train/uniform/n60/uniform_n60_0022.tsp,1fd36b74ac3ed4085151836d1bf8ea2c6a23af9367f0c467869ec4c5842ee02f
train,uniform,60,23,202610610023,0,,train/uniform/n60/uniform_n60_0023.tsp,383cc313bbef0f7ba76c9df615ef16d5346ffc260c27ac6cf20d6d6600b76188
train,uniform,60,24,202610610024,0,,train/uniform/n60/uniform_n60_0024.tsp,fb57b41cb8e6b6aab010f48afbdebd6d4d49bd8983bd11737128388bf2a32834
train,uniform,60,25,202610610025,0,,train/uniform/n60/uniform_n60_0025.tsp,2c9ca11a2f261cfc2d20c3a19a84d46526850c6887698938c881b9d5a15591f9
train,uniform,60,26,202610610026,0,,train/uniform/n60/uniform_n60_0026.tsp,7b7be8788766fc2a960b48ee81a3fc067ef9a2d69ddfbff3952b704ad0c740d7
train,uniform,60,27,202610610027,0,,train/uniform/n60/uniform_n60_0027.tsp,43a2b39aed9a69d3ed58b680b4dac8fbdac6bbafe3742ff8ccfcd4d8440544f7
train,uniform,60,28,202610610028,0,,train/uniform/n60/uniform_n60_0028.tsp,7debffbaa75dc6bd02c91e3b617e2f4996a331975f9f63a0009a57f652ac7f44
train,uniform,60,29,202610610029,0,,train/uniform/n60/uniform_n60_0029.tsp,546a500f68de98ba4f63972bffda5174e49e0811fa0a88720d441879e4228eae
train,uniform,60,30,202610610030,0,,train/uniform/n60/uniform_n60_0030.tsp,dc5b417d0dcc372bd73a017f19e61f7aba5ce064b5c4bf0674af889b95beaa9e
train,uniform,60,31,202610610031,0,,train/uniform/n60/uniform_n60_0031.tsp,21c362dbf610f75d52b46a701b2fe9f86e47dc52e4681cd5f7a064bdce66e5de
train,uniform,60,32,202610610032,0,,train/uniform/n60/uniform_n60_0032.tsp,561c4c6cbb36969fcfe70918094dcfd6328db3d6427cd347edbddf65b95eb72d
train,uniform,60,33,202610610033,0,,train/uniform/n60/uniform_n60_0033.tsp,b04ee9576a0f82fc2a7357aaed879c9b3f077e353eff912ab2936cc6842af59e
train,uniform,60,34,202610610034,0,,train/uniform/n60/uniform_n60_0034.tsp,0893431ac0944eaf4a1fffec0d121be5559132008ab4b43b01794ff240d188c4
train,uniform,60,35,202610610035,0,,train/uniform/n60/uniform_n60_0035.tsp,78733e303a321e4555d71da412ce2c862d27c9ec4ce6857047848ad791f6345a
train,uniform,60,36,202610610036,0,,train/uniform/n60/uniform_n60_0036.tsp,fae33eff2cc82b97b1cae17c923f95093223d373f7d78a9d20f8aefc7bf46c12
train,uniform,60,37,202610610037,0,,train/uniform/n60/uniform_n60_0037.tsp,2fce4d06eb976db2ffcb274862c1d791e272d9c10aa0159fa1c3a901e97275b2
train,uniform,60,38,202610610038,0,,train/uniform/n60/uniform_n60_0038.tsp,f95dac9b65eed89df9ad8cc1927f1e566df25e355c0db09aab20c54898660a11
train,uniform,60,39,202610610039,0,,train/uniform/n60/uniform_n60_0039.tsp,484210f7ca62f7be74916a2df727311b17205a58c19af3060ee65a4167e48d5a
train,uniform,60,40,202610610040,0,,train/uniform/n60/uniform_n60_0040.tsp,df5ce3990976520d7747e358842c11dd0c48f1e5a79712812653274050e6227a
train,uniform,60,41,202610610041,0,,train/uniform/n60/uniform_n60_0041.tsp,290d35243e93b5c550e246b24ff162f5dc2ad2a3f2e82f82f8c9ce5673609490
train,uniform,60,42,202610610042,0,,train/uniform/n60/uniform_n60_0042.tsp,e23e8db3ad96ec2e95df182ac83334cba45fc9f20a5a633ba37f1701c431a2e9
train,uniform,60,43,202610610043,0,,train/uniform/n60/uniform_n60_0043.tsp,9f1d1761aa4e51f226bf0521235185265a843a57751e7f8c2b9ac7c1b1c37049
train,uniform,60,44,202610610044,0,,train/uniform/n60/uniform_n60_0044.tsp,34f4620f6c95ec11e81145ff72db8fa0139cde3982cda3b01e5b1d7cafb44f0a
train,uniform,60,45,202610610045,0,,train/uniform/n60/uniform_n60_0045.tsp,3a5dc8d1238f738520a5e4daece3fd68d8571a994ed68e655e91f25ed44d007b
train,uniform,60,46,202610610046,0,,train/uniform/n60/uniform_n60_0046.tsp,c8659fcd0f7a8042a7e0c8ee16a549b87723e80bc95cc853fa97907a658f0ecf
train,uniform,60,47,202610610047,0,,train/uniform/n60/uniform_n60_0047.tsp,9d8af45cbaaf6661911ec669b4f17bd258df82eff6aa22473f922455705ce563
train,uniform,60,48,202610610048,0,,train/uniform/n60/uniform_n60_0048.tsp,e7075e75a154e2ab12cef6e695b460c33f0a412ecceb19c726f32b21f37281bb
train,uniform,60,49,202610610049,0,,train/uniform/n60/uniform_n60_0049.tsp,d042bb524bf815a5f58b79885921a694e3acbe6c90d62e2d5654f38665700752
train,uniform,60,50,202610610050,0,,train/uniform/n60/uniform_n60_0050.tsp,cb68cb2cda84b237e5d80ed5fc0f7c34955dcfa4cc24bf3df49ea1435f530b7e
train,uniform,60,51,202610610051,0,,train/uniform/n60/uniform_n60_0051.tsp,97317dc6539a9e38c4e88e142d5602b1304bec576cebee9c78390a014c35ed81
train,uniform,60,52,202610610052,0,,train/uniform/n60/uniform_n60_0052.tsp,37d298cd7554483747561872f915881fbf641e3bbe15919fa5e36e8be10c5023
train,uniform,60,53,202610610053,0,,train/uniform/n60/uniform_n60_0053.tsp,b625909fdefa81ee0257d2e9d79cf84d979fbaf66fa96b140029c7f0e4b9ed1d
train,uniform,60,54,202610610054,0,,train/uniform/n60/uniform_n60_0054.tsp,d683a876d9c957446defc4119047a87f41b4b559d64fdf3ac23c0f7855e68c41
train,uniform,60,55,202610610055,0,,train/uniform/n60/uniform_n60_0055.tsp,a008dc899f36c775c06b998e5858feb4d527fbc15349b5b5dcd68c1637b14897
train,uniform,60,56,202610610056,0,,train/uniform/n60/uniform_n60_0056.tsp,bed3937db0b7cd39805a32ee2001d15a6263fa86949f86767683c623db3ab1ca
train,uniform,60,57,202610610057,0,,train/uniform/n60/uniform_n60_0057.tsp,be9749a52e91d9b62f2d5276e3cbd5b44a70a15114f492f282d5d2223d6911bc
train,uniform,60,58,202610610058,0,,train/uniform/n60/uniform_n60_0058.tsp,29ec3b6670b7120d818bbba5d13c03dbed699819e3653724631133137d4661e3
train,uniform,60,59,202610610059,0,,train/uniform/n60/uniform_n60_0059.tsp,36d7100d7bc82f11f2dfcff1699b421f9350474787223a5bcadb79769c3129dd
train,uniform,60,60,202610610060,0,,train/uniform/n60/uniform_n60_0060.tsp,44570b56ccc738a86c8a16b3076e738b9cd9afa07c772002ddec890d9ddabdda
train,uniform,60,61,202610610061,0,,train/uniform/n60/uniform_n60_0061.tsp,2b47f630f4bdfb570576b569aa061de0b38c5344fc02afea11e742de430762d6
train,uniform,60,62,202610610062,0,,train/uniform/n60/uniform_n60_0062.tsp,8d873c4246a856c55eaeae0f959074d540e9fe2cad14fe72a1fd885ad740eb6d
train,uniform,60,63,202610610063,0,,train/uniform/n60/uniform_n60_0063.tsp,1e67351951512189bc4c2fbba4b09bfce1cd6e626377ba781007613e7244c436
train,uniform,60,64,202610610064,0,,train/uniform/n60/uniform_n60_0064.tsp,9335ef4e78bfbe92df487ea84af080d8cea5eb5b216979aa556caf7f6db5b4d2
train,uniform,60,65,202610610065,0,,train/uniform/n60/uniform_n60_0065.tsp,784e39fe70fb0a0bfde5bff675a4757af3f2269f06dedfdfff873ef41c8d5cbd
train,uniform,60,66,202610610066,0,,train/uniform/n60/uniform_n60_0066.tsp,558a31c851831ae0a760613abccd6c84e35e745198b85b2c78f752d98803d229
train,uniform,60,67,202610610067,0,,train/uniform/n60/uniform_n60_0067.tsp,f8b20879bad75bde5e214b625e5cee1eb08b7fd5d87b099d6fa0118b323d019a
train,uniform,60,68,202610610068,0,,train/uniform/n60/uniform_n60_0068.tsp,9216a0bf3f088d8e19e29f45927db1421aaddd4a217efba933f5b7f4a4fb6ca7
train,uniform,60,69,202610610069,0,,train/uniform/n60/uniform_n60_0069.tsp,f104b68798fc27739ad35440c328ead2dc719d97498f95b70f9425d9bafd2fbf
train,uniform,60,70,202610610070,0,,train/uniform/n60/uniform_n60_0070.tsp,4c56ded44b651c900790ba5d89cf8e16e1e73ae595c0c6117a93a9cd0dfc10b6
train,uniform,60,71,202610610071,0,,train/uniform/n60/uniform_n60_0071.tsp,c0164b4b8f65a8232a6d51b048728dc9b90bffe6495ad3f25e33b8c3083ca12d
train,uniform,60,72,202610610072,0,,train/uniform/n60/uniform_n60_0072.tsp,50c377b1f52a5381b82a9f831df475e7fd30e0b5a206fd1490887cb1542c2fda
train,uniform,60,73,202610610073,0,,train/uniform/n60/uniform_n60_0073.tsp,da41de0b310b2de20b5bbff25de85cc02e5694288df65cade9aa8cbab4220f47
train,uniform,60,74,202610610074,0,,train/uniform/n60/uniform_n60_0074.tsp,edbedb960d7d53964820e5846b859805e11bf29173812ba1674b5523f429be2b
train,uniform,60,75,202610610075,0,,train/uniform/n60/uniform_n60_0075.tsp,0a0ca426d96804b5250e707d42728a9df6ebd7d42b139fa9e1f2bf49b7d492d6
train,uniform,60,76,202610610076,0,,train/uniform/n60/uniform_n60_0076.tsp,e7da03a7ac4e5b841686e5bc206eef1fd659ec83e23262f360dcf65817cec319
train,uniform,60,77,202610610077,0,,train/uniform/n60/uniform_n60_0077.tsp,054e2adf89ff0e547e40e167337b5d35d77cb854ec659791712bbc597c148837
train,uniform,60,78,202610610078,0,,train/uniform/n60/uniform_n60_0078.tsp,a81b9a7a138ca580cdba28b50e6fc3eb3d6c24cc92349e0c36c6ac66cc812358
train,uniform,60,79,202610610079,0,,train/uniform/n60/uniform_n60_0079.tsp,7ada2d1c1cd55c3a7335a1290eced96146da59a6a1cadbd3a07385d86eaa61ee
train,uniform,60,80,202610610080,0,,train/uniform/n60/uniform_n60_0080.tsp,b349a3a0e91544e9f737830290e478de8a442d1e7d1c7c6f44a158f9068f968c
train,uniform,60,81,202610610081,0,,train/uniform/n60/uniform_n60_0081.tsp,9c30052ddb68e24737b6be8da62ecc4b47222fbc5e27156f7e63798d571a1db3
train,uniform,60,82,202610610082,0,,train/uniform/n60/uniform_n60_0082.tsp,13ad119785849e6dee0f678c3b435d5f93a275f393f71273380bc424af6e66b8
train,uniform,60,83,202610610083,0,,train/uniform/n60/uniform_n60_0083.tsp,5dfd8c593ec28648ba48009b98248bf17a6dcb217fabbd6f47851d46047f90e8
train,uniform,60,84,202610610084,0,,train/uniform/n60/uniform_n60_0084.tsp,dd6b95c45c4a89d75aa966433c42b7c5063051dcbaea806c7b2d835461125ec8
train,uniform,60,85,202610610085,0,,train/uniform/n60/uniform_n60_0085.tsp,8d53e0e7173ed300d3d3135678a5bd18a89c03f17dfabf2a2cb0ae55311eefef
train,uniform,60,86,202610610086,0,,train/uniform/n60/uniform_n60_0086.tsp,306f5e97311beaaf691e28fb1f2b1613c9de97282fc07a911a7a47fe0e411c8b
train,uniform,60,87,202610610087,0,,train/uniform/n60/uniform_n60_0087.tsp,ac863fd180fad38aed826b3f08275a2d70caad916c711ce39382926f5c23e461
train,uniform,60,88,202610610088,0,,train/uniform/n60/uniform_n60_0088.tsp,ff09b0f5e860434f248913eaf826acd31ea1a68b3da7aecfaa84e5be66a4bea0
train,uniform,60,89,202610610089,0,,train/uniform/n60/uniform_n60_0089.tsp,490de3d53048f6b411e940c41ef975cddc5865a25b0a06c60cfc560c755fa682
train,uniform,60,90,202610610090,0,,train/uniform/n60/uniform_n60_0090.tsp,1cadd5f9977254a25c26db72521feb9162de4acdc080c1b7c77d80e046f4051a
train,uniform,60,91,202610610091,0,,train/uniform/n60/uniform_n60_0091.tsp,9ee00088315189e33b135c00dbdf5659097c2bef89a5d8ec183852b561d634d2
train,uniform,60,92,202610610092,0,,train/uniform/n60/uniform_n60_0092.tsp,397cfbef4f618c032c1157d256bb1ad3ab567449a046dc6c7b789d951da43ade
train,uniform,60,93,202610610093,0,,train/uniform/n60/uniform_n60_0093.tsp,e62a152675964f6e8866c11847eedefaf2afdd75ee0d39f7ec61f490169e39ac
train,uniform,60,94,202610610094,0,,train/uniform/n60/uniform_n60_0094.tsp,b707129724749ea137a0c16bfc244ea144b3854082832d94fc8d21f240fc7780
train,uniform,60,95,202610610095,0,,train/uniform/n60/uniform_n60_0095.tsp,273bf95a099a53e5abc2d686da658de192e4e4e8908298b0fdb4697345e51641
train,uniform,60,96,202610610096,0,,train/uniform/n60/uniform_n60_0096.tsp,1bf76d6e27c8e882e42d34c95e5e80701619b13cda7f84d74e9908a495801abc
train,uniform,60,97,202610610097,0,,train/uniform/n60/uniform_n60_0097.tsp,f7197d031da4ded8c0a3d7ddb919dd2d636541fe05a2eb873441a912e826ae2c
train,uniform,60,98,202610610098,0,,train/uniform/n60/uniform_n60_0098.tsp,e81e846908970499530784adc2ac840df93a32c7194a985efa653325bcf0b0c7
train,uniform,60,99,202610610099,0,,train/uniform/n60/uniform_n60_0099.tsp,e408ca06c5894d484d51af22dea246d788b90edf8969b4a18d164c3d0194b0b7
train,uniform,60,100,202610610100,0,,train/uniform/n60/uniform_n60_0100.tsp,5e01d344fd1c11e2487f4e920ab4079ff2c89a229c8be57482096c89c2a2fa4d
train,uniform,60,101,202610610101,0,,train/uniform/n60/uniform_n60_0101.tsp,c47b5be0a2fa3038157661b53cd4af74e70cafebed95b7d5bd700cfb07dc0101
train,uniform,60,102,202610610102,0,,train/uniform/n60/uniform_n60_0102.tsp,b8e64e2e0dd1168792a0401e8a4e2edc88cbebcecb481ec5d37b3322ec8c69b2
train,uniform,60,103,202610610103,0,,train/uniform/n60/uniform_n60_0103.tsp,f755c429368558d8431b61f7d66225de0708f3bd8ac1115df519e729953d5856
train,uniform,60,104,202610610104,0,,train/uniform/n60/uniform_n60_0104.tsp,0b51fc7eeade311f71346cf76fca04c30b3df10f678f42289b06e5ed24ca12cb
train,uniform,60,105,202610610105,0,,train/uniform/n60/uniform_n60_0105.tsp,bea2810715b5f5c296f41678167aefa389073182b55388f60850c4b0d16e790e
train,uniform,60,106,202610610106,0,,train/uniform/n60/uniform_n60_0106.tsp,277831d879155b49bf1e96c1bd1adabc3ae2f124c5a2dbabe33897637a632764
train,uniform,60,107,202610610107,0,,train/uniform/n60/uniform_n60_0107.tsp,788d81d13a577f6b9bccbfd81b058e6af7c3f7879e98545ecfdb830afafc7c8f
train,uniform,60,108,202610610108,0,,train/uniform/n60/uniform_n60_0108.tsp,12aaf5b6c6f939f072ee2671679abb748d9e4a312ea871d254a53e16da5e0ba6
train,uniform,60,109,202610610109,0,,train/uniform/n60/uniform_n60_0109.tsp,92d286844751fd0397f01e0c06ffdb351fb8af146cb2140035864802eef105ed
train,uniform,60,110,202610610110,0,,train/uniform/n60/uniform_n60_0110.tsp,062334a75f882c141ce0c68609068e746302e9ad26946cc7bd2efb8a2a6393b1
train,uniform,60,111,202610610111,0,,train/uniform/n60/uniform_n60_0111.tsp,8f0016116923515c2ce79b9eafbdd18ab05a6f5dd7f06702c63bf4d24374b1ec
train,uniform,60,112,202610610112,0,,train/uniform/n60/uniform_n60_0112.tsp,05d155e8c4beb213fabf682c0b0da7485c7819c12bef2996b21a008d2f8e14f4
train,uniform,60,113,202610610113,0,,train/uniform/n60/uniform_n60_0113.tsp,1bef5990126f30a00a1017301808fe426fa12cb0f423125dfa378756883905b3
train,uniform,60,114,202610610114,0,,train/uniform/n60/uniform_n60_0114.tsp,467e14a52d8c4edb0dda11dd9d1bd2113e20b311fc6cdc5f45fee8d2aff3af4d
train,uniform,60,115,202610610115,0,,train/uniform/n60/uniform_n60_0115.tsp,b3d57ef2975e183da60154ba676e4e5c18e64acb56c9cc4d1e26f8d334921a8d
train,uniform,60,116,202610610116,0,,train/uniform/n60/uniform_n60_0116.tsp,4e93120dc330c8f8cbcc6ec00e90c44e749a9b9a8b0756f34ac741da8b6b798e
train,uniform,60,117,202610610117,0,,train/uniform/n60/uniform_n60_0117.tsp,179f7fcf81d01ade984889db91c4bccfc3a319196b2f0e675850593bb034f5a0
train,uniform,60,118,202610610118,0,,train/uniform/n60/uniform_n60_0118.tsp,3640c5e21719ee8d1635e6d62166abba9cb3a014c23cfae429ce002f1e2f4a1e
train,uniform,60,119,202610610119,0,,train/uniform/n60/uniform_n60_0119.tsp,e99e061f5ee0e473751ad4def38d9d571aee40e8c91fb484f179a585f05d146c
train,uniform,60,120,202610610120,0,,train/uniform/n60/uniform_n60_0120.tsp,ace84b5ee7106ceb0461b36e154c9ed5c3ac3ba6386f0447a7902cb9c64066a7
train,uniform,60,121,202610610121,0,,train/uniform/n60/uniform_n60_0121.tsp,ad0bb5b7b1729ff948b7ce1be0c21369bb40c8bd2915852fc6bdadf2fd989cdd
train,uniform,60,122,202610610122,0,,train/uniform/n60/uniform_n60_0122.tsp,9295beca2191e6fbb762b7ef08cec8dd2d4766c94b537b6ed0728a99756c0610
train,uniform,60,123,202610610123,0,,train/uniform/n60/uniform_n60_0123.tsp,1780c3b8610bf78b5b1c6f66b87c13dfbebd0dd230d8cb629f5ff5528b5e00f9
train,uniform,60,124,202610610124,0,,train/uniform/n60/uniform_n60_0124.tsp,80aa56b143bac0a3e25da11cb5de19bf3f4ae5689e8ea053a9eb5af9b2ea8b70
train,uniform,60,125,202610610125,0,,train/uniform/n60/uniform_n60_0125.tsp,4ce3e191561622a21bdb6e1a362256f75455dbcd449caaf5fccf6d41697fc27a
train,uniform,60,126,202610610126,0,,train/uniform/n60/uniform_n60_0126.tsp,79e34d7bc4b56b2cf1ff870353452056f0f4182c2dd86db16820eb3a56ab1f4c
train,uniform,60,127,202610610127,0,,train/uniform/n60/uniform_n60_0127.tsp,8b0db839bb3b70be5f3e37bd5644da9e8d8d848f7a8e68c856ba0b2e3d4fa9f0
train,uniform,60,128,202610610128,0,,train/uniform/n60/uniform_n60_0128.tsp,873fe30e22d691014cd624ba9c668aa0a7a7992bd85bf910da408f2e3b7bb81b
train,uniform,60,129,202610610129,0,,train/uniform/n60/uniform_n60_0129.tsp,d26fe1d075cb0f06da4046305381201108cd756250cb72b8eef72aa261e2c4f9
train,uniform,60,130,202610610130,0,,train/uniform/n60/uniform_n60_0130.tsp,5795edc7e625d53eb8bda0bad1e89ea1e1491af3c06d2fac418e1860b6879a37
train,uniform,60,131,202610610131,0,,train/uniform/n60/uniform_n60_0131.tsp,11f0152ef3624089e16756202c0fa41a2d6a49d10fa29e5bbc308c8c7a157161
train,uniform,60,132,202610610132,0,,train/uniform/n60/uniform_n60_0132.tsp,6fe73927c56f02631c7a237734144d3ddfc2b623d72ec746b36331738fed617e
train,uniform,60,133,202610610133,0,,train/uniform/n60/uniform_n60_0133.tsp,613ad522af94a8c9e7a76416932ca98cda2aaf9c5e6323811ae12a6663a27be1
train,uniform,60,134,202610610134,0,,train/uniform/n60/uniform_n60_0134.tsp,7a3a87f6d2d7f514294aef61a7a4ef02f24590f6c436673e63a5ce345be7f090
train,uniform,60,135,202610610135,0,,train/uniform/n60/uniform_n60_0135.tsp,acd6a979552281c795bba673fea9ee33c39d81cf7bc19d9b2a576e5b55706d57
train,uniform,60,136,202610610136,0,,train/uniform/n60/uniform_n60_0136.tsp,e9401605c9293b71bd8e79c65cae0c9d3bf6c04189b67b5c1e57737010d045c1
train,uniform,60,137,202610610137,0,,train/uniform/n60/uniform_n60_0137.tsp,07c3295c383f03c6a1779e5c0836fe65e17bfe36f8a86b778e50fb02d23c563b
train,uniform,60,138,202610610138,0,,train/uniform/n60/uniform_n60_0138.tsp,fd90dc151b096cdf1a5f4eaf910805b0ba65b578ee357918b552295bb5414ecc
train,uniform,60,139,202610610139,0,,train/uniform/n60/uniform_n60_0139.tsp,c18069650372aaa6c46311320e8b9ee0ed5a43e51a399512b6af3364240b6740
train,uniform,60,140,202610610140,0,,train/uniform/n60/uniform_n60_0140.tsp,eecff9d8b19a56d9ab7bd23307cfa62866edc7140a052d14e7c89e0e87c2b544
train,uniform,60,141,202610610141,0,,train/uniform/n60/uniform_n60_0141.tsp,3b072a2d0967d72b74bd124a8c970a566bee3ca19cf86ba58cb08080ca3d1201
train,uniform,60,142,202610610142,0,,train/uniform/n60/uniform_n60_0142.tsp,e5375774636b86f98233c3b13a9bb1cd9249253b16fb8da2e4fc3bfd5722947a
train,uniform,60,143,202610610143,0,,train/uniform/n60/uniform_n60_0143.tsp,cc69ae5d8071be83e7bcac9399e8847868f3ca7530665c914b2e74a0fb02a489
train,uniform,60,144,202610610144,0,,train/uniform/n60/uniform_n60_0144.tsp,4d20ddc02ad275bb4a8b5f17555c5ca0633cad1e0fe6e25e44ae1fb0a1a9ad9e
train,uniform,60,145,202610610145,0,,train/uniform/n60/uniform_n60_0145.tsp,d9f3b3c53773e4161aa5f9a580ba3502a069a2c863db28de232c4c3d03f8ffc3
train,uniform,60,146,202610610146,0,,train/uniform/n60/uniform_n60_0146.tsp,826c2187e12fec7121ad03565fbc1d4c575c2d631d4c191ff690f5cbde40432a
train,uniform,60,147,202610610147,0,,train/uniform/n60/uniform_n60_0147.tsp,4b65e12ee9ab2ad99ffad6f3c1626fa71a68c1c7592c8ef851cfbc229ef1591a
train,uniform,60,148,202610610148,0,,train/uniform/n60/uniform_n60_0148.tsp,6a56207ba3f0df1a58ab4241ec3d8ba5fea8cc309928e08ce4058b34e07dd522
train,uniform,60,149,202610610149,0,,train/uniform/n60/uniform_n60_0149.tsp,da60a939af69baddbcfbc4abed08382fbbea55047eb9d633c5ccfbee71c9f638
train,uniform,60,150,202610610150,0,,train/uniform/n60/uniform_n60_0150.tsp,9001f7b458ad4f9c05d87f5e903960f0e8b6e4d6f7f36b1cdbaf2b0cf8fc2d98
train,uniform,60,151,202610610151,0,,train/uniform/n60/uniform_n60_0151.tsp,439d5caaf0a5c4f73a870c88c0adbf90e46e21670e3159ea1d8e541c1f36df22
train,uniform,60,152,202610610152,0,,train/uniform/n60/uniform_n60_0152.tsp,9815321da45a3493f13e5a7ff1d87ac566050be69cc0e71e6db47923065ce489
train,uniform,60,153,202610610153,0,,train/uniform/n60/uniform_n60_0153.tsp,9109ac00796298841a6a556091b11b4fce889f7ec5868b2a8112fec96d284eae
train,uniform,60,154,202610610154,0,,train/uniform/n60/uniform_n60_0154.tsp,492fc1653ec3fae003dde8dc412cc8fe0c20dce6224f77b7c0300221958cb180
train,uniform,60,155,202610610155,0,,train/uniform/n60/uniform_n60_0155.tsp,676d00e1fbcc4ac05ab8fdc0a8ca3dc8f43ed1a8b8917cdb18a976cd43458688
train,uniform,60,156,202610610156,0,,train/uniform/n60/uniform_n60_0156.tsp,aac50a0d20a1bb925fc10842a543d1406ab25928a760851e199ad1ea5d0f6389
train,uniform,60,157,202610610157,0,,train/uniform/n60/uniform_n60_0157.tsp,02013f964429012ac0a0e22f6c7226cbf140b12c36684b763e5fab96df43fc5f
train,uniform,60,158,202610610158,0,,train/uniform/n60/uniform_n60_0158.tsp,14f9e7fd63fdbac4776ea5f42e0bd609095daf198048c112c021fb8e0bc97335
train,uniform,60,159,202610610159,0,,train/uniform/n60/uniform_n60_0159.tsp,9a4b754c3d6b49a43e8b9385a29a0ac448f00dd5116af5f54fde2e28c02b1678
train,uniform,60,160,202610610160,0,,train/uniform/n60/uniform_n60_0160.tsp,adb52337411edf7cb9a62ccd62aedde10376be8e49cb5e7b454975f572381296
train,uniform,60,161,202610610161,0,,train/uniform/n60/uniform_n60_0161.tsp,89e16b1cfcb60c26abc1983e2f08f8b0d8ef36641cdae107de7dcb924822caa5
train,uniform,60,162,202610610162,0,,train/uniform/n60/uniform_n60_0162.tsp,fd0ea0803f78d0aea859d8b3217c4e0d2b49d23189337411d4568f1bc1c06e21
train,uniform,60,163,202610610163,0,,train/uniform/n60/uniform_n60_0163.tsp,15585505c2a2cc4c7801b75bb8332d26816ea5a9bb45260313a82444bb7de399
train,uniform,60,164,202610610164,0,,train/uniform/n60/uniform_n60_0164.tsp,7209c742ab1ea5504c633a56c38d4c59615ac21113356432a3d612e0396cfbc0
train,uniform,60,165,202610610165,0,,train/uniform/n60/uniform_n60_0165.tsp,167aeb4c9b2f7b352035515a6cf7405d2e08b65bc7803bfaa90993bb5e6c8611
train,uniform,60,166,202610610166,0,,train/uniform/n60/uniform_n60_0166.tsp,122180ba5cc80147b7c3f539e5b570a74de849735439b388e8ea203f0efea073
train,uniform,60,167,202610610167,0,,train/uniform/n60/uniform_n60_0167.tsp,cbc062b4ee250bba12b997558a5ceb840632131f32ba87c1deb9d0bab0a4d372
train,uniform,60,168,202610610168,0,,train/uniform/n60/uniform_n60_0168.tsp,68b315e91be1770a661eb03ea01a4aa4a757e53ec96c872cc70c76b9fea9d681
train,uniform,60,169,202610610169,0,,train/uniform/n60/uniform_n60_0169.tsp,88f2abf87149bcb8367ebcdacdd5f90630a936c19f9c5aa7d871d0a74b1cf3ad
train,uniform,60,170,202610610170,0,,train/uniform/n60/uniform_n60_0170.tsp,0fa5fed5d3804f52a6853194b4c534d7c7d649aa90e62aa983f0a10478fa885a
train,uniform,60,171,202610610171,0,,train/uniform/n60/uniform_n60_0171.tsp,2dccebd8c864ceac974bac178775bcd16607aa5704eefaeb7cb5e7ac7ff3e810
train,uniform,60,172,202610610172,0,,train/uniform/n60/uniform_n60_0172.tsp,3d8ca7c1ac0742de58deda1c5f2c78690dbc8ec41ba66e0a15669aa5b6f654d8
train,uniform,60,173,202610610173,0,,train/uniform/n60/uniform_n60_0173.tsp,e67bba558d733e3c14fdfa1e017cf48dcf69bc5746527f69c9a4427ea1c12a84
train,uniform,60,174,202610610174,0,,train/uniform/n60/uniform_n60_0174.tsp,f0e1c3f5780089326a43375a49596ec881b0556c9793cabfc591967529ff92db
train,uniform,60,175,202610610175,0,,train/uniform/n60/uniform_n60_0175.tsp,124066013c12db95448ca7379f6366f2c3caec62424c9a0d30da8fe642ef1e54
train,uniform,60,176,202610610176,0,,train/uniform/n60/uniform_n60_0176.tsp,a8202e9c9715036153d9e39005c3e06061c8631dbeda818587bf0c23a8070310
train,uniform,60,177,202610610177,0,,train/uniform/n60/uniform_n60_0177.tsp,00137a68f5457883f25edee6592698d6e1b4fe2162c5962113da9c161432abe6
train,uniform,60,178,202610610178,0,,train/uniform/n60/uniform_n60_0178.tsp,c3a8031726337a633f48df2d7ce6b7207180010e108a7655c447567104470063
train,uniform,60,179,202610610179,0,,train/uniform/n60/uniform_n60_0179.tsp,dbab7d2cf6f77eb7bc764f1f9ceb61bfac2ed021d339670d434f42f7f33aecf4
train,uniform,60,180,202610610180,0,,train/uniform/n60/uniform_n60_0180.tsp,49a22af10a66a7f3e76196570a7201b61fe236750d41cd182b253b89dee0a1b2
train,uniform,60,181,202610610181,0,,train/uniform/n60/uniform_n60_0181.tsp,3514142b6b8c21001080dfd126fef88bec50b430da936c4c7a9caf7612b57a20
train,uniform,60,182,202610610182,0,,train/uniform/n60/uniform_n60_0182.tsp,f3435634ed1a06a17b9d856951fa9dfb44cf0ab80aa02a767a1f4ec03d0130e9
train,uniform,60,183,202610610183,0,,train/uniform/n60/uniform_n60_0183.tsp,7d276cbee66112da09b4b15058849796f70873627e8e50047070cf1a15611941
train,uniform,60,184,202610610184,0,,train/uniform/n60/uniform_n60_0184.tsp,cabb132836fbb36c0ed5fce053e7293d50924e4ff5afa93f480744cbc2267765
train,uniform,60,185,202610610185,0,,train/uniform/n60/uniform_n60_0185.tsp,a14957700b6e89b46604bedce453d86f9ebc273bd54399484ce1566fa1a06a82
train,uniform,60,186,202610610186,0,,train/uniform/n60/uniform_n60_0186.tsp,642007203ee967eb9a794fb6bfcd6803f281ed3a175f528b6a5b950d611ff78b
train,uniform,60,187,202610610187,0,,train/uniform/n60/uniform_n60_0187.tsp,f77d0245f806dbe3bc37e9c24ad4227ae7aca7995a76daa642e08e726a9d152f
train,uniform,60,188,202610610188,0,,train/uniform/n60/uniform_n60_0188.tsp,31cb35772aae35421ac2c4175c2d7dd856f96b8eedeccb3db048504a74a70a11
train,uniform,60,189,202610610189,0,,train/uniform/n60/uniform_n60_0189.tsp,734cbddbe96ac7b145731235525c87652271731dd09c150d90a37d947062aa9c
train,uniform,60,190,202610610190,0,,train/uniform/n60/uniform_n60_0190.tsp,3c9a0137591ede1445ead5a96f73900d65ddc0640f740e2f8a2a780c510d6700
train,uniform,60,191,202610610191,0,,train/uniform/n60/uniform_n60_0191.tsp,7431d51c593a76957f047cc8ec453907629cf6df54ba946208a3c03cead504b6
train,uniform,60,192,202610610192,0,,train/uniform/n60/uniform_n60_0192.tsp,4c068dae28daa8ae0083fefc2196d71851c22835dddc4ca54a1e5b55962e9879
train,uniform,60,193,202610610193,0,,train/uniform/n60/uniform_n60_0193.tsp,d2caed4775107f8664c54b768ccb7458500677b323830e132c72ea1d0fe440cc
train,uniform,60,194,202610610194,0,,train/uniform/n60/uniform_n60_0194.tsp,f73b66cca53623c7c51e3781016310b01bdfd052bc857fe5af445ae1fcc5c1cc
train,uniform,60,195,202610610195,0,,train/uniform/n60/uniform_n60_0195.tsp,0fc4d1f944f15d7270379f0ce30435f3b89766f621e432e47f9fe48b311550f7
train,uniform,60,196,202610610196,0,,train/uniform/n60/uniform_n60_0196.tsp,c3c7fbcc598aa81c077e995eb5dcf0d83cccbde83c5430c60ae298a0d82431a8
train,uniform,60,197,202610610197,0,,train/uniform/n60/uniform_n60_0197.tsp,50e186133105d349a009a2c7d3ebfd2d62b2fae7756d77f1ec8139c68d64c873
train,uniform,60,198,202610610198,0,,train/uniform/n60/uniform_n60_0198.tsp,03d26faabc6eec03ba3a20bf2bf048a237bc68e74b69d595c5089a003425317f
train,uniform,60,199,202610610199,0,,train/uniform/n60/uniform_n60_0199.tsp,346d23ff7591178585ce0aa2995cb31fafd042e1927960b8019be0f2559a8dc2
train,uniform,60,200,202610610200,0,,train/uniform/n60/uniform_n60_0200.tsp,7f697fd4ac456ba7e11b6269a6f83a263b75d2cc9dc6c7e0e115b27f14346cd4
train,uniform,60,201,202610610201,0,,train/uniform/n60/uniform_n60_0201.tsp,926e4007fd8cce13c9d70b83710edae8ce663df84dd30cf24ea52bee7be0a083
train,uniform,60,202,202610610202,0,,train/uniform/n60/uniform_n60_0202.tsp,cdfdcc7117c468b59f7931b40e74833c62bc432258e86a001ed163972164df34
train,uniform,60,203,202610610203,0,,train/uniform/n60/uniform_n60_0203.tsp,f303d7b07df3c9327ce552f674bbbfedcef1c3d73cd2c6f0151fa6fdb2ebea27
train,uniform,60,204,202610610204,0,,train/uniform/n60/uniform_n60_0204.tsp,fa01aebc1e738111646b310929741b10358ffbbe07888d5bffa9d77387b128fa
train,uniform,60,205,202610610205,0,,train/uniform/n60/uniform_n60_0205.tsp,3836196ca3847209896d90945804f48866d67c23fa9fa5eac8956afe356e1ded
train,uniform,60,206,202610610206,0,,train/uniform/n60/uniform_n60_0206.tsp,07ef98b9d58722004cdf6ab2ce432f2bf304639a60059dc6ef19482904f1eb54
train,uniform,60,207,202610610207,0,,train/uniform/n60/uniform_n60_0207.tsp,0241d8446b6eaae6e19cdffe5896cd83b68082808d9afbceeabafdbfc510624a
train,uniform,60,208,202610610208,0,,train/uniform/n60/uniform_n60_0208.tsp,7c43ea6a541bac37afde40021d8cc90a7b8cac225ac603cc9abf5a5d2b855e6e
train,uniform,60,209,202610610209,0,,train/uniform/n60/uniform_n60_0209.tsp,6cfcfbb7e6345b36ea3a9ad8ab4f4851965b7dcd8e2dc4fb2a6bbe1a9db49ba3
train,uniform,60,210,202610610210,0,,train/uniform/n60/uniform_n60_0210.tsp,600792d1163abc49e7e4f5feedb6a3cd90713ccb8b1e0f628236d1c2b63c5c41
train,uniform,60,211,202610610211,0,,train/uniform/n60/uniform_n60_0211.tsp,2e91a997127f3c5aefc7c03a188a2b4cf5eeaf917d7636601f18884cfd95361f
train,uniform,60,212,202610610212,0,,train/uniform/n60/uniform_n60_0212.tsp,5911ef50556f0805c3bb16a6e7be28aaded34d6689820fc4d4074535df9e1f79
train,uniform,60,213,202610610213,0,,train/uniform/n60/uniform_n60_0213.tsp,a09f0d12b9072a29b8c68569845c5e3f8a3c6ac4c1ef1d5ab2eb393e038fe1da
train,uniform,60,214,202610610214,0,,train/uniform/n60/uniform_n60_0214.tsp,68570dfc1423fc76f0372599d9b7d1ed5a9b941b1e2fbd9d278ed28e633a03b5
train,uniform,60,215,202610610215,0,,train/uniform/n60/uniform_n60_0215.tsp,c885b37c9a92c13c1fb84590e4eb805e4aac5c170936149f12c5957dc9176c74
train,uniform,60,216,202610610216,0,,train/uniform/n60/uniform_n60_0216.tsp,7b94afdba123dc1ed08acfc80ca47c723f05a731859115c7466f42296f3c7505
train,uniform,60,217,202610610217,0,,train/uniform/n60/uniform_n60_0217.tsp,4be231bcaf106f2e3f937ef52414617ffd868862e6c7879b0db40d2d4d2b265e
train,uniform,60,218,202610610218,0,,train/uniform/n60/uniform_n60_0218.tsp,0d4ae20d35dc9c461954b133a8fad9d6562a1e47e0565e2f53aec341205b1d93
train,uniform,60,219,202610610219,0,,train/uniform/n60/uniform_n60_0219.tsp,17a78c092534d27addc4a18ed0c949c7c8263f32455e44b2688fcde60d37b8cc
train,uniform,60,220,202610610220,0,,train/uniform/n60/uniform_n60_0220.tsp,65a946d36bb7d070853e8d43492dd87c521b37176af919e170ccf23c24c43e90
train,uniform,60,221,202610610221,0,,train/uniform/n60/uniform_n60_0221.tsp,dccf11a33574786c93921221c926b9ce2c47eae73c0e41d1a9693685e36b2e64
train,uniform,60,222,202610610222,0,,train/uniform/n60/uniform_n60_0222.tsp,b5af01f794c206481d7a7b519439815901a22ed2baa636610fa155ac93cb05a6
train,uniform,60,223,202610610223,0,,train/uniform/n60/uniform_n60_0223.tsp,e1eefc7f752520eada1f1b268e0cc6e376342fbf6c033ee9dfc97f13f80f93ce
train,uniform,60,224,202610610224,0,,train/uniform/n60/uniform_n60_0224.tsp,390ab7d8ee4025bfd4255af2df7832aec97cc5d23a59bac68ade32501b3aaa78
train,uniform,60,225,202610610225,0,,train/uniform/n60/uniform_n60_0225.tsp,6a4d154460117f0120e7ae98172f09d04d726d90cac9a395aa22f2533198f09f
train,uniform,60,226,202610610226,0,,train/uniform/n60/uniform_n60_0226.tsp,0576496121346241708faee0bd343e7013ac00922f2ad4882b6394a120140026
train,uniform,60,227,202610610227,0,,train/uniform/n60/uniform_n60_0227.tsp,60015cf9663fd4fe260393d7f41a76127e4dafa8cc11556802c13eaa73e15ef0
train,uniform,60,228,202610610228,0,,train/uniform/n60/uniform_n60_0228.tsp,1ba2752c3a3688c02abad7ba2f324014c79f80672b8d44b1ce2bcc06d69728ed
train,uniform,60,229,202610610229,0,,train/uniform/n60/uniform_n60_0229.tsp,1db989f07be0290097eeb8dd9c97a6ba226b9e5192366ab15f4ab6d373e158d4
train,uniform,60,230,202610610230,0,,train/uniform/n60/uniform_n60_0230.tsp,a7cc43a6f1ac8469392defa5bb2a3d1193bc312a776ebfaee18ba29157a2995a
train,uniform,60,231,202610610231,0,,train/uniform/n60/uniform_n60_0231.tsp,caaf3e1148dfc40b1e193ead2880ee3edb05b663e4df284a2d61197869308ef7
train,uniform,60,232,202610610232,0,,train/uniform/n60/uniform_n60_0232.tsp,2fc408888d53eaac1b7d734c9b6793acaa427ae505643a8795e8a2e9f1ce31ea
train,uniform,60,233,202610610233,0,,train/uniform/n60/uniform_n60_0233.tsp,47636aa5576934fbcfc666b53b58713d741b24e5507cf490801c678be9657c86
train,uniform,60,234,202610610234,0,,train/uniform/n60/uniform_n60_0234.tsp,67c2c8d60ea92dc432378c06a2bdc54ec484cec48ab74dfaf4fa172b7c8c333b
train,uniform,60,235,202610610235,0,,train/uniform/n60/uniform_n60_0235.tsp,08fa36dbfb91363c18ed4c96f0882f0c741dd5ee34e0c4598bbc0bad9c0e73f1
train,uniform,60,236,202610610236,0,,train/uniform/n60/uniform_n60_0236.tsp,0b599ba13d2724d3619a6fd1932807fd17990099e57ca75aa85018eb3d13ebcc
train,uniform,60,237,202610610237,0,,train/uniform/n60/uniform_n60_0237.tsp,dd269ec32d6834d1ba75e5121563cdc752d82fb0d66c208d6e23dac8b0322ae5
train,uniform,60,238,202610610238,0,,train/uniform/n60/uniform_n60_0238.tsp,99bdcaa05f21092038912d68330efddb9cb4ffb54cacb8dc48c0cf6189db5782
train,uniform,60,239,202610610239,0,,train/uniform/n60/uniform_n60_0239.tsp,dc5362349a566116a99d6c20d486deecd827122b247ea641793bb94bb521cf70
train,uniform,60,240,202610610240,0,,train/uniform/n60/uniform_n60_0240.tsp,6732f86d393a9f1668da5609b62d4986f81a2515b06b75bd7689968e59037926
train,uniform,60,241,202610610241,0,,train/uniform/n60/uniform_n60_0241.tsp,1c53c315b1bd8dc71670f3a6bed72c894849ef3621da00f2b6cbded65af5c3bd
train,uniform,60,242,202610610242,0,,train/uniform/n60/uniform_n60_0242.tsp,33ff760237a0d15189312d07b18a861f31494f82ccf42b7e507c069e9530bd6d
train,uniform,60,243,202610610243,0,,train/uniform/n60/uniform_n60_0243.tsp,61f4febe5f1d218b7fd0c3a1570cf191968ac0835b3bf21c522d40040b65e688
train,uniform,60,244,202610610244,0,,train/uniform/n60/uniform_n60_0244.tsp,14f70f28e429b185ca64062cbbd04e084b5ab8c63997e0e63dffc04cda0dde4c
train,uniform,60,245,202610610245,0,,train/uniform/n60/uniform_n60_0245.tsp,77a0d4ee9fe090c445edddbff5df6ca94103ac53e80c37bdb6984dad4f855f5b
train,uniform,60,246,202610610246,0,,train/uniform/n60/uniform_n60_0246.tsp,29b25a3f61fd490474d5cb01759dd553171e37bdc442fd12501419b27ca9aa96
train,uniform,60,247,202610610247,0,,train/uniform/n60/uniform_n60_0247.tsp,1887ab43a11d7b1e7d4584373f9425195e8ea9ac37bf613724e191426437821b
train,uniform,60,248,202610610248,0,,train/uniform/n60/uniform_n60_0248.tsp,fed369879cd678b1ed83e5e7218daf16d047127d305d649b99808242a4a43fbf
train,uniform,60,249,202610610249,0,,train/uniform/n60/uniform_n60_0249.tsp,3aa22b0d25241b6c1d70210585a48c765e4977b66871fd830a0276e0cc8f0cb8
train,uniform,60,250,202610610250,0,,train/uniform/n60/uniform_n60_0250.tsp,1a5f8d228e0498f2be7f2b0ac6d730ce7d996331fa1d3a31e634a5e40779e379
train,uniform,60,251,202610610251,0,,train/uniform/n60/uniform_n60_0251.tsp,1bc5052ae931c4eed9c272f431c548670cd0e294b78fce07be996cf4544325e4
train,uniform,60,252,202610610252,0,,train/uniform/n60/uniform_n60_0252.tsp,2e85ac9fff7d3a16abc2865d41a3180c4354fdeebeac8bb1a2baa1c5280d1380
train,uniform,60,253,202610610253,0,,train/uniform/n60/uniform_n60_0253.tsp,8ca364a6724987d5a47ca107c15d48f6f81c2102e2fec3d96f9d6555e29283ae
train,uniform,60,254,202610610254,0,,train/uniform/n60/uniform_n60_0254.tsp,523dfc8f142e29f525f11c123d13ab096b112651f62df0301235cffb12f2655e
train,uniform,60,255,202610610255,0,,train/uniform/n60/uniform_n60_0255.tsp,c2e69d8a3a324392fe2ac32a1837e24f18015fd7ee65b688e63063cf7e1a56f2
train,uniform,60,256,202610610256,0,,train/uniform/n60/uniform_n60_0256.tsp,4d7854c44cd51351f2536cae7a6fff02a719005dfc28d5f72349c0e47a6705c3
train,uniform,60,257,202610610257,0,,train/uniform/n60/uniform_n60_0257.tsp,9552c125ddb587fb7b94b9b43684811772fdc18ebf1a336f5cecfca6a9bcc616
train,uniform,60,258,202610610258,0,,train/uniform/n60/uniform_n60_0258.tsp,a14b611a0bb0123d98857c5474e04b3cf59871566ef52ed148900b41dd2ad4e6
train,uniform,60,259,202610610259,0,,train/uniform/n60/uniform_n60_0259.tsp,010950e72e226c778fad4ca459235d08e37b5133617893e0f5f46380449c5d11
train,uniform,60,260,202610610260,0,,train/uniform/n60/uniform_n60_0260.tsp,429744fc7b8f434c4058116faaf0e6591716b6821a510284bfa46f6ed23ac368
train,uniform,60,261,202610610261,0,,train/uniform/n60/uniform_n60_0261.tsp,cc8a8019203998e6297a8fd810a6a6990cbd7dde4eec3879fd28c4dc15250916
train,uniform,60,262,202610610262,0,,train/uniform/n60/uniform_n60_0262.tsp,9fdab7a563c6c153ff32942c9d44e197ed17bd39d1f203caf68b0597dfe0c32a
train,uniform,60,263,202610610263,0,,train/uniform/n60/uniform_n60_0263.tsp,d598023b9f571d607c2610d3a1d4564246c111918aafb4c5ac1bcfce8d2db8f2
train,uniform,60,264,202610610264,0,,train/uniform/n60/uniform_n60_0264.tsp,212b237c53dd36bd790fa30c86d7a8f7f81f2282bfa95228b04b142ffa51a605
train,uniform,60,265,202610610265,0,,train/uniform/n60/uniform_n60_0265.tsp,5b4350060b6adb0e627ab367003142ba6612bb6f9f9ed4b68060a579b6c3389e
train,uniform,60,266,202610610266,0,,train/uniform/n60/uniform_n60_0266.tsp,ea54d033bcd2c6d7f5887cce43bc43ad6ba67a28c8489e69269b2034879e9e18
train,uniform,60,267,202610610267,0,,train/uniform/n60/uniform_n60_0267.tsp,f0cf6497b9db99bc7aaaec51a4863b652fb262839026f21e19d9ef65ba886ec5
train,uniform,60,268,202610610268,0,,train/uniform/n60/uniform_n60_0268.tsp,8cd492a9737f558edecf8250b723b862f45be8011a036cc3047f694cf3aa2d01
train,uniform,60,269,202610610269,0,,train/uniform/n60/uniform_n60_0269.tsp,1665db5febe5deff74ae6653777fbfe211580986d0943c5f85338168b4124d40
train,uniform,60,270,202610610270,0,,train/uniform/n60/uniform_n60_0270.tsp,db0a47b0e778dcf69f3a56657c19ec1d515e409a211562a42c77a749f08d3777
train,uniform,60,271,202610610271,0,,train/uniform/n60/uniform_n60_0271.tsp,6f0b47b5799ba1d01079bec0c04922d25a9f34793a215aa61989093ce0c05fd3
train,uniform,60,272,202610610272,0,,train/uniform/n60/uniform_n60_0272.tsp,db721cd10d73bc06edbcdaa3e994be456be7c6c1f3a8e4ec093c7a5139087c4c
train,uniform,60,273,202610610273,0,,train/uniform/n60/uniform_n60_0273.tsp,90f79c018270edc485f395f2c9647b08f01790f2563e7739b4f637f2f7ba0558
train,uniform,60,274,202610610274,0,,train/uniform/n60/uniform_n60_0274.tsp,11d36b9fa86034f2bef48ccc8459b3bbf9b631a5c0eeccdec7fd906bd3c0617a
train,uniform,60,275,202610610275,0,,train/uniform/n60/uniform_n60_0275.tsp,c115ddb3f7c954a758eac96575aca91a144352b5c417584c9a486aad4b8dc72b
train,uniform,60,276,202610610276,0,,train/uniform/n60/uniform_n60_0276.tsp,4d13de44cd597458b215693c94e2d17f4bd2deda495da2a3b6a46796e5c4e75c
train,uniform,60,277,202610610277,0,,train/uniform/n60/uniform_n60_0277.tsp,4e1935a5ceb65fbce09b557aeb2bb7146478b37c0ec261b589bf032a6c2be21c
train,uniform,60,278,202610610278,0,,train/uniform/n60/uniform_n60_0278.tsp,9e41a41fac1d9393ffe6f44b80684e8ec2d5fba577dac567726d7210a362f7aa
train,uniform,60,279,202610610279,0,,train/uniform/n60/uniform_n60_0279.tsp,48f6251c091d539f965a7aa8aa2f9ae38f1fb26b2d4a88ff5fa49dd8e8a11265
train,uniform,60,280,202610610280,0,,train/uniform/n60/uniform_n60_0280.tsp,3895163fef928a0ac0731cd1f49c82e552785b76c8b7b2132b137ef8f33a80a3
train,uniform,60,281,202610610281,0,,train/uniform/n60/uniform_n60_0281.tsp,c4a3f79aea4b52713ac7197149d17334578d1595086f6c77ab60634b75d5b7d0
train,uniform,60,282,202610610282,0,,train/uniform/n60/uniform_n60_0282.tsp,7defd69db2285a75d4b1e3b461df78f36f522dbf40a486fc75a7da9b14cb460b
train,uniform,60,283,202610610283,0,,train/uniform/n60/uniform_n60_0283.tsp,0d20156e0bec56fa817ae44b48ad422e93062dcd0398b0face32890a05f2e752
train,uniform,60,284,202610610284,0,,train/uniform/n60/uniform_n60_0284.tsp,07c7ef0492e2ec62830ddba09828add5ee7739e46e915a3caea13f46b34dcdce
train,uniform,60,285,202610610285,0,,train/uniform/n60/uniform_n60_0285.tsp,4297f1dc0599924e93bfb170a67a4e55b41aab5317cb9f3db0726eed13851650
train,uniform,60,286,202610610286,0,,train/uniform/n60/uniform_n60_0286.tsp,43e356ef8be16c1a64d4169f19bbf3ce010220686a5127cd2138ed65a2d4f991
train,uniform,60,287,202610610287,0,,train/uniform/n60/uniform_n60_0287.tsp,e7772ed776f8892456a035010294004df0891fde9f473f04b8bb69419e73c6ac
train,uniform,60,288,202610610288,0,,train/uniform/n60/uniform_n60_0288.tsp,8421b2efe83904da59cba6589f9b1080645fa782b8e1a4eeea87b3357a063804
train,uniform,60,289,202610610289,0,,train/uniform/n60/uniform_n60_0289.tsp,44a8b3ff3dd76ec364f541e1f8ba0c9481311e8e5094e32497e0eec5b7957322
train,uniform,60,290,202610610290,0,,train/uniform/n60/uniform_n60_0290.tsp,be9bd4ae0f1774a226af577cb728925df275a5571f809c554c3fb67b99899a74
train,uniform,60,291,202610610291,0,,train/uniform/n60/uniform_n60_0291.tsp,90725173a4ad15acfebf551e4b49bcd2c6d11addb57f9b7692970d1c9acee4a4
train,uniform,60,292,202610610292,0,,train/uniform/n60/uniform_n60_0292.tsp,71cefcac84dfbdd16a958f2265dd1e0e9b1ad1d205999ad2cc0a2d888f223fb3
train,uniform,60,293,202610610293,0,,train/uniform/n60/uniform_n60_0293.tsp,3da123728ba99917d59a3186acfa901b7babc35e3b56f5cf7e0ebb46ca9c6a73
train,uniform,60,294,202610610294,0,,train/uniform/n60/uniform_n60_0294.tsp,41e69b50051aea0695d9381037fd050acabf3698189a356d1ea6cd89ac4b4468
train,uniform,60,295,202610610295,0,,train/uniform/n60/uniform_n60_0295.tsp,19db6b761aa42c81d222bad620598590e729ac55c503f5a481a592e2a3e3c308
train,uniform,60,296,202610610296,0,,train/uniform/n60/uniform_n60_0296.tsp,405f33fbad556d475f87f1e308c5be72b652216bc37891b8679302c81214fe82
train,uniform,60,297,202610610297,0,,train/uniform/n60/uniform_n60_0297.tsp,11bcaa8794d13030579a1b64740551742a20933cd6713f7335549edbf77fe839
train,uniform,60,298,202610610298,0,,train/uniform/n60/uniform_n60_0298.tsp,7be80557b087f707e42540044850656e6f3d2a503078fddda6e3590973842ed4
train,uniform,60,299,202610610299,0,,train/uniform/n60/uniform_n60_0299.tsp,eab55df464fb0b292d1323c7bff7ed76282dcf99be3015bb48a1b8d121daa9db
train,uniform,60,300,202610610300,0,,train/uniform/n60/uniform_n60_0300.tsp,5ade7e2ea481c531ca45ec5c63de1e351c1fcf49ba61ade358560aa9f3c44581
train,uniform,60,301,202610610301,0,,train/uniform/n60/uniform_n60_0301.tsp,d6022663eb0af564e441e69b530f3fdfecfeabe46e8241fd1e226fab7791f7f2
train,uniform,60,302,202610610302,0,,train/uniform/n60/uniform_n60_0302.tsp,5b59317c155d8693e7da354202de5ec2706aea1cc93d98d76e0dd0a1b2d303fe
train,uniform,60,303,202610610303,0,,train/uniform/n60/uniform_n60_0303.tsp,10e855a93a823d6ebda18d796da7837d9cf869ed3ec295c88d9df4238b812b2d
train,uniform,60,304,202610610304,0,,train/uniform/n60/uniform_n60_0304.tsp,439494a62005398989b10656618890dd28a62d5ba8cac2dd3703ff77c47bd5c3
train,uniform,60,305,202610610305,0,,train/uniform/n60/uniform_n60_0305.tsp,5a331100defcef5d9a13d468c3f79c75fd64d17658ec9183e5655eb18f0d2432
train,uniform,60,306,202610610306,0,,train/uniform/n60/uniform_n60_0306.tsp,8a7eb871e10183f573fb76e3506196fda15626a31c45d94921c0097a13e94f9a
train,uniform,60,307,202610610307,0,,train/uniform/n60/uniform_n60_0307.tsp,6d9eb05de41060a0a4446d86df92a9a752fd82298643a9219da5715eba81c20a
train,uniform,60,308,202610610308,0,,train/uniform/n60/uniform_n60_0308.tsp,67a270eaa284027d4b4144a01a50b0a909081029af7e13a8321714f0b39bd4e0
train,uniform,60,309,202610610309,0,,train/uniform/n60/uniform_n60_0309.tsp,7f20adae79009b891c792a632671f68ba5c190f5a5a54f7ac88fd6a369b74f09
train,uniform,60,310,202610610310,0,,train/uniform/n60/uniform_n60_0310.tsp,1a4ef490831b1813e20819185afea57bef94fab653c444e65ad3079b30b05d8e
train,uniform,60,311,202610610311,0,,train/uniform/n60/uniform_n60_0311.tsp,c9148db2a0442ebdc74f99d19cc7eea9c746fa796f3a8e2b09d80b5ba4fb4498
train,uniform,60,312,202610610312,0,,train/uniform/n60/uniform_n60_0312.tsp,b5aa1aeac3164ffb51ea4b708f65bfa38e472d016366484d52a9823db9e7dfe0
train,uniform,60,313,202610610313,0,,train/uniform/n60/uniform_n60_0313.tsp,4dafe55ce99024d2399955bab1e774eeb2bda02cf182968ee4ef1a388bddefd7
train,uniform,60,314,202610610314,0,,train/uniform/n60/uniform_n60_0314.tsp,a03e9546a1e178ce9b3625f4671c6a1608cd792fe0834819675cf17d58498952
train,uniform,60,315,202610610315,0,,train/uniform/n60/uniform_n60_0315.tsp,0320efd3d70d854b423e47308245342a26d8f7b1cfbd40ad95c961a739a09cf3
train,uniform,60,316,202610610316,0,,train/uniform/n60/uniform_n60_0316.tsp,00e7ef066accd4df402a91ffa0eed3dc5675e95652fffa704ca435d474208e86
train,uniform,60,317,202610610317,0,,train/uniform/n60/uniform_n60_0317.tsp,3e43a195a43ddb47ed0ffd9cd633afe162ecf69781cb48230e52f7ce2aa1857a
train,uniform,60,318,202610610318,0,,train/uniform/n60/uniform_n60_0318.tsp,edc84186a8fb0b96763bf00d850b187c64e059154c62d6f8ac4162095c3c859e
train,uniform,60,319,202610610319,0,,train/uniform/n60/uniform_n60_0319.tsp,7b2cc1fae42f807ba736b170cf68538090db2a91e3a3e2fdfdcdcf5fcdaa12c4
train,uniform,60,320,202610610320,0,,train/uniform/n60/uniform_n60_0320.tsp,498972ce299db84f539c0e8de278904a2d11bc166233045d1af5ccc8e1a300bc
train,uniform,60,321,202610610321,0,,train/uniform/n60/uniform_n60_0321.tsp,1af38ce2e8c19e26e3801599ffbe993e86cfedfdf7ecad3af6f187970199f5ac
train,uniform,60,322,202610610322,0,,train/uniform/n60/uniform_n60_0322.tsp,b3371ebd91b28ea883f61e2e3cbc745dfa5e682aed93282d27da13b0ac5770ef
train,uniform,60,323,202610610323,0,,train/uniform/n60/uniform_n60_0323.tsp,b6a1cb3d1ab0ec15a2f2686aa41b53be61bcf4a85b83f6f63ae4db0c3c7af5ed
train,uniform,60,324,202610610324,0,,train/uniform/n60/uniform_n60_0324.tsp,37699370f1dd354ded54f7e495a4a92bd45ff13394a47ce8752ea8e65f79de04
train,uniform,60,325,202610610325,0,,train/uniform/n60/uniform_n60_0325.tsp,f00b1a341dafe82551bcae2673b77d9d403366226828668503a2cd845b21fc32
train,uniform,60,326,202610610326,0,,train/uniform/n60/uniform_n60_0326.tsp,12501ff158dc8b2ba12a378ffd3ed0ee78bf7b38d724e5e2d579843e7a31b5ab
train,uniform,60,327,202610610327,0,,train/uniform/n60/uniform_n60_0327.tsp,9fbfe343b1496d34e9e24030fdfa30aba0d7d87f4e48a2e657bf88de2e38cbc3
train,uniform,60,328,202610610328,0,,train/uniform/n60/uniform_n60_0328.tsp,7a723ed86e1c645fa323d459a767b518c5db7e7b46d65d349a5e72969df2ff24
train,uniform,60,329,202610610329,0,,train/uniform/n60/uniform_n60_0329.tsp,ad00a45fe2e5c16ce554d40eb3dede9ae213b888615ceb3e19f8d9da98cccff7
train,uniform,60,330,202610610330,0,,train/uniform/n60/uniform_n60_0330.tsp,6ebe3a98bae167fe216d96c48fcd7313e4a2acb699f219c0a8cd95b374248fea
train,uniform,60,331,202610610331,0,,train/uniform/n60/uniform_n60_0331.tsp,7f62b56a86ff7554981e06f8b453b73ab49370f23606e633f9fc9ce177ad0725
train,uniform,60,332,202610610332,0,,train/uniform/n60/uniform_n60_0332.tsp,ace6fa6d608e34bd5149cb19ee8ff0c7c1b96f61fd419f0e4246e294b7d90e86
train,uniform,60,333,202610610333,0,,train/uniform/n60/uniform_n60_0333.tsp,269ed65aa8785579e8ad4c11977aa5817348731c4c8fcd8a469593e5fd3bf438
train,uniform,60,334,202610610334,0,,train/uniform/n60/uniform_n60_0334.tsp,5b44e39f377f90625d21cd794fd62fc6d03679150c0d947d24d46ae381877341
train,uniform,60,335,202610610335,0,,train/uniform/n60/uniform_n60_0335.tsp,d1795c3b306340e65d5b078d7a2090b64772feecff6ec0f522a0370dd6c34af6
train,uniform,60,336,202610610336,0,,train/uniform/n60/uniform_n60_0336.tsp,cd4b82b5293b6f97d95156dcf5ed2a2eeb0871b74f3b7a36c9bea02ab5354edf
train,uniform,60,337,202610610337,0,,train/uniform/n60/uniform_n60_0337.tsp,f04b9d14b03cb4452d790b3294110703815881c0857a5f88d98031a68d680a75
train,uniform,60,338,202610610338,0,,train/uniform/n60/uniform_n60_0338.tsp,0121718916e4c52597d2c8283c05bab83b3768a2a89d0f9a784283b67058bf76
train,uniform,60,339,202610610339,0,,train/uniform/n60/uniform_n60_0339.tsp,9d6fcdaa4c2a7b7166b103b9ca491b8bd4abbe00edb01f61d6667efb541a04a6
train,uniform,60,340,202610610340,0,,train/uniform/n60/uniform_n60_0340.tsp,f874e1967248ea49f15d3d0e44e98b07c89baefaa3cbd8e444a0096d20bfbaf2
train,uniform,60,341,202610610341,0,,train/uniform/n60/uniform_n60_0341.tsp,1f6b878d20d031e81922df84f2c2063dfdf60b1ee75a8e7cb80da8e926ddd522
train,uniform,60,342,202610610342,0,,train/uniform/n60/uniform_n60_0342.tsp,3d27f95c7fc4aaa08769746b4e1da7ca5e201f4e6b77fa9a525bd5d8b3534381
train,uniform,60,343,202610610343,0,,train/uniform/n60/uniform_n60_0343.tsp,fe6e64931c8739cc627e4519e8f370905609ce9216fe1e8d089909bc7dd9d200
train,uniform,60,344,202610610344,0,,train/uniform/n60/uniform_n60_0344.tsp,befa223b46b509334339350e0780c945b0d35a0791a639ff06c3e62ddc1692a6
train,uniform,60,345,202610610345,0,,train/uniform/n60/uniform_n60_0345.tsp,6536ad71bda9a9d074ace81ec5cd2886de91254ebdfb2b8f37287dcc3a1cc2a2
train,uniform,60,346,202610610346,0,,train/uniform/n60/uniform_n60_0346.tsp,d573507a2d1b12344859204f858d869afb58923033d2e8c452289981f474ec7d
train,uniform,60,347,202610610347,0,,train/uniform/n60/uniform_n60_0347.tsp,0c6210544e4699719787dea99a673ebe95803cec211dfcce146e82aaf9a79857
train,uniform,60,348,202610610348,0,,train/uniform/n60/uniform_n60_0348.tsp,33a840c200c24b07924c875a13ad25fb88b9b7935403115862537d3e945b1826
train,uniform,60,349,202610610349,0,,train/uniform/n60/uniform_n60_0349.tsp,b25a90993b950b4ce30f66f721dfa71b5ea6b5dbdbe79154dc9a8b5384cd7cae
train,uniform,60,350,202610610350,0,,train/uniform/n60/uniform_n60_0350.tsp,941e9074eafcd5588bfa7bf2d2cf0c220d4cd8f7da618f403b76161352bbffe5
train,uniform,60,351,202610610351,0,,train/uniform/n60/uniform_n60_0351.tsp,37f58d684f5d410cb090002a63801b22a9cab0a94147174380acb729a8e0a161
train,uniform,60,352,202610610352,0,,train/uniform/n60/uniform_n60_0352.tsp,340406ff5ebaf9d98e0b0b34dc701168ac327c5b4519e04e12eea6683a79f4e5
train,uniform,60,353,202610610353,0,,train/uniform/n60/uniform_n60_0353.tsp,0f8f23502b97707cbcd0521cbdeae173ad1ffa64b04fbfdbd8bd02b3b791e889
train,uniform,60,354,202610610354,0,,train/uniform/n60/uniform_n60_0354.tsp,c26f62ecd1d0686b3ab7d020bcc8b7c0efee6b33971f0ec1320d421ec46ef964
train,uniform,60,355,202610610355,0,,train/uniform/n60/uniform_n60_0355.tsp,b44fcd2a0b33945f9d07eaea09587e4585894132ae504a2c459ef09a6fd7e1f9
train,uniform,60,356,202610610356,0,,train/uniform/n60/uniform_n60_0356.tsp,710e2d0325a4218329ba9812cf0582aa9e94edcf7f5ce744c8cd0394c2bf243c
train,uniform,60,357,202610610357,0,,train/uniform/n60/uniform_n60_0357.tsp,d354c52ac32b0c7e6e3eeeaab07a761a58831ae47292764961dbee7b58e22a68
train,uniform,60,358,202610610358,0,,train/uniform/n60/uniform_n60_0358.tsp,da0539f298de95d6a27555180e06e17cf85d906ab2cbfe48f80f88fd13b52df1
train,uniform,60,359,202610610359,0,,train/uniform/n60/uniform_n60_0359.tsp,67abe968801cb10337fd352c2ced2a8d4c26ffc0020cc3c9ca2caea040e56686
train,uniform,60,360,202610610360,0,,train/uniform/n60/uniform_n60_0360.tsp,371b44a0dba71ef4f40394a50a9bba17396a9caf5bc4e5f0985b05066f1bd09b
train,uniform,60,361,202610610361,0,,train/uniform/n60/uniform_n60_0361.tsp,e8929c0568e6cb7188d5b3bbfb1fbbab2272a3ad160278e2a8a3526811b65156
train,uniform,60,362,202610610362,0,,train/uniform/n60/uniform_n60_0362.tsp,2ce4234e32edaca66d1f9e1a09697f45cff2b4a262f28982c86508f3e8ff4356
train,uniform,60,363,202610610363,0,,train/uniform/n60/uniform_n60_0363.tsp,b73c435432bbdf004782c4ec07fea796972ca00ffffe6dea264e9b6b909461a8
train,uniform,60,364,202610610364,0,,train/uniform/n60/uniform_n60_0364.tsp,ee6c6eb7c4190b2f4747085229ba658a117237225072cf0ed2373434a79a4c9a
train,uniform,60,365,202610610365,0,,train/uniform/n60/uniform_n60_0365.tsp,f4e7ced424beb927a121df4c76c03ea01d4439f42922f0be7e73f3c99ad2dd12
train,uniform,60,366,202610610366,0,,train/uniform/n60/uniform_n60_0366.tsp,9a8406d61b4fc742bc790239a7761c046e1ef45d3057068138da45f34ad87e84
train,uniform,60,367,202610610367,0,,train/uniform/n60/uniform_n60_0367.tsp,6a868099729de639f8f90f74fce8906d81734ef9739227dd588ed18b4e0b5759
train,uniform,60,368,202610610368,0,,train/uniform/n60/uniform_n60_0368.tsp,2572bc924fac2567828ae0e6bf50c03ee2ec9113a01b317870c553417d48e52a
train,uniform,60,369,202610610369,0,,train/uniform/n60/uniform_n60_0369.tsp,8364ffe5ab8a061351b571f440d5f15fe8b9635d8db84c3751ff816a61a86d31
train,uniform,60,370,202610610370,0,,train/uniform/n60/uniform_n60_0370.tsp,fd7235c72964356af2b9efa0a41c8164d19a7d2299b1255bf87bcaeeb5542b6d
train,uniform,60,371,202610610371,0,,train/uniform/n60/uniform_n60_0371.tsp,5f8ef0493eb9d1fc335fc5999b33f766c5e5208b517109ca642868f384bdad9f
train,uniform,60,372,202610610372,0,,train/uniform/n60/uniform_n60_0372.tsp,c583327868f69c137a39465b17235f5fdb8a9ef01677b2212381b617f570c196
train,uniform,60,373,202610610373,0,,train/uniform/n60/uniform_n60_0373.tsp,351077dd9126e6a9fd884c63c82134d7b77a04dac2a15759c7c84009cd51b84c
train,uniform,60,374,202610610374,0,,train/uniform/n60/uniform_n60_0374.tsp,4a8a7e65d3d9235c39fbd2b40b960479727c16599fb44abe5d041fe1e888c38f
train,uniform,60,375,202610610375,0,,train/uniform/n60/uniform_n60_0375.tsp,872fb100bddfdcce71471d84b3083a2ed1b11a675ba54ff62902d1bdec1c79ef
train,uniform,60,376,202610610376,0,,train/uniform/n60/uniform_n60_0376.tsp,e652705c658609fef618183280f5b9dbbc98c4f11c3165d4beaafcc8199e6a33
train,uniform,60,377,202610610377,0,,train/uniform/n60/uniform_n60_0377.tsp,17df1bc6171931e256c3b50b0a637ebf7456ea935d112a5ffa84d4345f2bdcc6
train,uniform,60,378,202610610378,0,,train/uniform/n60/uniform_n60_0378.tsp,4aa77bec1167683aa56f56d97572e137637d34db8f2a425ef0c8dde5990c0dc7
train,uniform,60,379,202610610379,0,,train/uniform/n60/uniform_n60_0379.tsp,e1544e1c6b2087615934473dff471d0b02ee86b0e4749bad43e8127587cd1794
train,uniform,60,380,202610610380,0,,train/uniform/n60/uniform_n60_0380.tsp,a4ab9bd8479147d2b565ec7f5d9f6364445cc6a09bf568feae8c6cc0cbe6f45f
train,uniform,60,381,202610610381,0,,train/uniform/n60/uniform_n60_0381.tsp,02de1844b97d4b2d07698f1b62b4cb03f8382ea0a5f09eaa35759f284242c5f6
train,uniform,60,382,202610610382,0,,train/uniform/n60/uniform_n60_0382.tsp,427c3049acd9518bb7c623788dda7a94435308a022286907c5d4189a35a6b7e3
train,uniform,60,383,202610610383,0,,train/uniform/n60/uniform_n60_0383.tsp,b33f0f09a80feb17cf3c17127175fe895fffb7424f56776f9a5b73faae116262
train,uniform,60,384,202610610384,0,,train/uniform/n60/uniform_n60_0384.tsp,677e4cd0de1f4dadfb9ceddaf9c15e734467f2d152020567edc49fe94adc9d9c
train,uniform,60,385,202610610385,0,,train/uniform/n60/uniform_n60_0385.tsp,0a70a15127a2577a81dc9af1917ba2c04be87b83ab737c790eaced4b2dbc48c6
train,uniform,60,386,202610610386,0,,train/uniform/n60/uniform_n60_0386.tsp,ce5f86c38c1bfa2a2cde16e7c4130dec7ed0d2313ef82a61825ce5d5416995e8
train,uniform,60,387,202610610387,0,,train/uniform/n60/uniform_n60_0387.tsp,ad8eb9eddb21379a8591ad9ebe5147275fe6ac5b840d7ca4f90c9b0c02c81554
train,uniform,60,388,202610610388,0,,train/uniform/n60/uniform_n60_0388.tsp,1bf913b8130fdb6fb6bf0a0ac9ebcbfbc8f18533c1e1c4d8a97ab0a7dec4800e
train,uniform,60,389,202610610389,0,,train/uniform/n60/uniform_n60_0389.tsp,a7fa9d123e43ea633a39b892fff64837fae3c2bf3c0316051db8433ecba33c9b
train,uniform,60,390,202610610390,0,,train/uniform/n60/uniform_n60_0390.tsp,f2cc6d7f47948427f1d08871e492ab5e92dc27fc06da0cd2991307eccc97dddc
train,uniform,60,391,202610610391,0,,train/uniform/n60/uniform_n60_0391.tsp,64053fef95383e18c08b4053c2691e0d9ee13bd0993bd5e6ad7ab3be5ad00215
train,uniform,60,392,202610610392,0,,train/uniform/n60/uniform_n60_0392.tsp,ed528a98ca702022990a31eeb0c3f518f2982fc035fafe74c685b798edfd27f2
train,uniform,60,393,202610610393,0,,train/uniform/n60/uniform_n60_0393.tsp,9958cfa88fee6392d153796507764c35124755d48e8a1e5ac3d19146a90fa418
train,uniform,60,394,202610610394,0,,train/uniform/n60/uniform_n60_0394.tsp,8832a1e93748c2f1d36ad16ac7b3395215831916820ce4a22ccff7d29c765074
train,uniform,60,395,202610610395,0,,train/uniform/n60/uniform_n60_0395.tsp,b90c150be480a37714b38d6fcecbc6efa859ed15740538ad569faebed7ebd714
train,uniform,60,396,202610610396,0,,train/uniform/n60/uniform_n60_0396.tsp,0166d8084e8decc94f321e772c7c2eb86b12e22e3925c5ba79657163213e3200
train,uniform,60,397,202610610397,0,,train/uniform/n60/uniform_n60_0397.tsp,ba1c8e23490dcf6a172cc9d6e4722a2547e876b8a003797b7c82d60c329b3ae9
train,uniform,60,398,202610610398,0,,train/uniform/n60/uniform_n60_0398.tsp,40f2d4f4b2e4529c609a444eb937b1b587fe0d3ec92a5a9c1f41708a7495472a
train,uniform,60,399,202610610399,0,,train/uniform/n60/uniform_n60_0399.tsp,de54a430916ae05f0fb0938128cc9a8bff1508f0377a8e930f9ea397f73ad57a
train,uniform,60,400,202610610400,0,,train/uniform/n60/uniform_n60_0400.tsp,25ad621da898f29ce928161a0807b831ca368e927186d8db29afb7092144a8f3
train,uniform,60,401,202610610401,0,,train/uniform/n60/uniform_n60_0401.tsp,3fca3a21bb0893404560888790f86cf235f6386bb701ba376cfc68467a920dc0
train,uniform,60,402,202610610402,0,,train/uniform/n60/uniform_n60_0402.tsp,3e573fc6007fc840f4b2e775ef30dbf81f910cfecf6211a045ef2d279b5e4dbd
train,uniform,60,403,202610610403,0,,train/uniform/n60/uniform_n60_0403.tsp,cb6883e25590540f5de8181e45e8d25ae3cba829493e7d7fb09677b5f4c07631
train,uniform,60,404,202610610404,0,,train/uniform/n60/uniform_n60_0404.tsp,8d5e01889c77cd85be90152c6e3a61240ee4e077fcedf92f854f2d98431c44be
train,uniform,60,405,202610610405,0,,train/uniform/n60/uniform_n60_0405.tsp,93a2fef99cbbb0f7babec59a35002e99d69e433be453b112c9a79cf444b0bd9a
train,uniform,60,406,202610610406,0,,train/uniform/n60/uniform_n60_0406.tsp,1f6c0a30a58beeb28838406b77c52946a2c4177f11a683dc6dbbe4c3c1b65c36
train,uniform,60,407,202610610407,0,,train/uniform/n60/uniform_n60_0407.tsp,6bbc1c929e2d27446139701a99ff173b20abefe59cb487272d1f965e044286fe
train,uniform,60,408,202610610408,0,,train/uniform/n60/uniform_n60_0408.tsp,cc3d2b0a343577cc01cdb87570b3845565952cff8ab8fec61ffa333be4519f22
train,uniform,60,409,202610610409,0,,train/uniform/n60/uniform_n60_0409.tsp,3beb05cade8bf157932acdd5f739355b0e4d8b9d20313159fff2eedb2c20c7d7
train,uniform,60,410,202610610410,0,,train/uniform/n60/uniform_n60_0410.tsp,ec58b87e5d9239b0b0272d37216ff958f5de245eed6102d9554a6c0512c12fd9
train,uniform,60,411,202610610411,0,,train/uniform/n60/uniform_n60_0411.tsp,b29f3c4501764ca827d115846d76efa459a411db5c64d0dbe9f3f69818467571
train,uniform,60,412,202610610412,0,,train/uniform/n60/uniform_n60_0412.tsp,e8fe28e67c6aed579afdafb5f32703c38bf5bc4cadba4eb3f990cb305f6516b3
train,uniform,60,413,202610610413,0,,train/uniform/n60/uniform_n60_0413.tsp,8cefd61b35600c694b20e2769f003cf68eb0f68257143b4069bf25acd3a001d9
train,uniform,60,414,202610610414,0,,train/uniform/n60/uniform_n60_0414.tsp,16f4fa26227b59326260988181e5e39f68810382fa8b8b4f5f85d9a52b7bb2ad
train,uniform,60,415,202610610415,0,,train/uniform/n60/uniform_n60_0415.tsp,b852f5ff5ffc35872fdb3e1637da91f8bf91c2daa7a238a4df0e17acf3e51ae1
train,uniform,60,416,202610610416,0,,train/uniform/n60/uniform_n60_0416.tsp,e8903d70ab1c4bed2778d86dd078992100b15dea1ecd28968175570cd0a0f5fe
train,uniform,60,417,202610610417,0,,train/uniform/n60/uniform_n60_0417.tsp,fa40ce4d4b4e01f59e85f1c5a0da40fe894b300450cdbbc83463873d7d700843
train,uniform,60,418,202610610418,0,,train/uniform/n60/uniform_n60_0418.tsp,d02e506752c5844a162240dfe77532f4f69ef1d25de3bc22dee1583894ab745c
train,uniform,60,419,202610610419,0,,train/uniform/n60/uniform_n60_0419.tsp,949056355ad6c0d9004f1f32da454eb8066ba6fa206e4413e8166f4ce265b29e
train,uniform,60,420,202610610420,0,,train/uniform/n60/uniform_n60_0420.tsp,2497fcfd483abc2effc8625b88f0988762aec047be3d14381e147db348d2fc02
train,uniform,60,421,202610610421,0,,train/uniform/n60/uniform_n60_0421.tsp,a0d6ffe655dc38bcca2063ea185544a635d86a7130cc0533c0535e9fc621faa9
train,uniform,60,422,202610610422,0,,train/uniform/n60/uniform_n60_0422.tsp,3b33ab29b4adf19906a589dbddc27f29959e973517044736f8bb86d0f2870e1a
train,uniform,60,423,202610610423,0,,train/uniform/n60/uniform_n60_0423.tsp,f40e474eb3adcbd6b7c68ce37387b42a704e7a21636ebecb724096bab4a2c8b8
train,uniform,60,424,202610610424,0,,train/uniform/n60/uniform_n60_0424.tsp,c49f400de37947b6033acba13aac2370e954fcd976c548be742fc6c6e5a64904
train,uniform,60,425,202610610425,0,,train/uniform/n60/uniform_n60_0425.tsp,772d69ee2ebdfae856ffdc605cf2ed294d67c2184efb1d7d8ac996a353328449
train,uniform,60,426,202610610426,0,,train/uniform/n60/uniform_n60_0426.tsp,2312d078f825bec2cad91987d0a2d7114280add660506d783c0b450e371719fc
train,uniform,60,427,202610610427,0,,train/uniform/n60/uniform_n60_0427.tsp,c3834f39e64136358951a9995ca8b09929dc493b014a6ee8345e95b1eb3fc269
train,uniform,60,428,202610610428,0,,train/uniform/n60/uniform_n60_0428.tsp,816b8644ea9ac905ce2f224db030b296d3edb51f71a52404a08e5cb8cd07a771
train,uniform,60,429,202610610429,0,,train/uniform/n60/uniform_n60_0429.tsp,ae025b856f155be06e05751bc024b563962a587bca512ab2440a6e1ebe5eae8e
train,uniform,60,430,202610610430,0,,train/uniform/n60/uniform_n60_0430.tsp,c3a035c96d7970e2224cb1b8659cb5065f222baa061053722142488b5bb97990
train,uniform,60,431,202610610431,0,,train/uniform/n60/uniform_n60_0431.tsp,939e2d83c52609ec8ac422b04a93a78cde7b193fc30993879830d420d221b13b
train,uniform,60,432,202610610432,0,,train/uniform/n60/uniform_n60_0432.tsp,f73795f9924e876b05b38a3322b249fbae1f70844eee254c63948e515a93653d
train,uniform,60,433,202610610433,0,,train/uniform/n60/uniform_n60_0433.tsp,0603f75019c39196f2755c9dc5be5038c699064a61e900a5bd429a849b23a103
train,uniform,60,434,202610610434,0,,train/uniform/n60/uniform_n60_0434.tsp,b01f6191a3ec153a01de6008692afd20d63a4d540d1815ec7e51a0d0080ce09f
train,uniform,60,435,202610610435,0,,train/uniform/n60/uniform_n60_0435.tsp,31c07230efb28f5e726b5974d279737aac1e7a2bd7f6328492f3a74fd14b3c43
train,uniform,60,436,202610610436,0,,train/uniform/n60/uniform_n60_0436.tsp,51e5e16d59638e1eaf01a4706e5fdecf435fe02d321454acd0f1e6e67c488aa6
train,uniform,60,437,202610610437,0,,train/uniform/n60/uniform_n60_0437.tsp,5eaa2b8c4c8331967782795bfaa72f00505ce1a081be9052ded9b9a09391cf8f
train,uniform,60,438,202610610438,0,,train/uniform/n60/uniform_n60_0438.tsp,23cb8b065774f9c13bb68a1a4c7eb7fdec4abca62678d052f46076355f93550d
train,uniform,60,439,202610610439,0,,train/uniform/n60/uniform_n60_0439.tsp,333c4bfd2460c71d7ca20a06e9003fcb84a896ae26d27aac3dc4425b28605595
train,uniform,60,440,202610610440,0,,train/uniform/n60/uniform_n60_0440.tsp,0d371d0e32558257922f118b5f28a5311b50d6c0b2a08c31bfdeea766e0fa983
train,uniform,60,441,202610610441,0,,train/uniform/n60/uniform_n60_0441.tsp,85d6c51729e5136de2cce62f714faad11658dba88b697d7e9e943e0afaa4aa2a
train,uniform,60,442,202610610442,0,,train/uniform/n60/uniform_n60_0442.tsp,674b5410f6697e1e9d34c2d5d8d937755d68c6898293b44b0c4adfbe0b100fcb
train,uniform,60,443,202610610443,0,,train/uniform/n60/uniform_n60_0443.tsp,99cb6fb5e3b08313f1617194260262673330380da2dc5fd622c1d6bc4e6cca4b
train,uniform,60,444,202610610444,0,,train/uniform/n60/uniform_n60_0444.tsp,5665a1dae4aea14bedcdf97544a14b93561f8a6f41133cca4a71ff1c138de5e2
train,uniform,60,445,202610610445,0,,train/uniform/n60/uniform_n60_0445.tsp,b81d541cb5977605b70faf41ab20ee29c5a3094698f8902cf5e9fe1728d8d266
train,uniform,60,446,202610610446,0,,train/uniform/n60/uniform_n60_0446.tsp,e47fee7503b4f59731c26d03ca8d68f01c9c27c8053bf1c829e5c2932c0e5c1e
train,uniform,60,447,202610610447,0,,train/uniform/n60/uniform_n60_0447.tsp,12dbbf67d19e8b9265490ea6e4b35b37cd3f7c3e43ff31ebac224c38697e1162
train,uniform,60,448,202610610448,0,,train/uniform/n60/uniform_n60_0448.tsp,26ddde721550362b808b56fdd528dcb8d11144a5c9772fe36c26baa3bfa0c333
train,uniform,60,449,202610610449,0,,train/uniform/n60/uniform_n60_0449.tsp,22e309230bf5065743e8e4bbc3bf49608c646d20104777dc9a6a7e781c14ea93
train,uniform,60,450,202610610450,0,,train/uniform/n60/uniform_n60_0450.tsp,958cf66efd0b076eb68cd10738f8e70e622175a197082059d0987163e81b72e3
train,uniform,60,451,202610610451,0,,train/uniform/n60/uniform_n60_0451.tsp,238e69b645b9613f87869f64bee03bb6137703fb8eee010b6d5a1b8f2b4294ac
train,uniform,60,452,202610610452,0,,train/uniform/n60/uniform_n60_0452.tsp,f055c41bcd3d55396bbf6015bb89092a49ec0a96a8e30ab7052e5603d0bf4cbe
train,uniform,60,453,202610610453,0,,train/uniform/n60/uniform_n60_0453.tsp,efbd0f647c57866f12765d15cec880d932709b9af826eef8ef1491ecd16028df
train,uniform,60,454,202610610454,0,,train/uniform/n60/uniform_n60_0454.tsp,9df850c23e3c50cc4a40940b6a3d50cf4915c44fe84354a493c16ef5d470353d
train,uniform,60,455,202610610455,0,,train/uniform/n60/uniform_n60_0455.tsp,236b5209e2a3eb50f1bcc3a1eacfad35818943890c7f76ba5bfdfe70aa6e200c
train,uniform,60,456,202610610456,0,,train/uniform/n60/uniform_n60_0456.tsp,0a10c763a3a4cabb82b5a0a449d9b54d97a07c7ec6201db5e753ceccc43f69fa
train,uniform,60,457,202610610457,0,,train/uniform/n60/uniform_n60_0457.tsp,e92c613234c07721db1555c20e5cc7dba4185f47a883d02e162814a54cdd33cc
train,uniform,60,458,202610610458,0,,train/uniform/n60/uniform_n60_0458.tsp,07c1b987100b2435494f30ca74df62f18e625ad72efcf217727601b33da20ee3
train,uniform,60,459,202610610459,0,,train/uniform/n60/uniform_n60_0459.tsp,652771f75d6cbc9d175d7867bd987c4d8d5a62b4058c0737ee72776a19512825
train,uniform,60,460,202610610460,0,,train/uniform/n60/uniform_n60_0460.tsp,11e7b70466326485a10c792281926519408dc709787f92592b598d3702868dfa
train,uniform,60,461,202610610461,0,,train/uniform/n60/uniform_n60_0461.tsp,3ba2034479aa1b60952d8fb4ac01a0d3e113ac9afde5350a14da787d8742ea84
train,uniform,60,462,202610610462,0,,train/uniform/n60/uniform_n60_0462.tsp,ad3b9acdc9390defe5f5524e545f43fdb1fd8b56641e69e337dbf403a1d9291e
train,uniform,60,463,202610610463,0,,train/uniform/n60/uniform_n60_0463.tsp,cec871301a36cb39f780dce4eea42d76f9b7e0076b233ae4dd18705fe97342bc
train,uniform,60,464,202610610464,0,,train/uniform/n60/uniform_n60_0464.tsp,ce43a7b8fedb19302d28ff41aaeebbc18473cfa325a319f5a4e0598eab4450ed
train,uniform,60,465,202610610465,0,,train/uniform/n60/uniform_n60_0465.tsp,58b3c8196803fa27127d110ffd8cd8ee0a425b261bfe362db6d304244f445bd5
train,uniform,60,466,202610610466,0,,train/uniform/n60/uniform_n60_0466.tsp,31d60ca1ad4c597f12e92eac4768f22f79e81006ac04e27d62e59ca1cb256442
train,uniform,60,467,202610610467,0,,train/uniform/n60/uniform_n60_0467.tsp,b87324f9d12f73d44681c949f05db61e0fb626b5c877cb81f91c9c4018084f47
train,uniform,60,468,202610610468,0,,train/uniform/n60/uniform_n60_0468.tsp,63182f69b46a86ecad9e5eb3831a549a2c699607476c6687af912e6ad6c603f2
train,uniform,60,469,202610610469,0,,train/uniform/n60/uniform_n60_0469.tsp,70a5f04b27b80a8cfebfda0b186853f9878505999b0ce14b4d3328e6f5f65a0c
train,uniform,60,470,202610610470,0,,train/uniform/n60/uniform_n60_0470.tsp,28e670d8d5d8b47ff332c55575483e998b2d856fb135ae60e459ea73075bf7d8
train,uniform,60,471,202610610471,0,,train/uniform/n60/uniform_n60_0471.tsp,913dcb5c0b2bcfd374b691a78b4b9b4a91e3d032e79a985e53a4a04a915133cd
train,uniform,60,472,202610610472,0,,train/uniform/n60/uniform_n60_0472.tsp,aea38e190ce19a614c6a641bff71b967f669d61d67857f3edcebdf5a8ec4e6a0
train,uniform,60,473,202610610473,0,,train/uniform/n60/uniform_n60_0473.tsp,d6f7bf320a895ba094dc5f9c7b2c1dd5c58d7d1e6028f7541c8c3b136ec40f6a
train,uniform,60,474,202610610474,0,,train/uniform/n60/uniform_n60_0474.tsp,ff090a65b94ddedaf7146e554399b03667e83d425594998ecc8e57ac061d6685
train,uniform,60,475,202610610475,0,,train/uniform/n60/uniform_n60_0475.tsp,b98cc1968ce1bb4fb63a7749dc1381aa97387fd925fcf85e1117d692d607fba3
train,uniform,60,476,202610610476,0,,train/uniform/n60/uniform_n60_0476.tsp,f300c4a7ba70f93204d62a6fcaee3889dcd89e70b10ac1f9f704b6aebd9c07af
train,uniform,60,477,202610610477,0,,train/uniform/n60/uniform_n60_0477.tsp,603fa227102faeee652a39cbbb78b9d701929d7102568e572f61b51a334ea627
train,uniform,60,478,202610610478,0,,train/uniform/n60/uniform_n60_0478.tsp,306f3a600205d155c77047420723492213f60066f835b2f7a27775d7a4249a03
train,uniform,60,479,202610610479,0,,train/uniform/n60/uniform_n60_0479.tsp,46fda39ea27d4572c53b5bbf5e5e8f826f71e2934140dba9e7a2f3a3a315c343
train,uniform,60,480,202610610480,0,,train/uniform/n60/uniform_n60_0480.tsp,0eb5320da702efdbe39f224321bc83bc722afa5313cf942c18673644ca9a4d18
train,uniform,60,481,202610610481,0,,train/uniform/n60/uniform_n60_0481.tsp,3919b6dc50607a759bc3820a87420a5df1d8cb68916adfb9a24121347d7ee2af
train,uniform,60,482,202610610482,0,,train/uniform/n60/uniform_n60_0482.tsp,becbf59a93d92f8ca978db426cc4c45a9d82077c136101d4d5e9521aeff67275
train,uniform,60,483,202610610483,0,,train/uniform/n60/uniform_n60_0483.tsp,6b878a725e4768bd72401f65f28088aaf515aff0963030f7d05ef472d611d64f
train,uniform,60,484,202610610484,0,,train/uniform/n60/uniform_n60_0484.tsp,b45adbd0dc4d73d6f6d907cb730a4586a2eacfb3822dea554383f8ae704e25a8
train,uniform,60,485,202610610485,0,,train/uniform/n60/uniform_n60_0485.tsp,17048c4aba2a94ecf6ff70ea0e5961d66a943be7c9886aa0d3d3ee3bf9e7d070
train,uniform,60,486,202610610486,0,,train/uniform/n60/uniform_n60_0486.tsp,0fbebfea94e6ab9a14ed014410ddf6340e73d8905677dda8f9588ba4d3bf5fa2
train,uniform,60,487,202610610487,0,,train/uniform/n60/uniform_n60_0487.tsp,bc37526312c330d5fea966772a2e9fb01fdee66cadb9d9cde32f29e3da8130c0
train,uniform,60,488,202610610488,0,,train/uniform/n60/uniform_n60_0488.tsp,828755b08deb1353a41756e0b3ee879738057ec2a9aae5276439708046044a91
train,uniform,60,489,202610610489,0,,train/uniform/n60/uniform_n60_0489.tsp,2522c74e826ce1ffdeddeb51f3dbf88504a674f980727c88d379ab1aafd61656
train,uniform,60,490,202610610490,0,,train/uniform/n60/uniform_n60_0490.tsp,bedf71cbd7ea9ea894893884a906edbc91ce6596a63e64c3c0b123c112e81a96
train,uniform,60,491,202610610491,0,,train/uniform/n60/uniform_n60_0491.tsp,12165277df3a25df19959d4cf09a2bb9d9238cb9d9842f34898ed6dfed266050
train,uniform,60,492,202610610492,0,,train/uniform/n60/uniform_n60_0492.tsp,040cfb748ac957336a2e7a82a8c62522d9f391f9e350f580d48c7da9a1be7c14
train,uniform,60,493,202610610493,0,,train/uniform/n60/uniform_n60_0493.tsp,b68af684e6d1df4778748dc3488ea04c5d76621b1497365aa2a87a7c15189432
train,uniform,60,494,202610610494,0,,train/uniform/n60/uniform_n60_0494.tsp,570988abd1f5c3f602812c813b911ef809a76b0f018a618b6c44ab0243e4dfa1
train,uniform,60,495,202610610495,0,,train/uniform/n60/uniform_n60_0495.tsp,cdb455e5124d5bb69adf453d7775c6ec8ff9a0a111bf36a503107a0c3dd950fb
train,uniform,60,496,202610610496,0,,train/uniform/n60/uniform_n60_0496.tsp,63a0f0861c9b60d4cc842fd74a7a8fecfed36c461c54541e030382250138538d
train,uniform,60,497,202610610497,0,,train/uniform/n60/uniform_n60_0497.tsp,7c1e4d17d623ca3b9a0c0b0a8e6f64e7f07386eee9677448d8b70c8bef5508e3
train,uniform,60,498,202610610498,0,,train/uniform/n60/uniform_n60_0498.tsp,868b5d3fd3e21d6ed0dc76deb367e84420d538425e90634e1bfaf2ba8bcd0106
train,uniform,60,499,202610610499,0,,train/uniform/n60/uniform_n60_0499.tsp,f7514de56ad97c2465ee4e16d7b70ca8a5ce4a3b7508c3ee68762baf97d55135
train,clustered,10,0,202611110000,3,327.828,train/clustered/n10/clustered_n10_0000.tsp,82dd72580a33642ef19070d2231848dd307ecae9b0225cedf29c30b414660d4d
train,clustered,10,1,202611110001,2,529.979,train/clustered/n10/clustered_n10_0001.tsp,5c786ec267753221c77b456bf42eea34fc33db9b22939632a35039e71f557ed7
train,clustered,10,2,202611110002,2,740.812,train/clustered/n10/clustered_n10_0002.tsp,ccbf4ecdb34cc2cc7bb67d010e536e538327e73fc629edb6028b6e8b5a5c039c
train,clustered,10,3,202611110003,3,496.778,train/clustered/n10/clustered_n10_0003.tsp,c7f046f386e4600d3890493bda8c56e9209d1428a8d8d3dca02f7bf1c5561691
train,clustered,10,4,202611110004,2,388.881,train/clustered/n10/clustered_n10_0004.tsp,2c2132eb6e89abc71c8d9e8990b054e3a5f6fdddf215a66b9e3166f388f8b266
train,clustered,10,5,202611110005,2,456.106,train/clustered/n10/clustered_n10_0005.tsp,f47831532a648a2152f2339b7ed1322309958ed325e84b5f22458a8dcdc6e226
train,clustered,10,6,202611110006,3,481.461,train/clustered/n10/clustered_n10_0006.tsp,281f033aaafd1ea8140dfd5cbbd4c487173119edd204422238b1640dac5627f2
train,clustered,10,7,202611110007,2,782.392,train/clustered/n10/clustered_n10_0007.tsp,0d93ce725cb1071def497aa083995a2bd067550db0b2990e2454e0f526a30d83
train,clustered,10,8,202611110008,2,404.344,train/clustered/n10/clustered_n10_0008.tsp,3710f4c2b655ee474ce05b745540e056f9e2314e7df45bcdc98b2c176c2e78cb
train,clustered,10,9,202611110009,2,312.797,train/clustered/n10/clustered_n10_0009.tsp,54c519a6400e160031f7260342af2b4ee072bbb24d6c479b3972538c38826957
train,clustered,10,10,202611110010,2,844.745,train/clustered/n10/clustered_n10_0010.tsp,32e213ff9c60e53629fefcb64be60a9d2a1a9086ae8ef3e45b02c5913d7ecf6a
train,clustered,10,11,202611110011,3,779.537,train/clustered/n10/clustered_n10_0011.tsp,d5c0cc55f01d1207aae6b18a07ce50f94440677feb3d4ed831ace07f36d83bbb
train,clustered,10,12,202611110012,2,715.534,train/clustered/n10/clustered_n10_0012.tsp,fc4888e228ea575484ad2feb5e1051037ce08720621c540d57cc02b4733ca38c
train,clustered,10,13,202611110013,3,771.815,train/clustered/n10/clustered_n10_0013.tsp,55d080d48ddeca8e5620403d0a16cf8b2db4eceb62f695546ccd4749462a07f0
train,clustered,10,14,202611110014,3,710.191,train/clustered/n10/clustered_n10_0014.tsp,d950b56f7214ca18b272271f163bef351226339605238290d2b67fc939464c91
train,clustered,10,15,202611110015,3,414.861,train/clustered/n10/clustered_n10_0015.tsp,76a897ccb56cd73ec0913c9d57e2e24ed3d5085d211c21d54d2ac5859e18c0a0
train,clustered,10,16,202611110016,3,475.222,train/clustered/n10/clustered_n10_0016.tsp,cbea6da2e922d1a6c4ece48ebc8b6a566297981471c69a04815060016e0f0d20
train,clustered,10,17,202611110017,3,473.375,train/clustered/n10/clustered_n10_0017.tsp,05b8960ef38f0f6c38f0187b93c0ac89b737474e884357cd6e3cd4f13a88c5d4
train,clustered,10,18,202611110018,3,434.72,train/clustered/n10/clustered_n10_0018.tsp,48a7c62ab35dd07bc5590b5d20df974356ff73936de6eda4689345a93fb541ce
train,clustered,10,19,202611110019,3,647.972,train/clustered/n10/clustered_n10_0019.tsp,da4143b3536047aecf17ec1f25d8d417032d28de36b06d027cfae9267ff4b5aa
train,clustered,10,20,202611110020,2,591.839,train/clustered/n10/clustered_n10_0020.tsp,4e5a627ab7bbc7c6883ba1eee23b1f109c65b0d0e91c925fff49ee7477abc6eb
train,clustered,10,21,202611110021,3,404.312,train/clustered/n10/clustered_n10_0021.tsp,387842dd969ad9f60d745f8f97ccae16c883d6d10159a132b703893c4042c26f
train,clustered,10,22,202611110022,3,486.722,train/clustered/n10/clustered_n10_0022.tsp,34cd1afca2b7a5376c336708a42f85a325e99adff6128c0164045a2b118fffa8
train,clustered,10,23,202611110023,2,702.249,train/clustered/n10/clustered_n10_0023.tsp,d4c7139f19831e49b66c983c484d9fc1cd60c0d0739beac7eb89a0191de31bff
train,clustered,10,24,202611110024,3,374.752,train/clustered/n10/clustered_n10_0024.tsp,b33197d2951da514ba495e2d5d77cc44a66b8ecabd3ce74d7ab5dfe0941750b3
train,clustered,10,25,202611110025,3,469.17,train/clustered/n10/clustered_n10_0025.tsp,6d43ada6604c2189c600f823ec252b97c764cc8ef6634e8d8e1bf69f790e4a83
train,clustered,10,26,202611110026,2,559.808,train/clustered/n10/clustered_n10_0026.tsp,3e16957fcedf4e9ba4e58e25b41e2839668ac0c03d8c375caed0ba0f82e74efd
train,clustered,10,27,202611110027,2,727.457,train/clustered/n10/clustered_n10_0027.tsp,8e2558803fbf5e381f6fc998264e895afa003f56cd680bf3b9fdee8118796dec
train,clustered,10,28,202611110028,2,547.278,train/clustered/n10/clustered_n10_0028.tsp,910db3a3e663a36eeb32307a7e918be990bafa84bc63c4251e843678d94d3078
train,clustered,10,29,202611110029,2,830.595,train/clustered/n10/clustered_n10_0029.tsp,9a988bba8b210656db7b62055353e840b73eaa45f5b0606661e5b83a8798361e
train,clustered,10,30,202611110030,2,712.485,train/clustered/n10/clustered_n10_0030.tsp,36232ce0da4532ca1ee23d3e5a2820fc298b0b9b972c55950add2ca8cc447065
train,clustered,10,31,202611110031,2,702.849,train/clustered/n10/clustered_n10_0031.tsp,9cf18dbbfa81928abae1204cd3d2d810c4289ed99d3332ff941eacecf52ab540
train,clustered,10,32,202611110032,2,837.015,train/clustered/n10/clustered_n10_0032.tsp,a0911f9276464bb8e916da0fcaae2d4bcfa65c66df707ab6487737066e75f65d
train,clustered,10,33,202611110033,2,344.833,train/clustered/n10/clustered_n10_0033.tsp,70b7a0c198c46b987ced32c173304c9d596da861826b8ad9f4dc17f9dd04da29
train,clustered,10,34,202611110034,3,558.272,train/clustered/n10/clustered_n10_0034.tsp,321ba42c0892393170a3740e57bdb577deef7f2834c81e6e2350afc1dae67c59
train,clustered,10,35,202611110035,2,421.301,train/clustered/n10/clustered_n10_0035.tsp,efaaf59212dd03735e290c5c91558e413f6187fabfcef8d37fc36513591567ce
train,clustered,10,36,202611110036,3,510.489,train/clustered/n10/clustered_n10_0036.tsp,2d5d0a4eb994041f3427699c4434171a9e593333061519c88d5dee3402f8c942
train,clustered,10,37,202611110037,2,659.892,train/clustered/n10/clustered_n10_0037.tsp,c21f2eeb656fe18877e11708c92c3f9db8269bd2073203b931a3953ee82c48a0
train,clustered,10,38,202611110038,3,385.075,train/clustered/n10/clustered_n10_0038.tsp,f249d45f15f3fda533d7059097c0e44d4d6139e12c85ef22615652ed33e858ea
train,clustered,10,39,202611110039,2,718.424,train/clustered/n10/clustered_n10_0039.tsp,620a9d7b3d49312cb4b4525521898d038787fc9908287402ab211e3c3fc1d3a5
train,clustered,10,40,202611110040,3,735.482,train/clustered/n10/clustered_n10_0040.tsp,f1c8d21f516b87b32ae8946d021aace574ad9eec3ad1d8ce34fdb3838a684279
train,clustered,10,41,202611110041,3,636.971,train/clustered/n10/clustered_n10_0041.tsp,b32823c2bba4e8b9eaa380c6728ab17192e2a65f6aa090f3260d6edf99aa6b86
train,clustered,10,42,202611110042,2,534.877,train/clustered/n10/clustered_n10_0042.tsp,5ee0389b7fb4dbb4fcfa762f26d3a7f24b7ab840d6bad9b3c639a664f518d672
train,clustered,10,43,202611110043,2,558.53,train/clustered/n10/clustered_n10_0043.tsp,878196b60cf7eaee90cb6886d0b9b67bd50364283598ae9f5ae04ae6035a5314
train,clustered,10,44,202611110044,3,628.515,train/clustered/n10/clustered_n10_0044.tsp,ba70820ad9278af72e1354c710a573bfca0ddc6d351216e5ab911c127a7f4d07
train,clustered,10,45,202611110045,3,355.652,train/clustered/n10/clustered_n10_0045.tsp,9f9a23204ec5d4e72303594723a7b69c41a8950076bcc07a1a9665771006d21e
train,clustered,10,46,202611110046,3,400.796,train/clustered/n10/clustered_n10_0046.tsp,00ea18707ec5d763b910342aafd9b6364a6bd8732009bd04387063bcba41b085
train,clustered,10,47,202611110047,2,661.453,train/clustered/n10/clustered_n10_0047.tsp,9490da5374a479251da5bd49a680e22b6deb966f09bec1e970ec261361f0c3f2
train,clustered,10,48,202611110048,2,457.61,train/clustered/n10/clustered_n10_0048.tsp,7f7cde5933782692053807c8c60ca40782362d6cc9af3f4dddf59ae642523470
train,clustered,10,49,202611110049,2,517.952,train/clustered/n10/clustered_n10_0049.tsp,c8895d810bfcaed7eb5072c3f7e55e7cca9aeca232d29272357aec7f53311f5b
train,clustered,10,50,202611110050,2,707.761,train/clustered/n10/clustered_n10_0050.tsp,cfaa4018ff0a43430337969b8dddf1c76d639a6f3e8c4381012f1632c63dd2ed
train,clustered,10,51,202611110051,3,311.144,train/clustered/n10/clustered_n10_0051.tsp,240da3f492fd31850450534bc6213cd5e55865cfe2ef516b48845eb09ec0cb9e
train,clustered,10,52,202611110052,3,548.387,train/clustered/n10/clustered_n10_0052.tsp,991e4d6d6c22fa87d46e4cec2c6d54f56dcd9ced517b0a8c0d8e09a5402f40e0
train,clustered,10,53,202611110053,3,833.756,train/clustered/n10/clustered_n10_0053.tsp,f83881af35e4ac6f50487183ff1a6ad25aeb3eee85f1901153d41e7f3a8c7452
train,clustered,10,54,202611110054,3,525.824,train/clustered/n10/clustered_n10_0054.tsp,24705e11661666514f56d6cf92bfd1b5f96d7821544385f00b5487f70414f5d9
train,clustered,10,55,202611110055,3,643.786,train/clustered/n10/clustered_n10_0055.tsp,e5aea2b38ce18254ee6e8d8cf45c07c76fec4f6bef0a838e438462f170a36c28
train,clustered,10,56,202611110056,3,702.676,train/clustered/n10/clustered_n10_0056.tsp,a36c1a00275efefde0733e79f2ab79a8787764c9fc2bf7c56bd230b2961d7a71
train,clustered,10,57,202611110057,3,723.951,train/clustered/n10/clustered_n10_0057.tsp,592fa498d6750de636d41243917aa5df92660c44a8a61808c6365565c89d7725
train,clustered,10,58,202611110058,2,748.168,train/clustered/n10/clustered_n10_0058.tsp,b4a02080660914843d9dfa55e530b878601cb9e78bd7012f4ce0bac55f1cd0c6
train,clustered,10,59,202611110059,2,302.397,train/clustered/n10/clustered_n10_0059.tsp,43df71c668d4d118d912ab2f00e3ae17bb9d1475ccd997c064ca4bc85eea15f9
train,clustered,10,60,202611110060,3,333.272,train/clustered/n10/clustered_n10_0060.tsp,b2d1c3c5995062d980eeda2d382b899f4626e1f31c7d20356f730f5594a3644c
train,clustered,10,61,202611110061,3,388.79,train/clustered/n10/clustered_n10_0061.tsp,95564ddf907d674402b2a285a1234096fda650ea902d5ac9c12ca244f056131f
train,clustered,10,62,202611110062,3,702.488,train/clustered/n10/clustered_n10_0062.tsp,66ab94f57fa5331086f0dda2692bb4e8575cd0753ee8e411b34393229da9e3a8
train,clustered,10,63,202611110063,3,334.114,train/clustered/n10/clustered_n10_0063.tsp,965b3fce520f59a003b3778ad981e7e5a1c5cfdc9b61e80c8a064a4173f4fc90
train,clustered,10,64,202611110064,2,657.808,train/clustered/n10/clustered_n10_0064.tsp,f2047c09ac9e091069b69e53e747ccfdb1c4fce3a8f5bd74b507da541e932875
train,clustered,10,65,202611110065,3,659.068,train/clustered/n10/clustered_n10_0065.tsp,46df93f172648267b8b2786a7517ea8887030d260835c6d19f1f6f08c94ab5b7
train,clustered,10,66,202611110066,3,315.072,train/clustered/n10/clustered_n10_0066.tsp,52204c9c48c61bf97d6d7625c7ff4ac6324c964f1914549add22a6ecc7881965
train,clustered,10,67,202611110067,2,773.399,train/clustered/n10/clustered_n10_0067.tsp,ec76cdb47ef6abee1554894995971dd8aedc59d022a29d734301acf4608727fc
train,clustered,10,68,202611110068,2,821.492,train/clustered/n10/clustered_n10_0068.tsp,aa05850c08de36af961b476c38aabb788a55344d00909eb97305fb9ff4bb8322
train,clustered,10,69,202611110069,3,703.763,train/clustered/n10/clustered_n10_0069.tsp,f43e0b2e89bf8d559b2b78bd72e3799b20824bcd73527faeee69c583130b7499
train,clustered,10,70,202611110070,3,772.378,train/clustered/n10/clustered_n10_0070.tsp,5071794a3b4c7cdefb624d1b5c6cab6faacc32ba578b78d86380b93fb7b0e494
train,clustered,10,71,202611110071,3,353.19,train/clustered/n10/clustered_n10_0071.tsp,29c0326ef5bda6dba77dab64add547b199b46e0e59ec7c3f2277cc9df5058855
train,clustered,10,72,202611110072,3,364.978,train/clustered/n10/clustered_n10_0072.tsp,f223d606789ecb4c3b373e2b0ab3d93ae2054e3f98f6f92669dd1f4bc35ad73e
train,clustered,10,73,202611110073,3,342.566,train/clustered/n10/clustered_n10_0073.tsp,f4bb17dceeee1dad0a1690693c2b707f62a6af01b6eec48e0e63540fcd5447fb
train,clustered,10,74,202611110074,2,341.229,train/clustered/n10/clustered_n10_0074.tsp,b8b2d844b9fca6334c8efd22b6213cddef5f5dfbf071d56a2fbd6c8e561a793f
train,clustered,10,75,202611110075,3,721.249,train/clustered/n10/clustered_n10_0075.tsp,adc18b1ab7e966a85daf7d9be0ee5701207392e7314f3b0ca09fc92b3834b339
train,clustered,10,76,202611110076,3,438.846,train/clustered/n10/clustered_n10_0076.tsp,80746f7b1818d040de6c769f61db924f86380dabcc04505cdff467e650506a23
train,clustered,10,77,202611110077,3,664.331,train/clustered/n10/clustered_n10_0077.tsp,43a073a83399f3f15cf4ad370ea0d13b7ce72cd9ebd5a1200ef8e5cdd3889e5a
train,clustered,10,78,202611110078,3,678.268,train/clustered/n10/clustered_n10_0078.tsp,038326abeb971af2a6ef621c61f7c939bd99b4ff889ea545d3db41b106b51829
train,clustered,10,79,202611110079,2,334.894,train/clustered/n10/clustered_n10_0079.tsp,85c16cac29279ec24bfc231c3e90b42d469326a39bf68d369e77ee553c4b4333
train,clustered,10,80,202611110080,2,682.524,train/clustered/n10/clustered_n10_0080.tsp,daf5fe0977f510d0950342c0f1c6144b144f819a9b6f7bbe041826769c348405
train,clustered,10,81,202611110081,3,512.548,train/clustered/n10/clustered_n10_0081.tsp,37bfad6aef3d29f1b26229edfd6690db1859081e7c758a62a8a9b1df31324df7
train,clustered,10,82,202611110082,2,382.13,train/clustered/n10/clustered_n10_0082.tsp,fb58dc35f8da6c942e4ce19e94911559df9ac8c3c0205565e0ae0e12f8827c0f
train,clustered,10,83,202611110083,3,600.012,train/clustered/n10/clustered_n10_0083.tsp,72c2fa19bfc01d50620ea491b1b6cefc33fb3c05c154416f5d4f109e802d418a
train,clustered,10,84,202611110084,3,678.387,train/clustered/n10/clustered_n10_0084.tsp,b47d7ca71a0d96878bbae151a7c77542c51d0086af0b9d3277d585d0eb067612
train,clustered,10,85,202611110085,2,552.264,train/clustered/n10/clustered_n10_0085.tsp,f77bcb2ab2ce1bccf80fa7befbd2e16464b62184fb67e396ea3c6526f056db01
train,clustered,10,86,202611110086,3,418.785,train/clustered/n10/clustered_n10_0086.tsp,9eb1f9b7432c700e9a7b3ff6a10c975654c7665b3a75cbd84d89266c88932503
train,clustered,10,87,202611110087,2,470.794,train/clustered/n10/clustered_n10_0087.tsp,18ef9798bd569db02a3d55789f3dbcbab1c1382da50fe87eef8edb3133680216
train,clustered,10,88,202611110088,3,542.521,train/clustered/n10/clustered_n10_0088.tsp,248db6b31a0ed8b98c99611d483e03593dd7495b308312ec4c95499ae054c3a9
train,clustered,10,89,202611110089,3,497.478,train/clustered/n10/clustered_n10_0089.tsp,dfaa2c2a03ea1e3310d6dc69d29d4eeff5511fe2ad2c4da4f85ed6848c019155
train,clustered,10,90,202611110090,2,527.9,train/clustered/n10/clustered_n10_0090.tsp,fa8da406e0fe582ec831f6d05e004aa40f35ff0beec0cf64a955fc1c42234e9c
train,clustered,10,91,202611110091,2,519.404,train/clustered/n10/clustered_n10_0091.tsp,39cb6e1bc3c5fb23a2385810688b93ff30ef21e82d6558fb6b32ae73a66db6da
train,clustered,10,92,202611110092,2,745.278,train/clustered/n10/clustered_n10_0092.tsp,44d45c0e07948d3955b8e38e1fa4a4910e7433274523529cf6c26c8e4bd76447
train,clustered,10,93,202611110093,2,765.274,train/clustered/n10/clustered_n10_0093.tsp,114a66c68ca60bc689349943cd4a6eeabfdaf3e8bd5c8833a5a87cbd0604f355
train,clustered,10,94,202611110094,2,686.082,train/clustered/n10/clustered_n10_0094.tsp,7e02e3e8f2a48b0fa2a8f1761d7f5d34e480295ee2e387419c97160cad8f80b9
train,clustered,10,95,202611110095,3,830.647,train/clustered/n10/clustered_n10_0095.tsp,66c90050a7c33ee560faa5ceae823d5f81298ad7e4fee4a180f155d196c3ef3d
train,clustered,10,96,202611110096,2,746.784,train/clustered/n10/clustered_n10_0096.tsp,d6a479a5a703ea45bd0d0282620922946713450833401920ec69bf9f35c447c0
train,clustered,10,97,202611110097,3,368.379,train/clustered/n10/clustered_n10_0097.tsp,9652c33f909243fd67e8dada8ce70d46aa3ed3685efe18bc5cd26082661c7054
train,clustered,10,98,202611110098,2,590.181,train/clustered/n10/clustered_n10_0098.tsp,f2cc6e38a94124c61bb7de2f9c5296edd1a85950d6aab6a2b1e2b6b4a2eff99e
train,clustered,10,99,202611110099,2,822.005,train/clustered/n10/clustered_n10_0099.tsp,badd8c9aed65e3d761d955c3cfe69c75ebd91d28d0746299ec76d2798bb17edf
train,clustered,10,100,202611110100,2,684.21,train/clustered/n10/clustered_n10_0100.tsp,917f310ac0ef53905da1f2c53d6639d3e3011fe20a9905587091bc23f9a1d75c
train,clustered,10,101,202611110101,3,621.537,train/clustered/n10/clustered_n10_0101.tsp,5a2e4304e50d9e2194af26350f36b05c00195fc8505126b2dc95ed66768c5108
train,clustered,10,102,202611110102,2,569.174,train/clustered/n10/clustered_n10_0102.tsp,9747d19649d1d21fb264d0ffec0a9fa420cba00aa7cff2f19e8e1626564a1405
train,clustered,10,103,202611110103,2,694.42,train/clustered/n10/clustered_n10_0103.tsp,6708b9338b711462a433454e1016c8acff8c1ca24669840a111b4864a9bdd58e
train,clustered,10,104,202611110104,3,463.046,train/clustered/n10/clustered_n10_0104.tsp,54474d30d06263b84e1b5ca4e08ad0bef9a0f5f1a73acb9ac40aeefa857706b8
train,clustered,10,105,202611110105,3,517.123,train/clustered/n10/clustered_n10_0105.tsp,c8507dc3bce63749f54c30bb214b407cf2c0128afa1964a214793d4ac3703ebd
train,clustered,10,106,202611110106,2,832.952,train/clustered/n10/clustered_n10_0106.tsp,88558f05874a15923d5ae15dc5cfc31cd9d99e37a9d4066085d6fd08f7c05c08
train,clustered,10,107,202611110107,3,831.246,train/clustered/n10/clustered_n10_0107.tsp,7c029ca710405b588a64aa0b55a9616cdd1d6985339d74b11589d516555891bd
train,clustered,10,108,202611110108,3,761.045,train/clustered/n10/clustered_n10_0108.tsp,83cbe1b4cd80035cea78a4871c2d32650b91735ef742a220cea40f2f94f08ccb
train,clustered,10,109,202611110109,3,434.807,train/clustered/n10/clustered_n10_0109.tsp,e4dece1f886014915116c4169a200cc79f257ef98649e53b46f294e28ce57d61
train,clustered,10,110,202611110110,2,610.375,train/clustered/n10/clustered_n10_0110.tsp,ba2598f2c661362b35e6dc4bfcc74386902bea040b4aeff2196f4eb03209ea44
train,clustered,10,111,202611110111,3,334.688,train/clustered/n10/clustered_n10_0111.tsp,f58f6d7a7e0ddb25a418e3d09a35bb887a7752d057d241d8c7d4f94e896b046d
train,clustered,10,112,202611110112,3,378.137,train/clustered/n10/clustered_n10_0112.tsp,37c184ab76f2e65e5c0ba9e7dca225461ab5bebbbef86d1f28f0498681dd3641
train,clustered,10,113,202611110113,3,614.443,train/clustered/n10/clustered_n10_0113.tsp,e85159ced0bc80c94af8b287d0ce74f9dadcf4b9bfdb8fbcab94a8e9316c9301
train,clustered,10,114,202611110114,3,350.559,train/clustered/n10/clustered_n10_0114.tsp,62e18e1d21e7e8ac33e32e15d8d0bfe65ba929bece79762d13d9ed9ffb651ce7
train,clustered,10,115,202611110115,2,832.975,train/clustered/n10/clustered_n10_0115.tsp,cd3a06a7898e90f8c2f98fd8b4229014b090d5b3c0b4cac023528355efc8b648
train,clustered,10,116,202611110116,3,504.9,train/clustered/n10/clustered_n10_0116.tsp,829b10a5a037a758ab8baaebddd8a4f820b9dc403b7ea6837af18ad0da27f74b
train,clustered,10,117,202611110117,2,373.767,train/clustered/n10/clustered_n10_0117.tsp,c62e75ec9b24f28a525abc06080a9c7d8aa1dd2a39da1b0beddbc555a47dc57f
train,clustered,10,118,202611110118,2,414.042,train/clustered/n10/clustered_n10_0118.tsp,fce08b4056dae820c25cae934928893de08d9c1922ed9a79a9d5f943a30eecea
train,clustered,10,119,202611110119,2,817.45,train/clustered/n10/clustered_n10_0119.tsp,e51f0912e1172cdcce5fd992875d22303dc5173898057288e71fe2c21cf22555
train,clustered,10,120,202611110120,3,403.402,train/clustered/n10/clustered_n10_0120.tsp,d9acecff143569c7cfcb426564ba459ad9ad885751e54485e71bcdf5847ebb5e
train,clustered,10,121,202611110121,2,752.825,train/clustered/n10/clustered_n10_0121.tsp,ee68dfaba86288de2f242a9de166c5e0755e454b7cbe7b68d4eed671de7b80b8
train,clustered,10,122,202611110122,3,658.117,train/clustered/n10/clustered_n10_0122.tsp,44a8ad5404ec442e64d9055c1d51e620001a62e4685e3142c103efa44a48cce0
train,clustered,10,123,202611110123,2,515.4,train/clustered/n10/clustered_n10_0123.tsp,ff386c7c3917c072cfd2474ed72ae709a0c97ea6bd1b8d8956c5ba18ca1e3ef6
train,clustered,10,124,202611110124,3,647.581,train/clustered/n10/clustered_n10_0124.tsp,863fefb473486554a373d4664f82319d1d7c7d03adc597ab9f1ecda81bc5fe7c
train,clustered,10,125,202611110125,2,551.465,train/clustered/n10/clustered_n10_0125.tsp,a5954635eddb9dfbb3281d75cbfef5af32378a9727613d6af1a3f9f4c58fd5ce
train,clustered,10,126,202611110126,3,506.988,train/clustered/n10/clustered_n10_0126.tsp,470fd3e623a7807bbdba76b36275d00b496f01653dacdb648453488305f0caeb
train,clustered,10,127,202611110127,2,635.691,train/clustered/n10/clustered_n10_0127.tsp,9f7641e34ae0b11f45a7a2a5174d77a064aa2bf94be00304219b4d7719be554b
train,clustered,10,128,202611110128,3,772.501,train/clustered/n10/clustered_n10_0128.tsp,1c79d7107134f741a9a83a3806c6fc7c3012409842cf83eb7a61ea0eb07c238a
train,clustered,10,129,202611110129,3,654.739,train/clustered/n10/clustered_n10_0129.tsp,5d0e06c7463b62475dc45ee05f8538dea984850ce34c7be09c6f758c2a4eda90
train,clustered,10,130,202611110130,2,560.955,train/clustered/n10/clustered_n10_0130.tsp,c531cd278f8d57ac7edceeb126db49487f1e2bdf48c38165530fe74951571ae4
train,clustered,10,131,202611110131,3,802.709,train/clustered/n10/clustered_n10_0131.tsp,54c10d4a6b258455d7bf637e9b1e0bcb1fe437371c0160f6bf178d1bda06bc1b
train,clustered,10,132,202611110132,3,671.687,train/clustered/n10/clustered_n10_0132.tsp,b66c743347ee0c6d8a5bd37b9887f8dee756e98d2c8b80c3578e9b0f5d3eeb91
train,clustered,10,133,202611110133,3,590.897,train/clustered/n10/clustered_n10_0133.tsp,b55d02cdfa393427f270e91b1c6ed1b45b234a006612a122e5817f96a946c3e3
train,clustered,10,134,202611110134,3,781.942,train/clustered/n10/clustered_n10_0134.tsp,1f75c3165b44c170084f5a805f14bae00623d5100dfbed5dcf215e4f213fd46f
train,clustered,10,135,202611110135,2,548.315,train/clustered/n10/clustered_n10_0135.tsp,674d8b02829f411a23cb722c72bf2ecdbf90745962eca1e4648b51e3b1a24ee4
train,clustered,10,136,202611110136,3,713.861,train/clustered/n10/clustered_n10_0136.tsp,c7d21974543cea03f4636302d2804bedee74474a3b133e5cb0acc742128bdfbc
train,clustered,10,137,202611110137,3,809.45,train/clustered/n10/clustered_n10_0137.tsp,7ff8614c83fad46e76d297e3aa3deba1e1638c766b76185907c06845c55b01ff
train,clustered,10,138,202611110138,3,341.893,train/clustered/n10/clustered_n10_0138.tsp,981b3828513357bc6383c390af421db5119d2a3adf63acf48e828b087696f3f4
train,clustered,10,139,202611110139,2,326.311,train/clustered/n10/clustered_n10_0139.tsp,88841fd2564ee4e1cef5717095dd407366b49fbfc19a876232e13e615a61fcd6
train,clustered,10,140,202611110140,3,531.044,train/clustered/n10/clustered_n10_0140.tsp,1c7efa272bba7326d5414c95107769ac05769a2c08fb013718eff2f8bd1b2f1d
train,clustered,10,141,202611110141,2,700.964,train/clustered/n10/clustered_n10_0141.tsp,d7460778f8ba930b606f61cfe2ce5538e9baa1e60ae5ed09ef8233801509afe6
train,clustered,10,142,202611110142,2,804.423,train/clustered/n10/clustered_n10_0142.tsp,6bffa2ad700b10b0c2d3bcc8954c23b4509d3a09e6007b90e7211a81e62f344a
train,clustered,10,143,202611110143,3,634.382,train/clustered/n10/clustered_n10_0143.tsp,8b6d54d8b5edeceb4f04d5ba274ce5cd5672dffebc63e5366d9fa28660bbf5a4
train,clustered,10,144,202611110144,2,553.022,train/clustered/n10/clustered_n10_0144.tsp,5408a0e390efcbb9edff49d34f70a9cc44e857ee44e18402bea5320727364699
train,clustered,10,145,202611110145,2,303.802,train/clustered/n10/clustered_n10_0145.tsp,fbc5224434cfa7b6e8afb13e66dd64507ce78b7e12b7f04e94c967f1af6cb79f
train,clustered,10,146,202611110146,2,378.902,train/clustered/n10/clustered_n10_0146.tsp,d8c9e35c8a070ac9735c2451b6340cc247a526e1ef5625e5c0071baf26f73506
train,clustered,10,147,202611110147,2,806.564,train/clustered/n10/clustered_n10_0147.tsp,3ab26255409fe456bce25510dc9bce509ef13ba2cea26a5f600ae2649c8f4722
train,clustered,10,148,202611110148,2,651.062,train/clustered/n10/clustered_n10_0148.tsp,b98bfab68cf2384402c78b27f5f7b9161a2f76b36754c0c098541f8f9130c0b3
train,clustered,10,149,202611110149,3,611.711,train/clustered/n10/clustered_n10_0149.tsp,104b9637bcae10ba0535bd6d6b2dd8c811a394c5526ec1b46567850fa53c99a2
train,clustered,10,150,202611110150,2,621.61,train/clustered/n10/clustered_n10_0150.tsp,4efd7df158f9837db1ea0867f4472d76786461dc65c873ac1672743d021fc652
train,clustered,10,151,202611110151,3,521.198,train/clustered/n10/clustered_n10_0151.tsp,14da86c20b1659ed0e71238519f62976b034fc254b9b62396f9e58add549035c
train,clustered,10,152,202611110152,2,446.535,train/clustered/n10/clustered_n10_0152.tsp,028568dd94977accf35983676db00fc24da9f770f853f17734a2a6a2ff66557f
train,clustered,10,153,202611110153,3,348.227,train/clustered/n10/clustered_n10_0153.tsp,5110d0f97020ddad87a440cd349bcec2942ee5103b6b393f0f94a1c095da1be1
train,clustered,10,154,202611110154,3,578.616,train/clustered/n10/clustered_n10_0154.tsp,39a94b4952b28115f903d114615b22b0cd9f9733f9a73af16fecd73bb7131256
train,clustered,10,155,202611110155,2,387.113,train/clustered/n10/clustered_n10_0155.tsp,6b515558eb747d98001e9b3c9c20619aadd513f24215f4bb01b6da14bfeb93fa
train,clustered,10,156,202611110156,3,602.513,train/clustered/n10/clustered_n10_0156.tsp,5eaff637465d82e382b29ce11538cbe203ff0c76451498c221ef9d1969e5da77
train,clustered,10,157,202611110157,2,625.65,train/clustered/n10/clustered_n10_0157.tsp,768d72bd91eed244bc67bfeb8110943898bd616d7c646170f37d73d1baac1015
train,clustered,10,158,202611110158,2,305.799,train/clustered/n10/clustered_n10_0158.tsp,38d57aa1a659748444c2f7ab08cf530ffc6c9a0834baae48e048f1f8d00b4bcf
train,clustered,10,159,202611110159,3,669.554,train/clustered/n10/clustered_n10_0159.tsp,0057954440523c0ceb6c5d3dfae1f719bc77c9b6f05196ed4d0d5d1063cf9f77
train,clustered,10,160,202611110160,2,543.454,train/clustered/n10/clustered_n10_0160.tsp,f9315772230fcde81186e716b60c789d47e63892856a1bb13ce8e38a1136063c
train,clustered,10,161,202611110161,2,466.2,train/clustered/n10/clustered_n10_0161.tsp,5d3469fd38a72fc8d5e426314c3a858f7e2f37e549384342b258eb5e94126212
train,clustered,10,162,202611110162,3,582.823,train/clustered/n10/clustered_n10_0162.tsp,adbd6bfe462def7a6e9138673506c464bd9f3885890252f47c562115db8b4fa3
train,clustered,10,163,202611110163,2,711.896,train/clustered/n10/clustered_n10_0163.tsp,1da59d526456e1462d02a50d8837f9861f7b4b982a0082d11c04b04c8578e584
train,clustered,10,164,202611110164,3,388.531,train/clustered/n10/clustered_n10_0164.tsp,a4fea164b7743cb78e639060d894e81d7560d36a1be001160f0fe61c80ffb7ae
train,clustered,10,165,202611110165,3,537.547,train/clustered/n10/clustered_n10_0165.tsp,d73e93755c9b08acf6d07589dc63a3733b90ec7b155e29747070e73885642f4b
train,clustered,10,166,202611110166,2,840.293,train/clustered/n10/clustered_n10_0166.tsp,4bfc915b22b69325154c887d875b26a53812031781cf3e78fd512a7c94a852cb
train,clustered,10,167,202611110167,2,692.395,train/clustered/n10/clustered_n10_0167.tsp,00f7438b4be4369b6adf4a1e98bd504420bc8b3d9eb95dd68becb42d8b6e6d2e
train,clustered,10,168,202611110168,3,442.432,train/clustered/n10/clustered_n10_0168.tsp,6ceaafe83ed937dc816c6e48e41897a2283a69798320dfb4d5f0c372563f5a95
train,clustered,10,169,202611110169,3,650.176,train/clustered/n10/clustered_n10_0169.tsp,2709a56c14575056c7224038f5559ee55cb01a54d782362f334ff6f902eae8e4
train,clustered,10,170,202611110170,2,736.611,train/clustered/n10/clustered_n10_0170.tsp,b133c7959d15aad55870ec93206f5a6aaea0b8b5655006594aeb2bc0df51d716
train,clustered,10,171,202611110171,3,642.364,train/clustered/n10/clustered_n10_0171.tsp,94040764ccb2a93309ba3503269e7b842aba9581debad5718dc931255be61557
train,clustered,10,172,202611110172,2,529.632,train/clustered/n10/clustered_n10_0172.tsp,dc14b3380fd2724899e7fe9af354929635e9e2a6393935c18ad7c6a2aa13e9a6
train,clustered,10,173,202611110173,2,427.798,train/clustered/n10/clustered_n10_0173.tsp,5e005fa0bfc7bab9a979f225a0c3915b4ddea80e3b24d10478f529835b7f1887
train,clustered,10,174,202611110174,2,649.478,train/clustered/n10/clustered_n10_0174.tsp,cb6957c6f72454bb98115af23a60c063968a81de21503f32e0b4523e3cf93b88
train,clustered,10,175,202611110175,2,362.904,train/clustered/n10/clustered_n10_0175.tsp,6ac8b6dd14f5d8c5d8fdd4e7aa71c38fd14720510f147306915d01decb4f969e
train,clustered,10,176,202611110176,2,449.814,train/clustered/n10/clustered_n10_0176.tsp,24f4d1c852612cedc760a5e22727fb298193a9dddf85ae3215bdeeedd90aaf5c
train,clustered,10,177,202611110177,3,388.874,train/clustered/n10/clustered_n10_0177.tsp,d72697091dae7dc219df168f76b3334a759c683e6117ae3a80efe94b1fbec982
train,clustered,10,178,202611110178,2,662.519,train/clustered/n10/clustered_n10_0178.tsp,5a1272fb28c934e50c952407ff8acc3a4cf0ca6789653db519d2b186b82e9281
train,clustered,10,179,202611110179,2,770.384,train/clustered/n10/clustered_n10_0179.tsp,51b425aa9238b53da62cb95316b983cc431db9318223bb4096f05438feb6c2cd
train,clustered,10,180,202611110180,2,470.622,train/clustered/n10/clustered_n10_0180.tsp,bf6b2eddb6b65095e9157f4387581c705151c61fd21429358afa949470628480
train,clustered,10,181,202611110181,2,558.041,train/clustered/n10/clustered_n10_0181.tsp,fdf09321da886c3f43eef17f6c0659236bb3e1ef61b4f6fe24c73b5597a26910
train,clustered,10,182,202611110182,2,522.061,train/clustered/n10/clustered_n10_0182.tsp,5351b7e9de6149280d404bafbcc69474a23e654b2c8b4dbef02a82215cc39105
train,clustered,10,183,202611110183,3,579.55,train/clustered/n10/clustered_n10_0183.tsp,1adec686d359181767c5c4f4091754766b81d6b390f66739f8c8a18b0163b65d
train,clustered,10,184,202611110184,2,547.061,train/clustered/n10/clustered_n10_0184.tsp,87f095b8d342b282c47e47ae569b88a4dd24fd1b5f1972b46c980ff6f52f5dad
train,clustered,10,185,202611110185,3,812.883,train/clustered/n10/clustered_n10_0185.tsp,d174bb1aea95be97c7fed17250995c14d272e06982ee9d9b82b763535d8abb2b
train,clustered,10,186,202611110186,2,315.561,train/clustered/n10/clustered_n10_0186.tsp,77e3a07f4564d0992154829da1f372b3fb3fb690451fed759bff872d3db0c531
train,clustered,10,187,202611110187,2,467.031,train/clustered/n10/clustered_n10_0187.tsp,b3f9fd0833bed9c1dfeb30e0c018eb6e6c5d9aefeb255dd41d490c40ac16318f
train,clustered,10,188,202611110188,2,514.843,train/clustered/n10/clustered_n10_0188.tsp,e362489191be7b79915c2ecf134890cc7c590f44726abd246d113c1cf0264697
train,clustered,10,189,202611110189,3,768.291,train/clustered/n10/clustered_n10_0189.tsp,82f93cc81f5b26f2f445d92aa12bd03b183b14b16a45fbad91f9db08bd216fd5
train,clustered,10,190,202611110190,2,316.49,train/clustered/n10/clustered_n10_0190.tsp,cb2cb8e7bc07685f3c0e71e13d2bd8bee6d0f3b94fe9f607d8e6680d0b3a7117
train,clustered,10,191,202611110191,2,711.95,train/clustered/n10/clustered_n10_0191.tsp,4ab67e3392dfc3c6a362a891c046ded0cb76f70f4389844c162f4b04dfc18b90
train,clustered,10,192,202611110192,2,571.466,train/clustered/n10/clustered_n10_0192.tsp,956cc2e6175ff6443097de5bf0aae66898ef2e43d02cd827ad69ce52272ff236
train,clustered,10,193,202611110193,3,616.211,train/clustered/n10/clustered_n10_0193.tsp,62e7c1b4895f9cc3cef40216701dbd691e6f40ed214937c16d4b4b95e49118ca
train,clustered,10,194,202611110194,2,408.156,train/clustered/n10/clustered_n10_0194.tsp,40497f9ff51345323f92bb766edca578bbd92d7b5ff2dda447fb6b8f8e01d24b
train,clustered,10,195,202611110195,2,531.592,train/clustered/n10/clustered_n10_0195.tsp,d46212d12d28e5209089fc221ec1a2510dd75256f1665830e90b890b5eb28fed
train,clustered,10,196,202611110196,3,793.753,train/clustered/n10/clustered_n10_0196.tsp,075de09c4e7ee514412d9a378f0a34208c4db57fa9ba786de60789aaadcdbca2
train,clustered,10,197,202611110197,2,558.858,train/clustered/n10/clustered_n10_0197.tsp,2a7ecac28830b7b8dcef0660c3749a5f8229b586b44523c90dcc02e80ad6e4bf
train,clustered,10,198,202611110198,3,326.79,train/clustered/n10/clustered_n10_0198.tsp,577118cee11663f6a4179e4b36ee4ecec7793701c426da517a9afd2b9c151c86
train,clustered,10,199,202611110199,3,743.278,train/clustered/n10/clustered_n10_0199.tsp,62354e7fa6bae952eb8961f038ae0dc387b28f813b9bf8c2968006cd7d0efffb
train,clustered,10,200,202611110200,2,512.352,train/clustered/n10/clustered_n10_0200.tsp,59a4f45937acfb7d330a222aae5b2a7fe4d4ba5c0366207449f60c973e8ff901
train,clustered,10,201,202611110201,3,551.8,train/clustered/n10/clustered_n10_0201.tsp,c16bfa7d3704f9e4444315f89e7e2e00d4532f724e45df49d56634e4d9eba625
train,clustered,10,202,202611110202,3,355.877,train/clustered/n10/clustered_n10_0202.tsp,3aa13dc2d258555e62b00f2e621d2336c48e221795ac09eacbc80623f3d707bc
train,clustered,10,203,202611110203,2,397.677,train/clustered/n10/clustered_n10_0203.tsp,433185d3e4713e4d1bb18407b6c4cf47e323ddeb441cd9435287457caed48e5e
train,clustered,10,204,202611110204,3,742.983,train/clustered/n10/clustered_n10_0204.tsp,7ea6820165df0a749fece68cec1887e0582962398fdc1023cef84bb4312b989e
train,clustered,10,205,202611110205,3,770.939,train/clustered/n10/clustered_n10_0205.tsp,37af020a708b758bff04d3282ed6e8d51418d0e9257f198be533b20808134353
train,clustered,10,206,202611110206,2,706.942,train/clustered/n10/clustered_n10_0206.tsp,481bd60c3574b0911f6e92e5005b8d766da667a7d9e296ff3cce967fd1d792f7
train,clustered,10,207,202611110207,2,350.34,train/clustered/n10/clustered_n10_0207.tsp,b3679cc2322ca5ba57ff97d1f1bca5383b2f713632a168b659ec8c9873fde12f
train,clustered,10,208,202611110208,3,461.341,train/clustered/n10/clustered_n10_0208.tsp,b8ee0d034166a5ab8eb6c214c87afd25b395850ee47fe56a03e46c55ffa5549a
train,clustered,10,209,202611110209,2,576.142,train/clustered/n10/clustered_n10_0209.tsp,789c24d43906ba00e417705477c291b83f43e87ba3c718341e4217a46ee20453
train,clustered,10,210,202611110210,2,593.321,train/clustered/n10/clustered_n10_0210.tsp,1da57831b2be45208da54e80c2f1a9fabd5ca6b972be10b7e79ec65c95678403
train,clustered,10,211,202611110211,2,586.458,train/clustered/n10/clustered_n10_0211.tsp,1c7a65b8a6e838542a1d74aa0cb7d2b055a122e49b7aa00d11682fa0a35e5431
train,clustered,10,212,202611110212,3,616.484,train/clustered/n10/clustered_n10_0212.tsp,5fa6e3b907396d1b554ab7b8bfcea1b44109d37fa29e7949c283715757dbfc97
train,clustered,10,213,202611110213,2,652.25,train/clustered/n10/clustered_n10_0213.tsp,95e4334226b766a305c038fd8d5f123f71a190d549432c618dcdfd5a1168c4c9
train,clustered,10,214,202611110214,2,718.809,train/clustered/n10/clustered_n10_0214.tsp,00e7bf96b2f31eda79762811f2f1df2a5c3f2d8c98c1f4705d532e0fc59d1904
train,clustered,10,215,202611110215,3,450.832,train/clustered/n10/clustered_n10_0215.tsp,3884471f41e9eeec2afa6d06b21612c1474f6c7dd1ae7882ff5f292f8f7b98d0
train,clustered,10,216,202611110216,3,344.474,train/clustered/n10/clustered_n10_0216.tsp,58b73d66e2aeb3210525ff320b01e06ebf794972978171a0b0034e6c31c479fc
train,clustered,10,217,202611110217,3,599.069,train/clustered/n10/clustered_n10_0217.tsp,5166fa7f8ce73bad20edc7ec8b63925bf2ad2271f0226750f4493d46d59cd280
train,clustered,10,218,202611110218,2,542.685,train/clustered/n10/clustered_n10_0218.tsp,456ac89ad4d7f5cafffeab5f573810971f11853893bddad90213fc11b1738f76
train,clustered,10,219,202611110219,3,557.646,train/clustered/n10/clustered_n10_0219.tsp,a06ad1149276f2abeebac9821ebebf1f8ec01a70767e63f06927ef5d3e33a4c9
train,clustered,10,220,202611110220,2,784.804,train/clustered/n10/clustered_n10_0220.tsp,e719e7c4da9952e58cedc42293251f4ed6650ecb089e275c1897c48b571743f7
train,clustered,10,221,202611110221,3,377.606,train/clustered/n10/clustered_n10_0221.tsp,a8ea0ee409db4d5af98eb2fbbc918127e7cbabb952a82aa6fa97e841521f3cde
train,clustered,10,222,202611110222,2,610.837,train/clustered/n10/clustered_n10_0222.tsp,b24a2ca970ce55b6530faab7fa7ac37a2a39aa7969597d9dcc373e0684a430ca
train,clustered,10,223,202611110223,2,366.576,train/clustered/n10/clustered_n10_0223.tsp,cf2b216d577fe376e7d6c08a0384be08d28b146a6a117f02b470228fbfd9372f
train,clustered,10,224,202611110224,3,411.605,train/clustered/n10/clustered_n10_0224.tsp,cde03ff4d60271d62f799453d4dfc321f6a77d570f366f9025267bf59ce990b1
train,clustered,10,225,202611110225,3,331.513,train/clustered/n10/clustered_n10_0225.tsp,aa6eee8d723618b4456bd4754e10746269c418b3596edceac0e9551b020fcec0
train,clustered,10,226,202611110226,3,388.361,train/clustered/n10/clustered_n10_0226.tsp,a66b7ea2c1b41098df073658fa77d1f98ce4157d714fdcc994158d55e5beda3e
train,clustered,10,227,202611110227,2,556.157,train/clustered/n10/clustered_n10_0227.tsp,25a4e7b6d1e4e99e2d3a4988e8bf5418213f211db9b722b542a63e7faba05b48
train,clustered,10,228,202611110228,3,689.722,train/clustered/n10/clustered_n10_0228.tsp,c9f3bcafbb0028e24d7d4efaa7840aa2c0fa466260e4db7a186819f60e24b80f
train,clustered,10,229,202611110229,2,325.71,train/clustered/n10/clustered_n10_0229.tsp,921192433634fbe8996a681889aba9cbd263e6cf4cd15fb1849bc14e9475b5a1
train,clustered,10,230,202611110230,2,825.909,train/clustered/n10/clustered_n10_0230.tsp,701c49607056534c73b6a8b2b4decee440954048e96586220bb8cd0d02ac168a
train,clustered,10,231,202611110231,2,784.867,train/clustered/n10/clustered_n10_0231.tsp,826032122590e194d39f98ce6d91c901f80c58bca9066811ed0acbca5b7d5655
train,clustered,10,232,202611110232,3,728.647,train/clustered/n10/clustered_n10_0232.tsp,52e0f88adc1c9e7314d33f917b77cc206d8458b0c49d4d912193af0decc139e1
train,clustered,10,233,202611110233,2,530.084,train/clustered/n10/clustered_n10_0233.tsp,f219cb8eaaf0a2010f581a1f5a08b23578aab452fa18351ec0c23b431277b98e
train,clustered,10,234,202611110234,2,712.444,train/clustered/n10/clustered_n10_0234.tsp,123c041f7982673a06990f08b13728d8101dc87304e2cdca406c8cce149e798b
train,clustered,10,235,202611110235,3,702.64,train/clustered/n10/clustered_n10_0235.tsp,100ca079dddf5ce81ad25b854feff0f8bf12b0fa66a6ab4aaa073a9cbe335621
train,clustered,10,236,202611110236,3,715.687,train/clustered/n10/clustered_n10_0236.tsp,cc78ce836462e9c6c358f9c9511587d6748990c7c8d09214be6212c31a21fa3a
train,clustered,10,237,202611110237,2,780.809,train/clustered/n10/clustered_n10_0237.tsp,05ae655c7e28391349f500905e7b139c016ba9087e179d9e32f339291abb780f
train,clustered,10,238,202611110238,2,823.839,train/clustered/n10/clustered_n10_0238.tsp,9706d0995e94021c081e3aa8a2a1846d58aaede76db534ca955c027e4116389d
train,clustered,10,239,202611110239,2,761.764,train/clustered/n10/clustered_n10_0239.tsp,0b9a407db03fbfecdf53559426733291ee66bbb1d8d12edeafd20ae6a97acb07
train,clustered,10,240,202611110240,2,360.45,train/clustered/n10/clustered_n10_0240.tsp,d11a0c4cbf0d6804f1a131903244c33192de94bd50c1ffd59f9af77d4e81a463
train,clustered,10,241,202611110241,3,400.793,train/clustered/n10/clustered_n10_0241.tsp,49873d1adcdc53f2c9112c7c84ccdb31143b36e1eb7e38d2d2ce092c2f748bcb
train,clustered,10,242,202611110242,3,771.255,train/clustered/n10/clustered_n10_0242.tsp,f59a3776d0af1ffc2fcd62b186873f6e4eb56c7c81d6ef320f222c3f82129225
train,clustered,10,243,202611110243,2,514.822,train/clustered/n10/clustered_n10_0243.tsp,ac0d692a807f0678c4d5c703f170bbfa0b7b69649c3e2ca6cc8380c13cedef6e
train,clustered,10,244,202611110244,3,466.026,train/clustered/n10/clustered_n10_0244.tsp,6e62674e9733d8ec4bc8f009e4541370dfe50cf2fd0b21de4dbc24f47bb61aee
train,clustered,10,245,202611110245,2,611.687,train/clustered/n10/clustered_n10_0245.tsp,a23a8d1dd284b21b81180bef30744ecf7646e05ae6e18a6953937dab1bed8b36
train,clustered,10,246,202611110246,2,760.037,train/clustered/n10/clustered_n10_0246.tsp,f9fff216dd5878355863f21cc2c19547625678748e1ad9e93a831f5195773224
train,clustered,10,247,202611110247,3,716.372,train/clustered/n10/clustered_n10_0247.tsp,b4df8a97555358fe34d0c7da460e7c77a5f6a7cb576366314f87b99932dbd48c
train,clustered,10,248,202611110248,3,456.941,train/clustered/n10/clustered_n10_0248.tsp,2144ed4e5f5a1d260f73200e65f3f8af523cb7ed19ef1e804542d14217464214
train,clustered,10,249,202611110249,3,403.965,train/clustered/n10/clustered_n10_0249.tsp,c8b087323010f41c879e0f3a3bbb4325765947f6bc3459b41be9de2260031b4b
train,clustered,10,250,202611110250,2,760.458,train/clustered/n10/clustered_n10_0250.tsp,7a0a00176ba9ea5499c83ccb1d988704a8d0faa0aee970f97050494fe0ee0b93
train,clustered,10,251,202611110251,2,793.476,train/clustered/n10/clustered_n10_0251.tsp,e924819d5157efdda2e01b5a8f4d1aa4415d2125629a72e5b47d5b864c796127
train,clustered,10,252,202611110252,2,626.198,train/clustered/n10/clustered_n10_0252.tsp,ac9b8b0c06a6bd84cddc8a4e1280fdb966dd548cf80cfac1432b727328b9008d
train,clustered,10,253,202611110253,2,562.949,train/clustered/n10/clustered_n10_0253.tsp,57dd951503d9e438ce74730e692171d3fbb44d1bc26a2b0acb18fa749506ea8a
train,clustered,10,254,202611110254,2,439.158,train/clustered/n10/clustered_n10_0254.tsp,d994add8073df05e13d97a967fb4ecc19e869996d3532d19d16a7295d17693c9
train,clustered,10,255,202611110255,2,662.979,train/clustered/n10/clustered_n10_0255.tsp,6f82c7270223304f5f0624863896488ee05840324aaef08a96d64e0c0f98b8aa
train,clustered,10,256,202611110256,3,813.378,train/clustered/n10/clustered_n10_0256.tsp,20ec455691615c988d0538db0c29650851ce85bd316c261904a54b79b76c7cea
train,clustered,10,257,202611110257,3,793.596,train/clustered/n10/clustered_n10_0257.tsp,d873c4e441d63b6d57caa13016f33b1b084e12f3ae5ab782e450aa9da1b30044
train,clustered,10,258,202611110258,2,435.544,train/clustered/n10/clustered_n10_0258.tsp,2a1905675c8efb51d453ed0c2c3edd28408c20208eb8493975789d7b32ded8a6
train,clustered,10,259,202611110259,3,703.881,train/clustered/n10/clustered_n10_0259.tsp,3d6ab947ef63d954e05dacda0b83a923679a68ee96d7f1109dcc82b656d97f10
train,clustered,10,260,202611110260,2,383.414,train/clustered/n10/clustered_n10_0260.tsp,052625df8bd8718510e2fe1b3a362f3f379bc82c463ccd52af7609ef546d9754
train,clustered,10,261,202611110261,3,369.88,train/clustered/n10/clustered_n10_0261.tsp,62b2fa567dd7c13130f56a2b4d11f082f0c963fdab807a061332fdcb3808632a
train,clustered,10,262,202611110262,2,323.032,train/clustered/n10/clustered_n10_0262.tsp,732e8d410067aaca12aa07ae6d65722a1a041e316fc06d947a31b2b551248843
train,clustered,10,263,202611110263,3,322.235,train/clustered/n10/clustered_n10_0263.tsp,bcf3f44025bffe9d1a6bf4bb4743f65330945b7c6b01d8a76ae1f264ab5a4fd4
train,clustered,10,264,202611110264,3,672.715,train/clustered/n10/clustered_n10_0264.tsp,762815562d4c4d36d680d226ffa9a34fd102b6514b5814d42e2e1944921449e3
train,clustered,10,265,202611110265,3,595.918,train/clustered/n10/clustered_n10_0265.tsp,9904c0b8b54e4a230b84f5acbabf14a506db1a6d342bb16fe2d6cd8fa89f77c8
train,clustered,10,266,202611110266,3,409.54,train/clustered/n10/clustered_n10_0266.tsp,0a05656a245cc93b48286e9b829d2aa8a49e9db5da7c6dde6cf68642ed258a4b
train,clustered,10,267,202611110267,3,603.42,train/clustered/n10/clustered_n10_0267.tsp,e1ecb5f2e1578bf3ac645bd79870ac2815ac0a39ee3a802766fc9362df11d872
train,clustered,10,268,202611110268,2,818.68,train/clustered/n10/clustered_n10_0268.tsp,4c1a3e788964655a960a4bc30bacda014acb3374ae3341b4068bbe1154dfa2dd
train,clustered,10,269,202611110269,2,755.783,train/clustered/n10/clustered_n10_0269.tsp,dd7b22cde6a4a822705e4e577e049ee0525facf36cc49e59a3cd7eb9a8c898df
train,clustered,10,270,202611110270,3,643.721,train/clustered/n10/clustered_n10_0270.tsp,43561fd9d40c1a32a8ea564b2dc7c33676f42f7e53188db4b33f1719239cffdc
train,clustered,10,271,202611110271,2,643.829,train/clustered/n10/clustered_n10_0271.tsp,830f22154d102cf3364a623445691c0ff889ed9f49456770ad169dd18636e95e
train,clustered,10,272,202611110272,3,458.908,train/clustered/n10/clustered_n10_0272.tsp,f8b044e9ac99cd55cb3503eebb7c6902e24c8015a81d694fd55f35f8e174fc2f
train,clustered,10,273,202611110273,2,655.195,train/clustered/n10/clustered_n10_0273.tsp,77ffbb6327b2fd00fac96933bec5024849a0bbda912729d2e81cd44d11ea6bf0
train,clustered,10,274,202611110274,3,702.51,train/clustered/n10/clustered_n10_0274.tsp,88c403248f4d5597dc60bd26be4bd7f17fba0672a8f74ed20f9e39d99f8b25fd
train,clustered,10,275,202611110275,2,810.053,train/clustered/n10/clustered_n10_0275.tsp,a0d0da79dcfa584565bb21109def8df66390f24cea11c1759130102639e2a40f
train,clustered,10,276,202611110276,2,484.439,train/clustered/n10/clustered_n10_0276.tsp,7526a725adc468f84af6140cf66f5c7a29ead5f05522691fa028fdd113b0ca50
train,clustered,10,277,202611110277,3,397.619,train/clustered/n10/clustered_n10_0277.tsp,4ed242468d5f803a8159930898e13e92757be0c666e4e9794c2d5ecb52862b2c
train,clustered,10,278,202611110278,2,764.844,train/clustered/n10/clustered_n10_0278.tsp,558dd3184928e9948c72ed9fa84d086e0aeb933b7fb26af73e4a796021104660
train,clustered,10,279,202611110279,2,842.617,train/clustered/n10/clustered_n10_0279.tsp,a6b307788274b473ee3fc1233df41256483732f209a292eab9d59bc797065e03
train,clustered,10,280,202611110280,2,317.034,train/clustered/n10/clustered_n10_0280.tsp,dd57e47dbf5fd41d48a66aefd2e7901fe54ca161beed044b54b454cd0cdf5419
train,clustered,10,281,202611110281,2,614.08,train/clustered/n10/clustered_n10_0281.tsp,43aefb3489a3f6b56748f110efa84086bdac92a772d98c10366f5061e3546079
train,clustered,10,282,202611110282,3,638.147,train/clustered/n10/clustered_n10_0282.tsp,8e4d6ed95bd4da48d8e7a81f72dc6d87387e6a0f4d442a1f96e673974071294f
train,clustered,10,283,202611110283,3,804.41,train/clustered/n10/clustered_n10_0283.tsp,c76c164427c63ff425c1d4de67a58d519c5acb67e8c5c15365d3fb35807a9b9b
train,clustered,10,284,202611110284,3,403.667,train/clustered/n10/clustered_n10_0284.tsp,6f3189177b7ee24d461e407f456c78aa2e2ec27e2e537fd3b50c59f5d55594ac
train,clustered,10,285,202611110285,2,435.675,train/clustered/n10/clustered_n10_0285.tsp,038076f1e2db17d62e808e2b2c42d3dd93096df342bdeb7c069fe574be01055d
train,clustered,10,286,202611110286,2,667.49,train/clustered/n10/clustered_n10_0286.tsp,4b21b69ab12eb9bda71eaa2cc7df06d4ca171ee22ac2f0f618d1762b521f99a5
train,clustered,10,287,202611110287,2,715.161,train/clustered/n10/clustered_n10_0287.tsp,fb606b6cccdff9bc0cd490ebab7a73a416b135f45d4e7a17b1b35582a94b4832
train,clustered,10,288,202611110288,2,822.519,train/clustered/n10/clustered_n10_0288.tsp,6c622c506db52ce906088758199aa34706d1b4ca9f78d5cd4f39fc476b82e147
train,clustered,10,289,202611110289,3,451.815,train/clustered/n10/clustered_n10_0289.tsp,4ab9d6e614afd3d7e030b0a30cb2d976c5f28cbf1287f865f6a0ae9ec333bd55
train,clustered,10,290,202611110290,3,351.021,train/clustered/n10/clustered_n10_0290.tsp,78b883db7cea7369d2a6ccae9d3ceac5d313c6341efd5924391ee0cec72cc8d0
train,clustered,10,291,202611110291,2,370.757,train/clustered/n10/clustered_n10_0291.tsp,a050b7cbcc82d5f310653fb0b0fe2cac25b8bfa7f971bf31b608b202e1c979ab
train,clustered,10,292,202611110292,2,727.947,train/clustered/n10/clustered_n10_0292.tsp,a0e33f9f63c560a7fe8742ec2e27222d80a04e43096e6ed53a4e6623569c8b8f
train,clustered,10,293,202611110293,2,809.251,train/clustered/n10/clustered_n10_0293.tsp,d5429e0a3b1fceb788d5db096df28b3b294afd4f639391d3529b4be1c9973f57
train,clustered,10,294,202611110294,2,617.453,train/clustered/n10/clustered_n10_0294.tsp,cbf43dd493a3f8cde18921c3d76d2b0b8d0b2be6b36cbf7062d794b93aee53da
train,clustered,10,295,202611110295,3,374.045,train/clustered/n10/clustered_n10_0295.tsp,8947e7b0e6f04a4f76f8ec3c72cb3505ac24b9e18abaf1e39f7d3ff401bfc628
train,clustered,10,296,202611110296,2,402.692,train/clustered/n10/clustered_n10_0296.tsp,44dd4050cc608cc8341208456de96a051f76e652c2914420bf18d823e65e4800
train,clustered,10,297,202611110297,2,454.818,train/clustered/n10/clustered_n10_0297.tsp,c819194c1c9785f463ac1934182836e1a77b9a6895f444bb9f422e10cb59f21b
train,clustered,10,298,202611110298,3,818.175,train/clustered/n10/clustered_n10_0298.tsp,87498718554dd32eae5aac740333d009697666dfae420cc1863f5da55eca1c03
train,clustered,10,299,202611110299,3,840.777,train/clustered/n10/clustered_n10_0299.tsp,70988a075ba5f6672b5758cfcb47f7b8c91fc8b3702cf148bdfd7b3bd51c7f8b
train,clustered,10,300,202611110300,2,753.982,train/clustered/n10/clustered_n10_0300.tsp,6a558087ea87935ef6218483b9becca4d40ed271a389fdaab8369607378af880
train,clustered,10,301,202611110301,2,763.873,train/clustered/n10/clustered_n10_0301.tsp,44788aad4e6c711c2ad29506db129f65bb12014bd1cb0bce1d6215afed81bd51
train,clustered,10,302,202611110302,3,450.573,train/clustered/n10/clustered_n10_0302.tsp,24bc8714efad98a16b95182099b24ae0391376e4f40e85edc05dd3b7476eb435
train,clustered,10,303,202611110303,3,558.49,train/clustered/n10/clustered_n10_0303.tsp,875b99367411c87ef4e8a4256c164c3624aa408d2b8370cd7244c00cd93217a2
train,clustered,10,304,202611110304,2,626.129,train/clustered/n10/clustered_n10_0304.tsp,924be6b41c019cded05ada8888a1a221c05efee30a3fad6ff4db784d73541df2
train,clustered,10,305,202611110305,2,612.915,train/clustered/n10/clustered_n10_0305.tsp,514ac80d035c91c029e94844aa55d60b529705cf8b0579bee6c7a5757a4bf0d6
train,clustered,10,306,202611110306,2,595.568,train/clustered/n10/clustered_n10_0306.tsp,637ce9bb234d4e4333e7b2c328663f746ece788b5a82d893d552de35777124ac
train,clustered,10,307,202611110307,3,449.73,train/clustered/n10/clustered_n10_0307.tsp,2d5dd9fb0b3b26fd263b835f11498e5357d2b8b4232c209bd609093550d7de56
train,clustered,10,308,202611110308,3,504.088,train/clustered/n10/clustered_n10_0308.tsp,430852cf945f63c8863d96557a6f724c9d7c488e2c3efd8d3e10125c7cc6481b
train,clustered,10,309,202611110309,3,374.214,train/clustered/n10/clustered_n10_0309.tsp,c65fb92794c3175baf3c1f02a2638be1761ed41e42c0f3b54f5b9ec2cc39a067
train,clustered,10,310,202611110310,3,829.43,train/clustered/n10/clustered_n10_0310.tsp,441e47d577ae63a6fd5e948e59e1192b24fc821de5c65a66868f21d7ceada23b
train,clustered,10,311,202611110311,2,768.427,train/clustered/n10/clustered_n10_0311.tsp,2b19d58665d8c7b07bc279689c431076aea39258cd6d397cf734fad9abfcdea2
train,clustered,10,312,202611110312,2,378.357,train/clustered/n10/clustered_n10_0312.tsp,6f1f29f214c946e48eb8f19ebc420d4e1267ad91b7e42cb972962084dcabe0b1
train,clustered,10,313,202611110313,3,750.312,train/clustered/n10/clustered_n10_0313.tsp,35eb9522443b66fc1dba8a95a29584d62caed7be922aabb58f39b18da94492f0
train,clustered,10,314,202611110314,2,474.205,train/clustered/n10/clustered_n10_0314.tsp,9a5d7c9a3e89ad2d4e69148ce4806908b9f0aebcdaaa6e94f01007fcc273a47d
train,clustered,10,315,202611110315,3,728.06,train/clustered/n10/clustered_n10_0315.tsp,c9ff4ac402b62258c01cc78d3daa10ba286cb12bed0645cc4d74873af5a4775e
train,clustered,10,316,202611110316,2,342.08,train/clustered/n10/clustered_n10_0316.tsp,a9e306406035ef03ce268acae4230f666b1f688e4855ed789a50753a1a6434e1
train,clustered,10,317,202611110317,3,382.817,train/clustered/n10/clustered_n10_0317.tsp,d3fe1d01f045b6374aed0a282da3bb0fc6df52b954c190d4aee4c22aa4d6ba64
train,clustered,10,318,202611110318,2,589.381,train/clustered/n10/clustered_n10_0318.tsp,c5e882a32ea86fa9a1b4635dad1f824271a7d4766ec7092c0f6f3df0262f702b
train,clustered,10,319,202611110319,2,806.317,train/clustered/n10/clustered_n10_0319.tsp,12d968f4f510152c77bca93918ae0f8d7749a0339975df3209b592780c974558
train,clustered,10,320,202611110320,3,382.115,train/clustered/n10/clustered_n10_0320.tsp,364b7aa623e9d3ff2c729fce2e7a340c404047afeeef0564ee362bbda1d40a8a
train,clustered,10,321,202611110321,3,701.853,train/clustered/n10/clustered_n10_0321.tsp,f6181fb8ce774f9e203d90afa42fa3a988365d083273177bb4a424dc12c1d642
train,clustered,10,322,202611110322,2,792.84,train/clustered/n10/clustered_n10_0322.tsp,00a3cc18218f6297e9dd7e36101ed27a876d8c604e97b4e50ff2455529acdb36
train,clustered,10,323,202611110323,2,759.817,train/clustered/n10/clustered_n10_0323.tsp,ff8b72d86854aa4a28efb3f79b2ff640b7453303e283e9ccb8926330c1b18282
train,clustered,10,324,202611110324,3,592.455,train/clustered/n10/clustered_n10_0324.tsp,cc409c326562d0c0482a4a196c900d96dfa69582add68b02f1bca3db51b7197f
train,clustered,10,325,202611110325,3,582.77,train/clustered/n10/clustered_n10_0325.tsp,260080fe38ab3133bebd5fdce61c3048604b1d4eb2690dea3619dd55c6234fd9
train,clustered,10,326,202611110326,3,836.148,train/clustered/n10/clustered_n10_0326.tsp,2210693db0275283be6fa16d9965ce9df1cfebd49ed513a0a41b0aed1c39b8d4
train,clustered,10,327,202611110327,2,702.836,train/clustered/n10/clustered_n10_0327.tsp,b58d335d24216a6f725f69be24f75fc8588bdd7b30dee8c52d25e380d9f882ba
train,clustered,10,328,202611110328,2,663.089,train/clustered/n10/clustered_n10_0328.tsp,6679f3e0a69c07f2a7b9b6156fd8e1cda4eed24cbf2dbed0df0e5a695aa5bc30
train,clustered,10,329,202611110329,3,797.117,train/clustered/n10/clustered_n10_0329.tsp,d2c728c95aad164658334e61d57ded5b56925c3ff0bfbbebbf001817ce3bf916
train,clustered,10,330,202611110330,3,543.949,train/clustered/n10/clustered_n10_0330.tsp,1da0b2fad2c785824fc8d414930d5b499050bfb3d60a67be924b5c5f5a27196b
train,clustered,10,331,202611110331,3,628.546,train/clustered/n10/clustered_n10_0331.tsp,4414c10ff235a7622d1cc6a4549d4ed2362eb578bb86732a96ba8fe1eb139d23
train,clustered,10,332,202611110332,2,588.295,train/clustered/n10/clustered_n10_0332.tsp,51cb2f20890b50184456cc9a5297d97d7b36c910c951204c63fdaaa46ee3f016
train,clustered,10,333,202611110333,2,795.952,train/clustered/n10/clustered_n10_0333.tsp,7f349aab59b900f4689f1c15b5a92bd624f60b617207065bd0a4c45d00a0dd5a
train,clustered,10,334,202611110334,2,714.077,train/clustered/n10/clustered_n10_0334.tsp,56beb3d5fc31ac95d43caa4c472224fc1501b216fbe8cdfcb85367c54f85d5ff
train,clustered,10,335,202611110335,2,613.97,train/clustered/n10/clustered_n10_0335.tsp,679c210e707ca71bee17e2a39df6c8b59a7ecc1da5f583440e524d6dc0b8cb61
train,clustered,10,336,202611110336,3,688.754,train/clustered/n10/clustered_n10_0336.tsp,a654908edfede4476a2eb5e88c097ab6b68e68537b8a4a15fc074791ce5970c8
train,clustered,10,337,202611110337,2,362.606,train/clustered/n10/clustered_n10_0337.tsp,219d00ddccd3883a958985140a06cf770c6f3506b79cedafdf2cec105da3d402
train,clustered,10,338,202611110338,3,666.477,train/clustered/n10/clustered_n10_0338.tsp,c1df6fa5c817eb27ffe86b2f1026b4623f2b643d8fdf57cd6afd756849357530
train,clustered,10,339,202611110339,3,785.613,train/clustered/n10/clustered_n10_0339.tsp,595eaacd260fcad4c054af3187972fb72e7d1c66cdff0193672c0089db119c01
train,clustered,10,340,202611110340,3,556.737,train/clustered/n10/clustered_n10_0340.tsp,f5a3cfbb296eeee48a8b9343797b8d7e0d7a6d87193d6e1249caf17f1fe3e9fa
train,clustered,10,341,202611110341,2,842.31,train/clustered/n10/clustered_n10_0341.tsp,ed73a4fa7ece0736a2ddf2bf93ad33ee4ef334696d7838dd742dc01907283fc2
train,clustered,10,342,202611110342,3,767.126,train/clustered/n10/clustered_n10_0342.tsp,6df550955fb1602f05a8ae6fee831308ffd41d68c153d7fd36fa100c7b59bec4
train,clustered,10,343,202611110343,2,743.436,train/clustered/n10/clustered_n10_0343.tsp,58c88d06804ea37b7aaed467f01605c256151379dc9a253cfd5e2ceadd87d532
train,clustered,10,344,202611110344,3,637.368,train/clustered/n10/clustered_n10_0344.tsp,69bfdeb8e62617ca20705e734cf48558b3ed8fb1f2d6204e9edd53e10955ab37
train,clustered,10,345,202611110345,2,563.485,train/clustered/n10/clustered_n10_0345.tsp,24ee70533f92a5e014ba0520202cafe146f8859f1e1e4f3d871fe254db69da66
train,clustered,10,346,202611110346,2,438.935,train/clustered/n10/clustered_n10_0346.tsp,df3c083f941b3ea13c9fe512450539e4610daed4000cd40c112fd823a9b8a61a
train,clustered,10,347,202611110347,2,538.592,train/clustered/n10/clustered_n10_0347.tsp,e66630b08e1726cba3db31a9b19d08d62f50dc285b88c50b430cd775289972f5
train,clustered,10,348,202611110348,3,636.11,train/clustered/n10/clustered_n10_0348.tsp,b57966a0a98c433c00e170980bcd794f66c714a20188916debda22182cf45411
train,clustered,10,349,202611110349,3,369.654,train/clustered/n10/clustered_n10_0349.tsp,0b6eae0b2361f31ed57279dd758bd1b1346f724f01cb06995b2f62f71798919e
train,clustered,10,350,202611110350,3,452.883,train/clustered/n10/clustered_n10_0350.tsp,0005bd41a0e8d3964a42c55dd800db835d57dfc818bf93b0aa2b4145f32017f0
train,clustered,10,351,202611110351,2,681.036,train/clustered/n10/clustered_n10_0351.tsp,38d245d13dc7a6a1c9ff8a57de592502af7da677b0b3255e1ec504d6a4ba84ed
train,clustered,10,352,202611110352,2,337.717,train/clustered/n10/clustered_n10_0352.tsp,87d35e1ba9be7e920e42dbee4fa13fa5f0ded306572ce2ed8a52e158fceb7353
train,clustered,10,353,202611110353,2,822.764,train/clustered/n10/clustered_n10_0353.tsp,8799d1fb2431a8737abe43e254ffce7b3e8b62e6195530156221c79e96c223ad
train,clustered,10,354,202611110354,3,609.315,train/clustered/n10/clustered_n10_0354.tsp,731ef536d0869437b521916b0d5d2a46ee0cd6b2a142ccfec1bbcd5c1a1c090b
train,clustered,10,355,202611110355,3,650.212,train/clustered/n10/clustered_n10_0355.tsp,e224a604f9f9662bb8b8067798823f2fed2d7f0bec0247b493f42e5ae83ecd64
train,clustered,10,356,202611110356,3,815.779,train/clustered/n10/clustered_n10_0356.tsp,981c84c3f56f3cc98c1983252310a784ee0c70b5796e8aa431b5ead1a8232628
train,clustered,10,357,202611110357,3,808.426,train/clustered/n10/clustered_n10_0357.tsp,b4abeeeefa2bfe5f87ff01d266f3512a86eeb1ea2f36b7470b7c62f812c6a24d
train,clustered,10,358,202611110358,3,606.394,train/clustered/n10/clustered_n10_0358.tsp,951833fd91deea3594f96c05cf83c880861a62277002f99e1627413eebb01840
train,clustered,10,359,202611110359,2,600.909,train/clustered/n10/clustered_n10_0359.tsp,195eddb331e3d83a12f2b17b0d8d845b14b6519aa89925eea82000f9f50bf910
train,clustered,10,360,202611110360,3,330.774,train/clustered/n10/clustered_n10_0360.tsp,a8b39a7aec207ccf9265190c427a3de8437614c8f26d4baa576239b18a6529e5
train,clustered,10,361,202611110361,3,700.284,train/clustered/n10/clustered_n10_0361.tsp,32bda2e71f39b81a72b7ceb2143eb398821bb57aa72f7eae465d76bb785808c2
train,clustered,10,362,202611110362,3,432.405,train/clustered/n10/clustered_n10_0362.tsp,1ac13faa0518219c86dff281cf818016b3ebd3305702cf6640928239a408d67f
train,clustered,10,363,202611110363,2,684.027,train/clustered/n10/clustered_n10_0363.tsp,ce4812291cd19146082790b621c74b3f8cdb2231c96e419a217ca57aecc959e6
train,clustered,10,364,202611110364,3,817.436,train/clustered/n10/clustered_n10_0364.tsp,a99bdd20d34d24beead160196da95959ebf0193a244393b85fe492e566a80a48
train,clustered,10,365,202611110365,3,806.765,train/clustered/n10/clustered_n10_0365.tsp,a4db9f81c0e2e724b6e53d1c1007ad50bb23d5da03682f7f5d4473767d9a1798
train,clustered,10,366,202611110366,2,683.329,train/clustered/n10/clustered_n10_0366.tsp,87d2acdbfab58d68de1f5774ee41b9358d8fa4fd7735d93dbbaa4cbc5884fae7
train,clustered,10,367,202611110367,2,716.658,train/clustered/n10/clustered_n10_0367.tsp,dc97f179723579dbde305325ca2dee740ff5342a59479015d49301f76ec41897
train,clustered,10,368,202611110368,3,372.812,train/clustered/n10/clustered_n10_0368.tsp,650485defd500fd781986bb59404b0adab83e6556d4e4753a534aada14c88ff9
train,clustered,10,369,202611110369,2,472.896,train/clustered/n10/clustered_n10_0369.tsp,41c0fb8c35c7e1ecdb46fc396fd1697346e9f49ba48e5ff840534ea538d6ca89
train,clustered,10,370,202611110370,2,669.316,train/clustered/n10/clustered_n10_0370.tsp,c48c82fed3e6a096ccde63756941c48d72dcc3703120898b3a783c4b8caa8932
train,clustered,10,371,202611110371,2,385.167,train/clustered/n10/clustered_n10_0371.tsp,28923b3153915f9449524beecee7cf2d2ed73325115b9e7f99a9cad8b59e9eb3
train,clustered,10,372,202611110372,3,605.897,train/clustered/n10/clustered_n10_0372.tsp,3f4a943a100bafa1af56397b73fdbce08fc2b08f6a5960c86679d2dadd400254
train,clustered,10,373,202611110373,2,703.493,train/clustered/n10/clustered_n10_0373.tsp,a9e5b29d4992d6ea43da6eca81c50e21e22231b0d4fdf080650c6ef4cd0b939c
train,clustered,10,374,202611110374,2,347.507,train/clustered/n10/clustered_n10_0374.tsp,9777d5580ed76e36bd71c2f896544161b55c813a9d509cf6ed59f50421f5827b
train,clustered,10,375,202611110375,3,476.234,train/clustered/n10/clustered_n10_0375.tsp,19beda342ab10c0455b432710c4b43f010301715841aab0eb68f47edcf9be852
train,clustered,10,376,202611110376,2,535.807,train/clustered/n10/clustered_n10_0376.tsp,28ae7fe0e52326a389b8bd551d407d235f4695c6977ea5121126b3d2b20b3b94
train,clustered,10,377,202611110377,3,449.884,train/clustered/n10/clustered_n10_0377.tsp,179c9ae23e7702bd192f446ed3ace41540eaf23bfbdc9469c9e8ff24af92f6b7
train,clustered,10,378,202611110378,3,420.602,train/clustered/n10/clustered_n10_0378.tsp,4df58e1e07d1b76c0f469df2993fceee9d1671b7b02b2bd83c79937415d50620
train,clustered,10,379,202611110379,3,510.691,train/clustered/n10/clustered_n10_0379.tsp,347c942bff2d2b88c7e4760a36d3ab9a649a1797ec3ef01b78138d23e08221fc
train,clustered,10,380,202611110380,2,438.633,train/clustered/n10/clustered_n10_0380.tsp,6b8ddc276d7d5d1d234a57a264238e5fe3849500c5b3264cf3b308ab92db2e37
train,clustered,10,381,202611110381,3,590.438,train/clustered/n10/clustered_n10_0381.tsp,00d309ca8785f1f8611ad1747b8470c2b535b8912bc576028ea74050b4ba6332
train,clustered,10,382,202611110382,2,542.607,train/clustered/n10/clustered_n10_0382.tsp,a016c4a80c6b8ae21f038fcdaea1718172bfbfdae04c87c6391cb1c2d7543f7b
train,clustered,10,383,202611110383,3,556.792,train/clustered/n10/clustered_n10_0383.tsp,7c022393bda5136270d5da2c2b6560b6b67a4fbcae033cff148c95d935be2169
train,clustered,10,384,202611110384,3,799.416,train/clustered/n10/clustered_n10_0384.tsp,24731fdf1206a4a851de5798f85e1ce0ffc584fa7ce2d90a0f02cb2828af06dc
train,clustered,10,385,202611110385,3,639.021,train/clustered/n10/clustered_n10_0385.tsp,fa6fe9c40344b06391156befa8137f03aabba492b144bd605e2c78af65fec094
train,clustered,10,386,202611110386,2,689.722,train/clustered/n10/clustered_n10_0386.tsp,eb1e3c11978e95b25a1ca0898a9e4b84607df04e15393480c7cd93bc3f7d33d1
train,clustered,10,387,202611110387,3,678.654,train/clustered/n10/clustered_n10_0387.tsp,4dbc766dbf68126bff89402d7e4a5eda46090c7ddb93bbee63c697acf8689834
train,clustered,10,388,202611110388,3,666.714,train/clustered/n10/clustered_n10_0388.tsp,d6093078ec588631166eef54fb1af99b4a0af4964af6104360faec374cecc388
train,clustered,10,389,202611110389,3,619.213,train/clustered/n10/clustered_n10_0389.tsp,5af9aac5153221687d891340eb66c81f038963eb2c74d840a1e6c9afe9c28354
train,clustered,10,390,202611110390,3,563.383,train/clustered/n10/clustered_n10_0390.tsp,1cf18b72a256e91cd8e2158386e28775478b7cadfd03ed2cebaa8ac3c28de3a0
train,clustered,10,391,202611110391,2,608.123,train/clustered/n10/clustered_n10_0391.tsp,d35570b672401588c241f3ee3d79544826941de17db645d8d3b388b12c1b15d0
train,clustered,10,392,202611110392,3,764.396,train/clustered/n10/clustered_n10_0392.tsp,e56296d28ede0fe39ccfa793bc1dd1c1fc868534ec00c9d84c16ce3859904c84
train,clustered,10,393,202611110393,2,424.514,train/clustered/n10/clustered_n10_0393.tsp,332bf035272f4d9132b9b2cc1b1c23c776fd951bc8e179e1fb24adddb5504e4a
train,clustered,10,394,202611110394,3,704.344,train/clustered/n10/clustered_n10_0394.tsp,acd5f1a95322ea98abd703e40f598893f2126e9b9bf3bffd558075dd87a2fa0f
train,clustered,10,395,202611110395,3,843.437,train/clustered/n10/clustered_n10_0395.tsp,61777d76f9d5ed8fa76590235ecccdc02a4a7909f2fb0f787982969913a2d305
train,clustered,10,396,202611110396,3,746.337,train/clustered/n10/clustered_n10_0396.tsp,2c9ef14be8f681580941befee0501bc22e7023b5b88abf7b80044ddfede22e5d
train,clustered,10,397,202611110397,3,828.649,train/clustered/n10/clustered_n10_0397.tsp,e26768a65e9c9e448275892711b2dde16d1acb6c6276f176af5c884e7250445f
train,clustered,10,398,202611110398,2,511.434,train/clustered/n10/clustered_n10_0398.tsp,e48ffecf9f13e68ac503379cbe58c36d19cb344b8f72103fd630008a2b7714dd
train,clustered,10,399,202611110399,2,474.327,train/clustered/n10/clustered_n10_0399.tsp,4d2282bdcc213f42295274e0dc9bbcd4eb6a2a660fe61e57b6a029693e552b5a
train,clustered,10,400,202611110400,2,592.539,train/clustered/n10/clustered_n10_0400.tsp,d63d4bece1b457bbfe212cf096167d8361b5642b9559a91297d2a041e091d6c8
train,clustered,10,401,202611110401,2,572.806,train/clustered/n10/clustered_n10_0401.tsp,3fc9ae44c2f45f081d3d443c5653e2cc2496b7ec19c913f4a13ea989bf63d4a9
train,clustered,10,402,202611110402,3,838.432,train/clustered/n10/clustered_n10_0402.tsp,6a6a43555ec96ebca45007bea9e69af3846995994f09eb427219e0fa57cb2fac
train,clustered,10,403,202611110403,3,497.504,train/clustered/n10/clustered_n10_0403.tsp,7275f1922f3d66944bc003c4e88138cc00799a709940b71f5f3ea59f34eb3704
train,clustered,10,404,202611110404,3,665.297,train/clustered/n10/clustered_n10_0404.tsp,5cd6f09a763b9798c056649ea839bbc111f3fd989349fc75daf02ad0696cd169
train,clustered,10,405,202611110405,2,847.878,train/clustered/n10/clustered_n10_0405.tsp,b4d29ea4d452880ec59a251253689ba8d561fb34eab949a6d7ad85e042bb5424
train,clustered,10,406,202611110406,2,730.704,train/clustered/n10/clustered_n10_0406.tsp,5e95aa10b062c1e4afe6f457c2782c33205373ab593117c3535bf6f2b66508d7
train,clustered,10,407,202611110407,3,825.403,train/clustered/n10/clustered_n10_0407.tsp,8262aa7b20f38fd3b20cae59b8b3e33d6f864bd7dfe57079d1a1f5d771049c7e
train,clustered,10,408,202611110408,2,439.65,train/clustered/n10/clustered_n10_0408.tsp,ce2124b7a73f3a24ca58eff25064a8128b3d9bc12bcf18a7440ba942125da1b6
train,clustered,10,409,202611110409,3,450.526,train/clustered/n10/clustered_n10_0409.tsp,17db3cbaeaf800b946406734f65354c937042cd4d9c72be8a6bb72606878a1ab
train,clustered,10,410,202611110410,2,491.306,train/clustered/n10/clustered_n10_0410.tsp,20cb8fab35132d931e4d58b2728bdd2129b41d3467473a33e1d3d05433ca3df2
train,clustered,10,411,202611110411,2,621.967,train/clustered/n10/clustered_n10_0411.tsp,a96cda398354a9987322c1a284de85352ed88baa911d032a48d788b9557a313d
train,clustered,10,412,202611110412,3,778.717,train/clustered/n10/clustered_n10_0412.tsp,063f76c707574956a6e75c3472cf248d515b4060001bbfec9522f72cad4046b4
train,clustered,10,413,202611110413,3,394.786,train/clustered/n10/clustered_n10_0413.tsp,f0cc71d4fed9defea64265704957547675a49b8ede3610a41e36064e69ca708a
train,clustered,10,414,202611110414,3,544.714,train/clustered/n10/clustered_n10_0414.tsp,7a0ff0f3620682ba7926c4237976811fecda1cdbc8c7ddccee5252d78eb912c0
train,clustered,10,415,202611110415,3,415.553,train/clustered/n10/clustered_n10_0415.tsp,29dd5dd1bea0a1b2b05b2cff6bb4a021876e8b65c7c1443a1661be50de785670
train,clustered,10,416,202611110416,3,568.948,train/clustered/n10/clustered_n10_0416.tsp,ff64431474b1684b82475a13346e0e9d5697a5c3a7b8e7d7177442c8db1d0f3e
train,clustered,10,417,202611110417,3,743.698,train/clustered/n10/clustered_n10_0417.tsp,7b914cb395c425ad983f3db16f9a94b6a74605f7ab57a26dbf002a0cd1612f36
train,clustered,10,418,202611110418,3,764.389,train/clustered/n10/clustered_n10_0418.tsp,0eb0efccd4638717f352cbd5b5c6e53df9a191fbd021dc9eee4d2e23e6d3e3e5
train,clustered,10,419,202611110419,3,433.349,train/clustered/n10/clustered_n10_0419.tsp,fad0b8b41c36a793a01e9b84dd530cd86cea55d9256e7dceeed219e939a08c1b
train,clustered,10,420,202611110420,2,549.632,train/clustered/n10/clustered_n10_0420.tsp,542a5a9ee3bc73ca5a33b1bbc2ac542e198578392874074b61fb7f8b20a35c88
train,clustered,10,421,202611110421,2,569.534,train/clustered/n10/clustered_n10_0421.tsp,ad42060956b76ab9eeecf066c43b17ee954d09a1a3ff9d90edc9379bc18f2add
train,clustered,10,422,202611110422,3,357.637,train/clustered/n10/clustered_n10_0422.tsp,ba72824b53c6cad068aeaa9f718368a1937e45b7aca87ec60e49b97fc724cdfe
train,clustered,10,423,202611110423,3,662.663,train/clustered/n10/clustered_n10_0423.tsp,7b582219a0a3732816f69aeac772de8764b84fbb433b58ac091c8abeb4413b27
train,clustered,10,424,202611110424,3,726.841,train/clustered/n10/clustered_n10_0424.tsp,0f0320549e68c977cdea4a14832c3d0a63f84619a94c429c6f0f315d1b799f14
train,clustered,10,425,202611110425,2,772.031,train/clustered/n10/clustered_n10_0425.tsp,8aa827fdd75d161e477776689bd18de7992ac48819d77930daffe0298d2f6727
train,clustered,10,426,202611110426,3,332.61,train/clustered/n10/clustered_n10_0426.tsp,c84722688085db6093ef170dbeb2083b933f673d53b963659e763e4d4e2a8f7c
train,clustered,10,427,202611110427,3,485.371,train/clustered/n10/clustered_n10_0427.tsp,d7d600229002392397fa37bf59d71c8c6fb2b51cbffe98396a0133d5023ff800
train,clustered,10,428,202611110428,2,624.139,train/clustered/n10/clustered_n10_0428.tsp,e58ce1179e4bf8bc0b5e2b2e68f45a7576f50fd721c406aeb0e377be64e6ebf1
train,clustered,10,429,202611110429,3,780.958,train/clustered/n10/clustered_n10_0429.tsp,6e5a2fa16f3947fec5eae7c3ed647422dfe299da095ac505034f7e03e11e3fc1
train,clustered,10,430,202611110430,3,471.176,train/clustered/n10/clustered_n10_0430.tsp,560e487a50e548c986a51fd0b77867d2896bbd5d77b234f5744af0b64c0bd555
train,clustered,10,431,202611110431,3,631.711,train/clustered/n10/clustered_n10_0431.tsp,ebaf123fe2e5a850fc527ca516219ffc6027237db318cb6f07daa42663c18506
train,clustered,10,432,202611110432,2,608.954,train/clustered/n10/clustered_n10_0432.tsp,c414b260871c80b54caae46d6b85ada5f7ba4ce2ed2f56a9869629532cdecd2d
train,clustered,10,433,202611110433,3,846.921,train/clustered/n10/clustered_n10_0433.tsp,db376102b11a50cfede9591a8bc58acc0ad4f9f4c8f1cdba77862aad4fcce9ad
train,clustered,10,434,202611110434,3,350.743,train/clustered/n10/clustered_n10_0434.tsp,f11d214f3df2e7c3cdd5758a3861057f5f289eea9c8e04164ae0881e36b98efc
train,clustered,10,435,202611110435,3,704.49,train/clustered/n10/clustered_n10_0435.tsp,cbbe9c18d153cf0a56c446d8bfe9b0417e61dc0e6dd62c316381729cb0f73945
train,clustered,10,436,202611110436,3,834.266,train/clustered/n10/clustered_n10_0436.tsp,c50f2330fd8759633faae9ac60f85ef48fafcbae6d1bfd2fc717a21a8894ecad
train,clustered,10,437,202611110437,3,601.667,train/clustered/n10/clustered_n10_0437.tsp,2de4c4f6f5a09c5974bf2212b7600fbd9afc7e6a8d009f03f4dcba5c008e0e50
train,clustered,10,438,202611110438,2,482.312,train/clustered/n10/clustered_n10_0438.tsp,8103d40511cb076485a36b7597ab6382c5ad38d39cb4f3c96dd96c5d63cc79b6
train,clustered,10,439,202611110439,3,791.777,train/clustered/n10/clustered_n10_0439.tsp,b1213439bbe975b01339656cb0a5438078a99ee2139fc922880afc71f7245bca
train,clustered,10,440,202611110440,3,421.503,train/clustered/n10/clustered_n10_0440.tsp,cb4f09cfbbbf284260ca5eb57cdf13c976c951313dfcaa429ec7df97d4b157e4
train,clustered,10,441,202611110441,3,391.958,train/clustered/n10/clustered_n10_0441.tsp,4b730efd21484c837d105a303ec446249f16f95f301b38e484787f5ffc1ea195
train,clustered,10,442,202611110442,2,544.733,train/clustered/n10/clustered_n10_0442.tsp,81ca32d38f5d3ae6ed9a0e4869e2be629f6e78f7b6c2df3e9a7244b6689c0a8f
train,clustered,10,443,202611110443,2,364.059,train/clustered/n10/clustered_n10_0443.tsp,2148eb5fd584d07f4e6e0e868807dc04da630d49c16c292ad54e453346f3a939
train,clustered,10,444,202611110444,3,645.07,train/clustered/n10/clustered_n10_0444.tsp,c662e8d5139315cfb24200cefa7ed125e475122efc190e66b228d85908db94c7
train,clustered,10,445,202611110445,3,575.848,train/clustered/n10/clustered_n10_0445.tsp,2ed0c81fe7f03c1be1e07fbb5ca80d1898e81ad9404a8680b29288f5d9689a0a
train,clustered,10,446,202611110446,3,531.226,train/clustered/n10/clustered_n10_0446.tsp,13a3253e232de147e9c07b07ee1edce425cb71a560d8fbcc7ef0bd912a7bb801
train,clustered,10,447,202611110447,3,804.915,train/clustered/n10/clustered_n10_0447.tsp,bc3567b517448e27bf349191d99a17b51fac59d5de2349958b75f9536865bee2
train,clustered,10,448,202611110448,2,523.231,train/clustered/n10/clustered_n10_0448.tsp,2acb86d800c0e262b0771fc5028a281e858115bb9ab348806e4b6e1f8dab00d7
train,clustered,10,449,202611110449,2,740.37,train/clustered/n10/clustered_n10_0449.tsp,694ef43b6627a11787f7511c0b5fe3cb1a277dded55569a4a36944d4ebd745e7
train,clustered,10,450,202611110450,3,353.436,train/clustered/n10/clustered_n10_0450.tsp,69b0622ee8180f1a4f22f2bdacd8e2ca612937ce32ff8f0d00f3254a0b2e8e61
train,clustered,10,451,202611110451,3,667.679,train/clustered/n10/clustered_n10_0451.tsp,e26ac5cece2fd9bce7955ba4ec6d837231d639d7c2fe7c6414092a33e6cf6a35
train,clustered,10,452,202611110452,3,706.203,train/clustered/n10/clustered_n10_0452.tsp,58369cb0534ee21a9a661c81a6a486e5eea26466506dee63545d63ef3a872570
train,clustered,10,453,202611110453,3,505.991,train/clustered/n10/clustered_n10_0453.tsp,f7a34830badc808672f5b265c89902c4b805fd44a13f1421eec8d30188ef0591
train,clustered,10,454,202611110454,2,580.581,train/clustered/n10/clustered_n10_0454.tsp,79db459c977c60a07d9d95666fbd1664342c8d84755e248b56e267d02a82f62a
train,clustered,10,455,202611110455,2,590.317,train/clustered/n10/clustered_n10_0455.tsp,f0e2da13ff5bd8f98dafbdf82766779041d25d46b2ccb500b7851091b6b68e5d
train,clustered,10,456,202611110456,3,637.66,train/clustered/n10/clustered_n10_0456.tsp,c9140bbd4ca3ef80ef442d90c0a7c1ec32505d6cbcbd5eaf7abb05b3711df4a0
train,clustered,10,457,202611110457,2,716.239,train/clustered/n10/clustered_n10_0457.tsp,96bcd466f5b5ee2df7565e6c710cc9c2421fe74262c1d4b5ef30abcdbdf85f46
train,clustered,10,458,202611110458,2,523.367,train/clustered/n10/clustered_n10_0458.tsp,4a56595b64b42dde23ee19a4776e42f3b63260b8d8bea6e1ea2b25ec2232bcee
train,clustered,10,459,202611110459,2,570.668,train/clustered/n10/clustered_n10_0459.tsp,84db6c9eedb6f0a6daf8825d27e53da14e2e8b2c5149d95190dff48270f37cd5
train,clustered,10,460,202611110460,2,641.148,train/clustered/n10/clustered_n10_0460.tsp,343ec4d5252dd1013ccfdb604871f06774b23d755cb44fa585b85b696a268c21
train,clustered,10,461,202611110461,3,575.994,train/clustered/n10/clustered_n10_0461.tsp,11f4ecf0ad093bb6e74e9dd893c0906a759960570f532eedf2c3067a989bac7b
train,clustered,10,462,202611110462,2,680.131,train/clustered/n10/clustered_n10_0462.tsp,7bff193488b0aaee6dd277f9f90169e5dc7ff23868d695d71db9f485022f1368
train,clustered,10,463,202611110463,3,748.51,train/clustered/n10/clustered_n10_0463.tsp,926a7206d0f5380ddde8c38a9bc204bc99f89ec207870696c2ad7b3ae16af481
train,clustered,10,464,202611110464,2,369.953,train/clustered/n10/clustered_n10_0464.tsp,7ed47937f3361a90f88e526da5e3fa6bfa3e91c306b7d1c3caa0cbbcd7151016
train,clustered,10,465,202611110465,3,542.083,train/clustered/n10/clustered_n10_0465.tsp,8dead21d69e561e581abe03bc407209c4abff4b6cfdcda74d23693db11394e00
train,clustered,10,466,202611110466,3,425.498,train/clustered/n10/clustered_n10_0466.tsp,4f154c9f74091029e0c11a9c086f3823c18cd8035424c229f3ea72574b98c3da
train,clustered,10,467,202611110467,3,510.463,train/clustered/n10/clustered_n10_0467.tsp,828126db7dafb1250e3a66a1453b488ab8608f6547e58bb9e2e974151e2532f3
train,clustered,10,468,202611110468,3,467.133,train/clustered/n10/clustered_n10_0468.tsp,4c92d2bede172bb6c43d7ddc8ea61fdb994a45b48106a7e9f3e413ba3312baad
train,clustered,10,469,202611110469,3,748.252,train/clustered/n10/clustered_n10_0469.tsp,adc10f65631e6be936191a28ded1cdd3b50dd33f462fa5b583ad93c3ae1d1ebe
train,clustered,10,470,202611110470,2,544.067,train/clustered/n10/clustered_n10_0470.tsp,69826b535dc4c8f9721823cd8e2b54ec3e3b1a71f9190a629b24ab7d89dcc523
train,clustered,10,471,202611110471,2,513.528,train/clustered/n10/clustered_n10_0471.tsp,b87f4ef9352acb2649e318bc310e3aad16a80ab1e6e4ba62dad4c747c0643127
train,clustered,10,472,202611110472,2,451.158,train/clustered/n10/clustered_n10_0472.tsp,8c80990fc1daaf353e5ce6aa8614649d9ff956fed341ef043f7d5f48a606f038
train,clustered,10,473,202611110473,2,475.825,train/clustered/n10/clustered_n10_0473.tsp,f92a3afcc9e3e277db3ce0ce2d4f4fe168d3882486b168ba6b22a9daa9f4a10c
train,clustered,10,474,202611110474,3,634.374,train/clustered/n10/clustered_n10_0474.tsp,041934a46844a593eec746ff40a35dd2b4c790d98ee5dab66b04ef746de270cd
train,clustered,10,475,202611110475,2,474.483,train/clustered/n10/clustered_n10_0475.tsp,b89d3284afde3ed40a4be74e69cffc5f9238348d3e795184b1d40f8a06a1b7c8
train,clustered,10,476,202611110476,2,671.728,train/clustered/n10/clustered_n10_0476.tsp,ab2a2414ed0fb6f7fa14aa1fb65b9108cbbb50f5626da26c5d158d458e70ce20
train,clustered,10,477,202611110477,2,486.317,train/clustered/n10/clustered_n10_0477.tsp,19439303da2ac003682f191324980859141188ce4b649a4d65650d9e052e437c
train,clustered,10,478,202611110478,2,512.109,train/clustered/n10/clustered_n10_0478.tsp,16d0bed8c2c11c02446d6cc155481eff9d6017b2d34bd2e0f0fbcd3efc52fb63
train,clustered,10,479,202611110479,2,311.066,train/clustered/n10/clustered_n10_0479.tsp,2d94557b0a0b5d6f11b772ec3b5f02184505498b245155c242891dec7497eff3
train,clustered,10,480,202611110480,2,434.8,train/clustered/n10/clustered_n10_0480.tsp,0fb2846455ae0d7d1cc4b682fa2db3f321ee4e366d4ed1a3d96ffc232f8b9059
train,clustered,10,481,202611110481,2,688.723,train/clustered/n10/clustered_n10_0481.tsp,7cee15bc43e48bd9cfc53183e2bafbf5bafdba08fb6206cba70813ce7a59897d
train,clustered,10,482,202611110482,3,704.9,train/clustered/n10/clustered_n10_0482.tsp,333f5c03394c4809db7fabf5dc7b45d5c974d0d83be74a6a16deed106cb606c9
train,clustered,10,483,202611110483,3,577.191,train/clustered/n10/clustered_n10_0483.tsp,9cf3c0e6c44d903e251207d851a6e5c0a7e8c009bf88f8909b7b3b2785e16559
train,clustered,10,484,202611110484,3,471.32,train/clustered/n10/clustered_n10_0484.tsp,2ef90da8f47ac1ae5a2efa4bd8ec71ca247b3c98ab4461051986c3fa550b2a8e
train,clustered,10,485,202611110485,2,441.206,train/clustered/n10/clustered_n10_0485.tsp,27ecb3d3313202ad83d26a708ea2bc5350f5291431461a575261b75ae97a7090
train,clustered,10,486,202611110486,2,396.778,train/clustered/n10/clustered_n10_0486.tsp,0fd7fb1a1f27b9880581b6bfd070ad29a3702f48f231c536e9c16d35cf5d038d
train,clustered,10,487,202611110487,2,575.665,train/clustered/n10/clustered_n10_0487.tsp,9c75cfbf9f832fb60aa9cd23475d67c46b7b43ab156b53331be8bc9c6642af6b
train,clustered,10,488,202611110488,3,489.418,train/clustered/n10/clustered_n10_0488.tsp,7980de08baa0fac0a03ed55f172e4eb9e1365340681172fb079b67b3b32facbf
train,clustered,10,489,202611110489,3,802.36,train/clustered/n10/clustered_n10_0489.tsp,996b34e8a62376772d96a0f7bb3db512a300113c0f429614592f153ecca2188c
train,clustered,10,490,202611110490,2,697.61,train/clustered/n10/clustered_n10_0490.tsp,07d210f065e8ce029d08e93ecd6e9a3316475b7c14debe028bace6325d33bd99
train,clustered,10,491,202611110491,2,728.327,train/clustered/n10/clustered_n10_0491.tsp,dd91d2eec049fc8e39268296d8c622bef84c937f2ede2d067f517aecb6542186
train,clustered,10,492,202611110492,2,472.493,train/clustered/n10/clustered_n10_0492.tsp,ddf774154127ad5739172d27d259dcdaae8a7c44a99fef500785760260a53a00
train,clustered,10,493,202611110493,2,666.375,train/clustered/n10/clustered_n10_0493.tsp,767c42836004dc93af415faf89fc6c33be19e888bbc6af61b95a516ae7b15f49
train,clustered,10,494,202611110494,3,745.851,train/clustered/n10/clustered_n10_0494.tsp,d4a7e1bdffac890c49f5f5e898505ea4352c1e3d6a8b8ba129c5ceb9cb8e008c
train,clustered,10,495,202611110495,2,734.22,train/clustered/n10/clustered_n10_0495.tsp,014a8e45b49b979cd19a726c165aa4ba69978913500b9744352022cf488894c2
train,clustered,10,496,202611110496,2,512.705,train/clustered/n10/clustered_n10_0496.tsp,5b18bd1a25534dfa9e9c361fa7601e087ee427f1a990ec2432c9844a14447706
train,clustered,10,497,202611110497,2,507.724,train/clustered/n10/clustered_n10_0497.tsp,d1a2e98361a7408d006dc1d4a56db07e774b195266282c39fcb7d935cdca4488
train,clustered,10,498,202611110498,2,519.786,train/clustered/n10/clustered_n10_0498.tsp,67eb5e0f7b979ed87ca733802246b2d8b9f3cc7313c7cbcae604c42342ef41fa
train,clustered,10,499,202611110499,2,413.82,train/clustered/n10/clustered_n10_0499.tsp,ef6c30f268f581a5855b22d908f7037913a3ace14fcfa303c732a94a458f4185
train,clustered,20,0,202611210000,3,831.354,train/clustered/n20/clustered_n20_0000.tsp,1e5785e7e0b1a55b3c5c0012c61c4331e0ebe0d800b7b8dbc7444c55c68cf819
train,clustered,20,1,202611210001,4,574.205,train/clustered/n20/clustered_n20_0001.tsp,20fd0b62944a9da50befa8d00bedd8a46a504a059ef75027dbfac54e144c1f50
train,clustered,20,2,202611210002,2,605.597,train/clustered/n20/clustered_n20_0002.tsp,dee79ed2966cff5f14f0add127fb4aaf8a630a85d1dd605714ed128b1751c99d
train,clustered,20,3,202611210003,3,711.421,train/clustered/n20/clustered_n20_0003.tsp,58a6c07ddc5f062440e29971ac747b21a91469d5f5fe7cf26b96e74ddceae6f3
train,clustered,20,4,202611210004,4,421.39,train/clustered/n20/clustered_n20_0004.tsp,407716ec5df8a06fa3fec03703fa5e6f39a36a2caed1c2115e5202c836442b4c
train,clustered,20,5,202611210005,2,796.747,train/clustered/n20/clustered_n20_0005.tsp,6f17081ba43880a626cd6a676b5e810e6d00efb2ce0618ac8d105e9769d84af6
train,clustered,20,6,202611210006,4,350.871,train/clustered/n20/clustered_n20_0006.tsp,f7635280bc03a8c5537400517d10c212d211d30f345362d9135d1bc6c4e745ab
train,clustered,20,7,202611210007,4,489.321,train/clustered/n20/clustered_n20_0007.tsp,50881c5483a07bb503c0486ecea72c7443f1414e054ebbcc9cae7b1457642a92
train,clustered,20,8,202611210008,2,483.301,train/clustered/n20/clustered_n20_0008.tsp,03b1a7a920f35f6056ad355ed2592246b7444fabe3098b8125796b6d74916672
train,clustered,20,9,202611210009,3,597.744,train/clustered/n20/clustered_n20_0009.tsp,c845000d456e6c3e22460bc903c7d73fc15777d3b1aa8fdf0f5446dd4ecb89a5
train,clustered,20,10,202611210010,3,394.913,train/clustered/n20/clustered_n20_0010.tsp,7968ec3e5c137ae9daede845517383f58669119b833d51c0ae06d6e5e4ff2b8b
train,clustered,20,11,202611210011,2,533.399,train/clustered/n20/clustered_n20_0011.tsp,c8e6267b6e1786fb15c9e3ae7d6dde6ed4bee6ee56d778be2bb48bfb1943ccad
train,clustered,20,12,202611210012,2,599.671,train/clustered/n20/clustered_n20_0012.tsp,27a1fb67ee3ba8bd58032d4c0bcfbeb7ae9face055e9229075d05637e6b87691
train,clustered,20,13,202611210013,4,640.456,train/clustered/n20/clustered_n20_0013.tsp,2a03f3c422637b012bb92c6bba02838f2a8bd6cd88b2afa636e2ecab1c6dc085
train,clustered,20,14,202611210014,2,696.755,train/clustered/n20/clustered_n20_0014.tsp,a6c756090205deb07881d9de5e8934a25fa8f1852b33f9fa97011b5da8c8ec2d
train,clustered,20,15,202611210015,3,495.659,train/clustered/n20/clustered_n20_0015.tsp,c51a84483b50cf4e8750d90b3b8e77c8d6c76462e1d665321d30c8aa4420210a
train,clustered,20,16,202611210016,2,755.13,train/clustered/n20/clustered_n20_0016.tsp,61e93a5d4bbfa87cd6a955d3a53cfbd282359a9e25fd62180f9aa47fb3177e12
train,clustered,20,17,202611210017,4,442.761,train/clustered/n20/clustered_n20_0017.tsp,cd30e3d11c462587107318a7edbfbbb3f435f680e162b565555ceb15362117e1
train,clustered,20,18,202611210018,2,665.016,train/clustered/n20/clustered_n20_0018.tsp,260f77f677009dd3ee3ce2e567ecb818f5286328fefe506cc994cb67f3da5fb0
train,clustered,20,19,202611210019,2,318.676,train/clustered/n20/clustered_n20_0019.tsp,43059a19b23ea722d0e5283534a91246bff5c55f83355c54f9ead7e05045a52c
train,clustered,20,20,202611210020,4,332.269,train/clustered/n20/clustered_n20_0020.tsp,45edea5ef2d19d2e860c0b7b040d1bc4aad92ef8cbbc9a2d11a10800c6a82a50
train,clustered,20,21,202611210021,4,576.286,train/clustered/n20/clustered_n20_0021.tsp,9ab5775c1f5ef1c811b353bad6107f960f577053efc5ba6bed594077c6a2d8cb
train,clustered,20,22,202611210022,3,477.175,train/clustered/n20/clustered_n20_0022.tsp,e54bbfd7ea9309b82c1aeabe45c7c5fe658d6fa965c9749b5dd0ced4feb6aca1
train,clustered,20,23,202611210023,3,813.58,train/clustered/n20/clustered_n20_0023.tsp,c9c18f0bb0b2c749ad0d01df5b79820c64168ddc7e9027947f18a0c8fb4e0973
train,clustered,20,24,202611210024,4,313.106,train/clustered/n20/clustered_n20_0024.tsp,bd451cc5c1bde3dff79f2fbce11104f9a93e0772bbfb1d8a855f0b1df56b08fa
train,clustered,20,25,202611210025,3,692.425,train/clustered/n20/clustered_n20_0025.tsp,9865eb9f4b6977ea2d4128ee4961003658b491201f45dd9955ae655d2dec6de8
train,clustered,20,26,202611210026,2,568.08,train/clustered/n20/clustered_n20_0026.tsp,457c322ed1dd386622d13e4044e600f89d0295c870b36af091e722bec2daf66b
train,clustered,20,27,202611210027,2,785.234,train/clustered/n20/clustered_n20_0027.tsp,5819dc5e27df9f118207f710c789349a4a1b836c3e2a19c7a7626567472bccfe
train,clustered,20,28,202611210028,2,529.776,train/clustered/n20/clustered_n20_0028.tsp,3701a4c15733616ed73e8f52b2d546a62a3db3e0e706645ce8e84478991fbfaa
train,clustered,20,29,202611210029,3,325.335,train/clustered/n20/clustered_n20_0029.tsp,755e77cad2f7cf487070382ad83916e6ef77b316cd329221cda45f5dfc0b87c5
train,clustered,20,30,202611210030,2,532.219,train/clustered/n20/clustered_n20_0030.tsp,1626b0fcac7375cb017c3296561b4ae4a1405c0320fb5beb6a8a3089970b5e1c
train,clustered,20,31,202611210031,4,802.14,train/clustered/n20/clustered_n20_0031.tsp,d6e04db29ca5153fd24a53809f77964b77fbfdaad6f2dc115f1cdf98fde67773
train,clustered,20,32,202611210032,2,762.951,train/clustered/n20/clustered_n20_0032.tsp,16643d8c2dc58c0bccffbd3d640692dda84c1e70eabd06339f891c979d1ddb66
train,clustered,20,33,202611210033,2,304.986,train/clustered/n20/clustered_n20_0033.tsp,ce0524e03f255efd9accb669dcdee986ebb21928949a98a767344bae761ec5c1
train,clustered,20,34,202611210034,3,300.746,train/clustered/n20/clustered_n20_0034.tsp,b59023ea9546b456011007ead98d6cc90810240f9b25c31a1452db4fcb4c968f
train,clustered,20,35,202611210035,2,445.868,train/clustered/n20/clustered_n20_0035.tsp,f5a78e6e2d166084c0739016194bf5fc0b0445dc334d3cdb01cae6412ecde610
train,clustered,20,36,202611210036,3,543.359,train/clustered/n20/clustered_n20_0036.tsp,0f7f81ca0de4f3b85b2e05f28c1ff9f36e0989bdb4c3165742905053d9980ce0
train,clustered,20,37,202611210037,2,458.35,train/clustered/n20/clustered_n20_0037.tsp,523766dd65aa33740e98bd4f8105918409f8b58d036b72b57ddd9101a79b7dea
train,clustered,20,38,202611210038,4,580.53,train/clustered/n20/clustered_n20_0038.tsp,e855c0304c5dc11ca1aa37b72dd3fcba473e239eb72826f4cfcdc756d9217914
train,clustered,20,39,202611210039,2,575.982,train/clustered/n20/clustered_n20_0039.tsp,9b7e2eaac8d130ae5e9a6b54f0baa044f93f8e7426773b8ee9854de4b0506120
train,clustered,20,40,202611210040,2,300.156,train/clustered/n20/clustered_n20_0040.tsp,c30bce74c9db9d88a1ae4046702347a6274c3b424f742b69ccb9fcb74bec7e8e
train,clustered,20,41,202611210041,4,771.337,train/clustered/n20/clustered_n20_0041.tsp,34a715c930815c7566f6d437dd1dd0b9eb2e1e14a4c1b0a6bee450e8b52f73aa
train,clustered,20,42,202611210042,3,557.578,train/clustered/n20/clustered_n20_0042.tsp,aa57a2d065b7bf7300bddcfecaa3efcfb5fa3d25347d5a6079e9e057cf93447f
train,clustered,20,43,202611210043,2,658.516,train/clustered/n20/clustered_n20_0043.tsp,061384941ba472ea077af9513e34f5e204c8479504f8b25ac1b31d0165674b39
train,clustered,20,44,202611210044,3,822.527,train/clustered/n20/clustered_n20_0044.tsp,cabda6014feeabb4aa43780c51d0b76645176a55c0c319046981d0d211c0179c
train,clustered,20,45,202611210045,2,549.386,train/clustered/n20/clustered_n20_0045.tsp,52955e8f24b3c313255731906e6017bab2aa05b493b392708f11dda7cdbb4064
train,clustered,20,46,202611210046,3,622.715,train/clustered/n20/clustered_n20_0046.tsp,33d8ebb68d9849e9ba427333b3f126ca0807e1fb00f7cabc19927c8962005b40
train,clustered,20,47,202611210047,2,704.028,train/clustered/n20/clustered_n20_0047.tsp,130dec58e14443a550d1d03ea64a0443abbe26f11d9eb0ddd19f13c0cad1a18b
train,clustered,20,48,202611210048,3,509.803,train/clustered/n20/clustered_n20_0048.tsp,e8dcf30565415218953c8d9641cc7d1e6ac2842b2c2bf1d51ffb41e88f0c88b7
train,clustered,20,49,202611210049,4,531.767,train/clustered/n20/clustered_n20_0049.tsp,5982fc6921e858167c78c891986401e7d1dadd4684da4814cc0141f27f185935
train,clustered,20,50,202611210050,2,848.067,train/clustered/n20/clustered_n20_0050.tsp,33f66cefe2f5b2083884ab7b343cfb536fe45d18b79f40756bacd50d9965134a
train,clustered,20,51,202611210051,3,312.945,train/clustered/n20/clustered_n20_0051.tsp,ad58b85979cd239caa10153c5b8f0f5eaaf3c1cfb6415085cd82f90ca288e249
train,clustered,20,52,202611210052,4,508.914,train/clustered/n20/clustered_n20_0052.tsp,772a5c791f6dbaacd03622b8ec0cc091d960b889835d2c042d785a07cfd5807f
train,clustered,20,53,202611210053,2,448.796,train/clustered/n20/clustered_n20_0053.tsp,07ce18249fca48a9d332bd1b704a8a8bec5364898c684a47ef11aa8f4b3e5527
train,clustered,20,54,202611210054,2,841.527,train/clustered/n20/clustered_n20_0054.tsp,27890a183769e15936ae270103561c48e89bdfdd0e103e3317572dc512eb14cc
train,clustered,20,55,202611210055,2,689.339,train/clustered/n20/clustered_n20_0055.tsp,c442db69fded0e3f2f555e4dd00e9d17b9dd6d7bb36c35a055d1ddd9c5bd6db7
train,clustered,20,56,202611210056,2,495.445,train/clustered/n20/clustered_n20_0056.tsp,d3a8376282612b62a60249a7f770a7cd573e5b4913c5da0d1bbb651b7d1a8bbe
train,clustered,20,57,202611210057,3,710.578,train/clustered/n20/clustered_n20_0057.tsp,e67d7ed0864d3fc6f8fea27b468d6e9e5904896352e48d9c85cd2b31fc1bafb1
train,clustered,20,58,202611210058,3,460.366,train/clustered/n20/clustered_n20_0058.tsp,c7a59d5585ca0feb390c276e106cef241c4966decbab71881698ab7fc9dd8f80
train,clustered,20,59,202611210059,3,833.628,train/clustered/n20/clustered_n20_0059.tsp,f35c1392d28ab1e91e4d6f16a0d50a1a6fb8698794ea5d4f977f2425f748ccb7
train,clustered,20,60,202611210060,4,612.827,train/clustered/n20/clustered_n20_0060.tsp,007e453ea6adde72e76a600590590a306ea5f812bf6da0587ab4df48390b6390
train,clustered,20,61,202611210061,4,672.507,train/clustered/n20/clustered_n20_0061.tsp,65588931ed1fa9dcd854960ca02494daf6d64556768a30c1f56a8b4affa64f98
train,clustered,20,62,202611210062,4,660.99,train/clustered/n20/clustered_n20_0062.tsp,3d0d783f46a82675eb56d0787330b773b1a677dd22bb2b953f93a8df9637edc6
train,clustered,20,63,202611210063,4,848.24,train/clustered/n20/clustered_n20_0063.tsp,cb85aad596e09f6d1f8fb8d97a3b94294a3bfe3b61db877940c8fb24bbc0c071
train,clustered,20,64,202611210064,4,448.963,train/clustered/n20/clustered_n20_0064.tsp,13af9cf845b7c9339198268751524b59a9040a823bc371935c73cacfd080a99f
train,clustered,20,65,202611210065,4,690.472,train/clustered/n20/clustered_n20_0065.tsp,6aa0d463e9f49e6278d22a20975d5a05db5e7655dd9a8d4707b95975782e7671
train,clustered,20,66,202611210066,3,731.333,train/clustered/n20/clustered_n20_0066.tsp,1a0508602758d43b6080a95dead88151258f7b465b6a3813121d6695343d10e7
train,clustered,20,67,202611210067,3,677.373,train/clustered/n20/clustered_n20_0067.tsp,c20c2bca6c4c7322a8c35aa88acf29aa04688168875f0b85eda2f7a5bdd58d2d
train,clustered,20,68,202611210068,4,605.641,train/clustered/n20/clustered_n20_0068.tsp,9dfb1af9f053675a02bcaa5300b0c6992f4a045359624dd410e396ee68e58bb9
train,clustered,20,69,202611210069,2,631.743,train/clustered/n20/clustered_n20_0069.tsp,0c4b27a6d89b6634c9be56bce8db8f1c6ed20c297a38eebaacc3b29a615a976a
train,clustered,20,70,202611210070,2,406.213,train/clustered/n20/clustered_n20_0070.tsp,76f7e197848a31f10cb4383843ae9ec6083d9627911792dcf10da085dad3b42b
train,clustered,20,71,202611210071,4,320.782,train/clustered/n20/clustered_n20_0071.tsp,9981fb29a4e8c5a4eaf0bfde16c18012eee9a47b8b7316214b81dd5b4fa143da
train,clustered,20,72,202611210072,3,425.501,train/clustered/n20/clustered_n20_0072.tsp,924d83f746fe4df2650016dfb19e0703c92830d590c8921a6af3547fa0c1f70c
train,clustered,20,73,202611210073,2,383.894,train/clustered/n20/clustered_n20_0073.tsp,83f75aa3557ffc6b1dd64b4b76952c1cb3a933957f14d1ee4d9250954b03f01f
train,clustered,20,74,202611210074,4,541.845,train/clustered/n20/clustered_n20_0074.tsp,35d95f033539d3812d0c814a022582a38974c53332ea1e204a8a03efaaded28e
train,clustered,20,75,202611210075,2,843.766,train/clustered/n20/clustered_n20_0075.tsp,841d5aa58cd8b26dc172af60a28f39a4789b4cc6698b822ece3120eca9f292a1
train,clustered,20,76,202611210076,2,604.23,train/clustered/n20/clustered_n20_0076.tsp,bd64a496ea96b1346d0cdc0f8c4c9b2f176a6d655d3406192aa6be32b6adccd0
train,clustered,20,77,202611210077,3,798.213,train/clustered/n20/clustered_n20_0077.tsp,7f3119f6e0144f7bc24fd737892ad63a64886d19e8b400d1edae52fdbb679593
train,clustered,20,78,202611210078,3,608.047,train/clustered/n20/clustered_n20_0078.tsp,2559f052ef80c414890330700acd3c9edb3b6529513afc852bbddf7440b909cc
train,clustered,20,79,202611210079,4,607.66,train/clustered/n20/clustered_n20_0079.tsp,5d41d95236f0d4751c7384c393e37d4bacfa3ce5df46f5cef1a4e4ca5dba2c87
train,clustered,20,80,202611210080,3,675.276,train/clustered/n20/clustered_n20_0080.tsp,1e926972c87ebe24be98265bbb91248a15a01fa99aca7a16becf4056171857f4
train,clustered,20,81,202611210081,4,771.04,train/clustered/n20/clustered_n20_0081.tsp,4cc4bb77e9a8ebb4af081959ca4f7d3cc60e39bb340cd91d3f1a3ffa78871d70
train,clustered,20,82,202611210082,3,621.07,train/clustered/n20/clustered_n20_0082.tsp,2c16a4a38f294aaf7274beae0ab8aa3d94a6851eb7daee94d1c727f562304ca2
train,clustered,20,83,202611210083,4,472.753,train/clustered/n20/clustered_n20_0083.tsp,3e297ff918f628ee23f364e8d0d8ad2c2ec23c6d346a8d28c77d36e51501106c
train,clustered,20,84,202611210084,2,659.39,train/clustered/n20/clustered_n20_0084.tsp,8f2347107ecfaf2c0ddc1c0d9c83669f4ab9b0a86aaaa53af9de1492b1f9fa79
train,clustered,20,85,202611210085,3,702.166,train/clustered/n20/clustered_n20_0085.tsp,2c3d0703709fdf0b4ffab084bd49fd023ca999ab57a06226b217ef79b1e6e878
train,clustered,20,86,202611210086,3,551.911,train/clustered/n20/clustered_n20_0086.tsp,c2447d50b5b6709c7967f2584227cbeaba587f5f7c86064580f3bb8f81f1a9a8
train,clustered,20,87,202611210087,3,550.23,train/clustered/n20/clustered_n20_0087.tsp,21659f81d344e4905992f7ba1b881b4b98a7e75757e52f61d42c1975c9505759
train,clustered,20,88,202611210088,2,752.947,train/clustered/n20/clustered_n20_0088.tsp,5fabfbfc935dc6c6e29b913352bc94c3b78012e4def1197f29a079589c6409fc
train,clustered,20,89,202611210089,4,805.628,train/clustered/n20/clustered_n20_0089.tsp,e7ac9e5cefcbe42d715699b5ef66131732046520d86a6f2d73f24c3b47e716b9
train,clustered,20,90,202611210090,2,413.268,train/clustered/n20/clustered_n20_0090.tsp,34cd8144cd2425fdbc82d4e85fa11e9d3ffbee13104c0205b1c0e42b394d41ce
train,clustered,20,91,202611210091,2,422.793,train/clustered/n20/clustered_n20_0091.tsp,3c6db5597396928deb9eb8e1acf0ce648ea20acbb88750c567e923eed72d71c2
train,clustered,20,92,202611210092,2,508.318,train/clustered/n20/clustered_n20_0092.tsp,715db07af1d31556680750eddb51e7a366e0ee8b6341604de9bcfcfda51914aa
train,clustered,20,93,202611210093,3,738.267,train/clustered/n20/clustered_n20_0093.tsp,a507d4a905f2d6a5c6e270dcd6bff8d7149cdb7e43a647b82885b422331c1d3c
train,clustered,20,94,202611210094,2,346.244,train/clustered/n20/clustered_n20_0094.tsp,55535881aa8fb0aad22a48f523881b1dbccf025bd48effc2f58b4ae01b4bad8b
train,clustered,20,95,202611210095,4,445.552,train/clustered/n20/clustered_n20_0095.tsp,a025fe3203fe921936ebd6b5340bbab6c74a77b9401ac94a4197b4fa5b91ab75
train,clustered,20,96,202611210096,2,344.878,train/clustered/n20/clustered_n20_0096.tsp,a80571d692af94140733c843934d5530a76062327a35442ab79247aa95a05a01
train,clustered,20,97,202611210097,2,841.932,train/clustered/n20/clustered_n20_0097.tsp,faf43a55d76caeb1b0ec0b22860743e51b4ef216b340443ac34738aabf2c7298
train,clustered,20,98,202611210098,3,827.581,train/clustered/n20/clustered_n20_0098.tsp,3535dd7f4b87d997a3748051f291ffc1abd6cd751f69986ce522c39d9c017688
train,clustered,20,99,202611210099,4,461.163,train/clustered/n20/clustered_n20_0099.tsp,462ae9b40e7c614cb1a4a76a86250720585cded5c99995c024b3154f22e22bc8
train,clustered,20,100,202611210100,2,473.606,train/clustered/n20/clustered_n20_0100.tsp,ecba0c12b83f438a17be7098386fdc6d1eaeb24e8e5a44e11d39cf9ae65fc770
train,clustered,20,101,202611210101,4,720.972,train/clustered/n20/clustered_n20_0101.tsp,2ad3ecb38a3386da56b482144435710087a6f8355973c3aa51bb515e32766621
train,clustered,20,102,202611210102,3,817.705,train/clustered/n20/clustered_n20_0102.tsp,c3a0fe4ed1f54aa3e4421eae7ba86956d4eea9826caa19c0da2a8f5d92dad345
train,clustered,20,103,202611210103,2,526.252,train/clustered/n20/clustered_n20_0103.tsp,e1d367ea3151d442690a139c6a639103760f662a993ec2f2c82a50a88002311d
train,clustered,20,104,202611210104,4,841.004,train/clustered/n20/clustered_n20_0104.tsp,7f672687ab8812050125bbb59a7a13ec01159e73ae51fc8b3f3bcff0a2b66915
train,clustered,20,105,202611210105,2,817.639,train/clustered/n20/clustered_n20_0105.tsp,7bd47b97c963e9d4735850efb79ea0ec278b30175fd24e496f46a63cb8c59981
train,clustered,20,106,202611210106,3,307.012,train/clustered/n20/clustered_n20_0106.tsp,bdc258083a8075711a2598d595ad2751de08cfcec7175741b1a14ceb5fd2afcc
train,clustered,20,107,202611210107,2,428.02,train/clustered/n20/clustered_n20_0107.tsp,e1f575d656c7469bcd2253d464df9f7ac24d0afd92a27d2c105850cb21c8d17f
train,clustered,20,108,202611210108,4,356.637,train/clustered/n20/clustered_n20_0108.tsp,92963c7fe30d60c2f2fe3ab97bdd3dda88bb72384b91879f6adc83fdba0ac14f
train,clustered,20,109,202611210109,2,418.339,train/clustered/n20/clustered_n20_0109.tsp,c75e733544f3ffe0b508bf77f79900da5c053caf77a1397c80684d8b3396941f
train,clustered,20,110,202611210110,4,421.216,train/clustered/n20/clustered_n20_0110.tsp,3ea398010f6cfed7244d380e6b0e17cf341316964ef16be3a4b8f204f0bbbfd4
train,clustered,20,111,202611210111,4,307.374,train/clustered/n20/clustered_n20_0111.tsp,e101d08486534d006489271bda3e895a43be404d168fdabee324923d79fdca33
train,clustered,20,112,202611210112,4,343.382,train/clustered/n20/clustered_n20_0112.tsp,035b146ddb432a859ed460007448886f959887d7d51d251be5009cec2ad8203b
train,clustered,20,113,202611210113,4,322.205,train/clustered/n20/clustered_n20_0113.tsp,10ed103a1d8a01d967b41d68279ce703d1d0184d50bba1cfbbc375a545332815
train,clustered,20,114,202611210114,4,406.302,train/clustered/n20/clustered_n20_0114.tsp,a8406c14df140d5e6558b0f620ec880256e2f6a3fc7c559195e321b3f0bdf96c
train,clustered,20,115,202611210115,2,408.018,train/clustered/n20/clustered_n20_0115.tsp,942b97fe8b09fc60420e170d9e7a6414d26f1d565094968c82defbe16182da92
train,clustered,20,116,202611210116,4,794.22,train/clustered/n20/clustered_n20_0116.tsp,22efe4af114b1df5bcbf8306a307d1e81a23eea9fbc94d1a7dfac3cba0599748
train,clustered,20,117,202611210117,3,611.443,train/clustered/n20/clustered_n20_0117.tsp,0dc73ed4cadb70624d2bb14a17a4b0ebe928a60bb223df726202bbecb6472fc1
train,clustered,20,118,202611210118,3,679.946,train/clustered/n20/clustered_n20_0118.tsp,a848cfec931a5384dbba09470d765e0beb5bcd611256cdd52b444a9770d1d89f
train,clustered,20,119,202611210119,4,562.91,train/clustered/n20/clustered_n20_0119.tsp,c56fea646a6cc8715116ebef49a436852af076490986fd42d99db66c60370292
train,clustered,20,120,202611210120,3,415.023,train/clustered/n20/clustered_n20_0120.tsp,28beccb4644136d87daf80f625d5f9cd14c2453c17514a3c0ffd0b283530825f
train,clustered,20,121,202611210121,4,493.37,train/clustered/n20/clustered_n20_0121.tsp,7d6e95f96d6638e7eea986282bc047edf1b71dc4e200014dc558ea30e2d7e071
train,clustered,20,122,202611210122,3,339.588,train/clustered/n20/clustered_n20_0122.tsp,dcf6ba0fb9b1d31e513d1767ae19e06cc4ef82c226e5dac6e05a09d58accd44d
train,clustered,20,123,202611210123,2,353.741,train/clustered/n20/clustered_n20_0123.tsp,2456a782a162eea6eae4201a3d6c465a51af1715526dda997545de9a09359e64
train,clustered,20,124,202611210124,3,650.559,train/clustered/n20/clustered_n20_0124.tsp,a42f9c3566b2464207a870253403cfdf645c754b5cdad304e6978e91ed272ebb
train,clustered,20,125,202611210125,3,608.8,train/clustered/n20/clustered_n20_0125.tsp,3044f15af3b7b48d4e4eb76cd9e17f48533661a0a072c35515ad816889983034
train,clustered,20,126,202611210126,2,390.346,train/clustered/n20/clustered_n20_0126.tsp,bc684b142db434d6aafa61186e5061624c8b3054de0bc7733b4a13f44689d698
train,clustered,20,127,202611210127,3,672.39,train/clustered/n20/clustered_n20_0127.tsp,59ecdf4095c6f5ac46e1f518ebc6a057f2cf6c18853c53c5d4b3ba2aea7d395d
train,clustered,20,128,202611210128,3,531.411,train/clustered/n20/clustered_n20_0128.tsp,69d340515e735d35bf21868ce40b15dda9bb66a5f961e9cb456338b364416d78
train,clustered,20,129,202611210129,4,610.171,train/clustered/n20/clustered_n20_0129.tsp,b5bff12d01696b5cf29b950d00917dd408ca6891d0ab2254a3e21a58731d551f
train,clustered,20,130,202611210130,3,494.531,train/clustered/n20/clustered_n20_0130.tsp,b4388ce672fba394a48e13047d0258e15c52ad7c733f738464e881c50fee9262
train,clustered,20,131,202611210131,2,745.806,train/clustered/n20/clustered_n20_0131.tsp,a8512409a12cb75c073d6209f9a91b6fd33d3012cd9021583d13cf301160a013
train,clustered,20,132,202611210132,3,557.1,train/clustered/n20/clustered_n20_0132.tsp,d9208d31c53d37cbd31315e598f32f134735fbe7c14bfb507c09f4ad89bcc0a6
train,clustered,20,133,202611210133,3,755.211,train/clustered/n20/clustered_n20_0133.tsp,622092171e40b8dad895dec0d9935e3e7b92ffc9f856190e6057b97db56b43ee
train,clustered,20,134,202611210134,4,349.68,train/clustered/n20/clustered_n20_0134.tsp,ea2e1f856f72a9b968989e4dbf178d909641271bef308078fe0ee04689004f7a
train,clustered,20,135,202611210135,3,630.134,train/clustered/n20/clustered_n20_0135.tsp,98061489f3425da73f479b7c1b2e7d492c15d98e4095c0479193b378261b0ad0
train,clustered,20,136,202611210136,4,801.783,train/clustered/n20/clustered_n20_0136.tsp,8832bfb646ac0fe5a0ddb68864d13f02cbc4e450ee4c2c94c9d968ce384cae79
train,clustered,20,137,202611210137,3,573.644,train/clustered/n20/clustered_n20_0137.tsp,0c99250ec872cd316a593c0856d9ea1f93ab818692cbd3cdb547da328ed6659c
train,clustered,20,138,202611210138,2,617.814,train/clustered/n20/clustered_n20_0138.tsp,39e80c0e4c474e829fae7efd9ad8634ea71e263e10109ce553581c8644780f47
train,clustered,20,139,202611210139,4,778.838,train/clustered/n20/clustered_n20_0139.tsp,c48b28bce0d58adaa5db184b3b5484c003072f9bbc53538bf2655e7a43c61d04
train,clustered,20,140,202611210140,2,548.141,train/clustered/n20/clustered_n20_0140.tsp,2d74b518029d60f7739106d5c9ebc5a182f461f1453bb6970f4aaa2b525662a6
train,clustered,20,141,202611210141,3,614.338,train/clustered/n20/clustered_n20_0141.tsp,4009047797c1431136face117de590ebdb40181e45a1b65c0b5b87049c26e5ba
train,clustered,20,142,202611210142,3,457.168,train/clustered/n20/clustered_n20_0142.tsp,d23b845cbc7bffaf1e869b01605f6d2310f674927e4ca1ee4fae12ec4fba3b92
train,clustered,20,143,202611210143,2,625.853,train/clustered/n20/clustered_n20_0143.tsp,66e15cd38b84fc7ca47eb0fd79a75b0755b3ad0ac410c6a368031427fdc35c4a
train,clustered,20,144,202611210144,3,818.676,train/clustered/n20/clustered_n20_0144.tsp,8b450b62ea9ca3b551197a14b3d4105259374f4c12037c026d660fc2199cb6ba
train,clustered,20,145,202611210145,2,397.016,train/clustered/n20/clustered_n20_0145.tsp,78c6aa8f65b5cbf7b9b17698f7fc9482971a0107c1efa5bc3429894ae699fc6e
train,clustered,20,146,202611210146,2,348.069,train/clustered/n20/clustered_n20_0146.tsp,59864ac252d48c75449ae6fa5b9d85a3a184ead55bf69347ae182f8542f3afd1
train,clustered,20,147,202611210147,4,817.907,train/clustered/n20/clustered_n20_0147.tsp,74236fabecd1b6f860913458509d63cd971f11b72c7cdfd02f642bade371997d
train,clustered,20,148,202611210148,4,605.972,train/clustered/n20/clustered_n20_0148.tsp,c8c11725546289c72185af3b72eb5ab9d6b0146455e73c3f9abdc643d587190f
train,clustered,20,149,202611210149,2,848.576,train/clustered/n20/clustered_n20_0149.tsp,b52367707067fec47c6c7be3d37a99e29aad256d5d844dc27ad816431462c420
train,clustered,20,150,202611210150,4,689.891,train/clustered/n20/clustered_n20_0150.tsp,0068eaf20707f9c8a03440a801de58ef6a734c5fb06599af637e5569b575ef76
train,clustered,20,151,202611210151,3,791.385,train/clustered/n20/clustered_n20_0151.tsp,af98046e83afb161133f3a97b5930401e66b7a2f7cfdd384bcd4275d5601b073
train,clustered,20,152,202611210152,2,846.99,train/clustered/n20/clustered_n20_0152.tsp,a3e9402a7e706a0246c866a1fc955ef0c087c5434981171fb8183abf493ad940
train,clustered,20,153,202611210153,2,446.859,train/clustered/n20/clustered_n20_0153.tsp,38c24fdbeae7890f0d23488b89adaf6e488b635e7766da429f9d6848cb7ab89c
train,clustered,20,154,202611210154,2,657.213,train/clustered/n20/clustered_n20_0154.tsp,9831fa16369ef77d7dd535a2391a56e0ddf4de25d7af85203b15f68fe40044ee
train,clustered,20,155,202611210155,3,590.732,train/clustered/n20/clustered_n20_0155.tsp,44dfdfce00153ad7b1ccb09785db3eac8da7f2f9c10ea76f466e2c929b9dca74
train,clustered,20,156,202611210156,3,330.567,train/clustered/n20/clustered_n20_0156.tsp,923fee99d35e39734724461bed78b6c26b2f33d34357dae51d42bb3a0f226f75
train,clustered,20,157,202611210157,2,389.87,train/clustered/n20/clustered_n20_0157.tsp,3811d27aeacb3311b98c349ae820958bd39b87ab5f653461d8ddde7ec2b8a7a0
train,clustered,20,158,202611210158,2,633.681,train/clustered/n20/clustered_n20_0158.tsp,0ee5247e3e5b553d2c3115ff01921c17a1c9cbb7f7cb49b373fc2ed76b409d37
train,clustered,20,159,202611210159,3,648.294,train/clustered/n20/clustered_n20_0159.tsp,604094fbd6bb088c7eb2250d7500966e5444f47ef6fa274129aa4d595407b422
train,clustered,20,160,202611210160,4,390.757,train/clustered/n20/clustered_n20_0160.tsp,0e50c8e3a1b6f6d70abc14531eb262ebd996037fede3a0b452cd62effb69481a
train,clustered,20,161,202611210161,4,344.707,train/clustered/n20/clustered_n20_0161.tsp,72a2de6e867e6eea0034876d89d824ab143414d9aeee5d779d5dd841883611dd
train,clustered,20,162,202611210162,3,552.768,train/clustered/n20/clustered_n20_0162.tsp,40b074bdb7aec18367f43e8837caf70bb4dedcfe1ffc2db4657c17e582cd5ae8
train,clustered,20,163,202611210163,3,526.062,train/clustered/n20/clustered_n20_0163.tsp,d492a03a1aea85ee82091db3e90bd19768caf86a05efa9a8405e98511e8bb1ef
train,clustered,20,164,202611210164,4,846.769,train/clustered/n20/clustered_n20_0164.tsp,66d12343635b8e4ba8d1c428cd56b5ef645bdd0e1efc01bf4d9329106315d9d7
train,clustered,20,165,202611210165,2,459.201,train/clustered/n20/clustered_n20_0165.tsp,37a2b66d0ba97661073b65273bb31cc3d55f705228d5ad1ca35dcec288923b06
train,clustered,20,166,202611210166,4,698.09,train/clustered/n20/clustered_n20_0166.tsp,b1baddebc6bfbf45af1bd93430e30373a488402219fa6c4c4db0381efd33432b
train,clustered,20,167,202611210167,2,462.927,train/clustered/n20/clustered_n20_0167.tsp,db16aa7a30b024b07f364c89bc996b245cdd71706cbd6a801a3357005e0518a9
train,clustered,20,168,202611210168,3,613.269,train/clustered/n20/clustered_n20_0168.tsp,70d23df8f3f202ca48f18132d39fcc77f157663703e12830c22983aad70b09ee
train,clustered,20,169,202611210169,2,827.377,train/clustered/n20/clustered_n20_0169.tsp,7cbe4a41a7944c6f8c978fca8a2de70c3a1b7fef988f60bdc7db5c27ba85e975
train,clustered,20,170,202611210170,2,361.135,train/clustered/n20/clustered_n20_0170.tsp,7321452280c4632acc6a5e71357a2dff8fbd1fbcd3f650528b552d3c1c899d20
train,clustered,20,171,202611210171,3,836.886,train/clustered/n20/clustered_n20_0171.tsp,3e6ddc44d22bbb2692338eac519620111cf3adf42730f279d95018100ee7e62e
train,clustered,20,172,202611210172,3,395.175,train/clustered/n20/clustered_n20_0172.tsp,178b85c22baaa87247a8d229bb93b785c16b349392c72dcac86fdb82fbea2811
train,clustered,20,173,202611210173,3,625.837,train/clustered/n20/clustered_n20_0173.tsp,035c88f291be8e1a6948b92c7241eb0df886c85da1fe2429c1eb16ed7ba35175
train,clustered,20,174,202611210174,3,430.243,train/clustered/n20/clustered_n20_0174.tsp,2cdcb0d894f6041695067e6b4849dd441f15b4e2e3c43cb682d7603032f25099
train,clustered,20,175,202611210175,2,509.129,train/clustered/n20/clustered_n20_0175.tsp,a0d12282eea8658e96f98ae4925969240ae19877225d587aac3ea3865211126e
train,clustered,20,176,202611210176,2,431.36,train/clustered/n20/clustered_n20_0176.tsp,a300c55b6fde0998a4bb7b528d86b8571a5a081927872677aba1e24591e55528
train,clustered,20,177,202611210177,4,501.029,train/clustered/n20/clustered_n20_0177.tsp,5b3aa76e3c053eef836a1ab545b344036f0dd462fc5a64f9c0c73411ee54c669
train,clustered,20,178,202611210178,4,401.733,train/clustered/n20/clustered_n20_0178.tsp,655cd4ef0290c87fe0df6f972eb1b7fae934907e71ae8d39a862b4eab560514e
train,clustered,20,179,202611210179,2,748.033,train/clustered/n20/clustered_n20_0179.tsp,b9e9a0d5cb5a872db3fdc60c2cdc53b92625b524b8cfc7fafb443a71638922ab
train,clustered,20,180,202611210180,2,831.48,train/clustered/n20/clustered_n20_0180.tsp,511e31f336cc7ca04c6e7dc9c286c5cb3e93fc5c089891d3dfc8f4e97a9d40cc
train,clustered,20,181,202611210181,3,352.29,train/clustered/n20/clustered_n20_0181.tsp,df73ad83fbc2c3005efa337d40e01b36fb1141096733222a7d15e20bd6d34c58
train,clustered,20,182,202611210182,4,786.178,train/clustered/n20/clustered_n20_0182.tsp,7f11ee3fee46b261e5d96442ef9c365eb57f258a0088a3eabf283b04c28a4bf3
train,clustered,20,183,202611210183,3,836.621,train/clustered/n20/clustered_n20_0183.tsp,c1290ab6a97b197dd30a2d9d3adf8592b713c7268fbf663baa8ae9248c952e97
train,clustered,20,184,202611210184,3,838.035,train/clustered/n20/clustered_n20_0184.tsp,20d99af6fa9e408c674c4863230dda8774463b3aba8c84d28b7ba5602a0219ae
train,clustered,20,185,202611210185,3,407.355,train/clustered/n20/clustered_n20_0185.tsp,0393c13fecea3650d8130ec20f7491dc13b9f623a138700aed8f086655fb1069
train,clustered,20,186,202611210186,2,643.238,train/clustered/n20/clustered_n20_0186.tsp,cb30a4e4436b53c43189459a314336fdc1e31022e9cbecf8a055ad8c895250b5
train,clustered,20,187,202611210187,4,416.111,train/clustered/n20/clustered_n20_0187.tsp,b652f7a8d24101f1dc1a71cc2f343ede94d7f49b93bf867ef9f9b43968efa906
train,clustered,20,188,202611210188,2,811.974,train/clustered/n20/clustered_n20_0188.tsp,f1a0f7958a181c5c48aca53d7027f9438ae234b31675e5f11b699ff85598009c
train,clustered,20,189,202611210189,3,814.926,train/clustered/n20/clustered_n20_0189.tsp,caeba3145dfe03cccfa7d0e64827b0a04c6041e941480283b7876ec9f7265070
train,clustered,20,190,202611210190,4,594.372,train/clustered/n20/clustered_n20_0190.tsp,20625b79113d21fa8c661b5142be94a4cd2cac3c402a24f5d66178ed124ac844
train,clustered,20,191,202611210191,3,399.723,train/clustered/n20/clustered_n20_0191.tsp,daf72c9277121f1be1e9267c66f2492602b58f185b0b739d85f394a664ae00d1
train,clustered,20,192,202611210192,2,463.602,train/clustered/n20/clustered_n20_0192.tsp,de3cbd9c61a98923994bb3554877833c7492c544fbc66bca1fe81b4e1ea76357
train,clustered,20,193,202611210193,3,438.457,train/clustered/n20/clustered_n20_0193.tsp,7122352bb2736edff20b5b1a723c73b4ccec44714dd3fe7a44d0636e504a6866
train,clustered,20,194,202611210194,2,810.612,train/clustered/n20/clustered_n20_0194.tsp,3ecab7506af5420fec670cc43f489ddb07e19ce7b6259d70934d21fcc82e864a
train,clustered,20,195,202611210195,2,573.285,train/clustered/n20/clustered_n20_0195.tsp,f664570ab85dd68f87acec7bbcb9260bcf33eee91a6a6a9ae57f51da3f79e05c
train,clustered,20,196,202611210196,2,475.719,train/clustered/n20/clustered_n20_0196.tsp,3e6db9e8381ed58776421361e0fc304473074ea445497b0097f8e63be493be3a
train,clustered,20,197,202611210197,2,536.904,train/clustered/n20/clustered_n20_0197.tsp,1fd35a3e8cc5ac77e210fa82c590bffcd969337df0bd10a6f881e66634efcc27
train,clustered,20,198,202611210198,3,420.978,train/clustered/n20/clustered_n20_0198.tsp,0d75ded472b784ad692ffd495735875461cc373fe59a07b9e8aede53e3a6b318
train,clustered,20,199,202611210199,3,540.407,train/clustered/n20/clustered_n20_0199.tsp,9889b51a6f3dcf8ee51b03a86c5f6abb082ad10cc5fddb00f26332b3dd5928b6
train,clustered,20,200,202611210200,4,661.063,train/clustered/n20/clustered_n20_0200.tsp,03251ee745b7e8a948ef3186fffffcdc681311630ceb9100811b456a441b5d9a
train,clustered,20,201,202611210201,4,442.611,train/clustered/n20/clustered_n20_0201.tsp,9f5e277607ae631cd5a434ad0f71868f0e3bd0db780eb94d4c3ce8c323241f64
train,clustered,20,202,202611210202,3,803.83,train/clustered/n20/clustered_n20_0202.tsp,a68b4955618ee94c5e55add44cc168e0696a64d4be8289038ca9f71983ddaf96
train,clustered,20,203,202611210203,2,717.297,train/clustered/n20/clustered_n20_0203.tsp,b1e5779a67ce1f851cd3332f3779a513fe0768b280fd5f25e69b0639ce5320a3
train,clustered,20,204,202611210204,3,797.351,train/clustered/n20/clustered_n20_0204.tsp,2b0910f4723cd054d9b309f3fcf6f06b57f20c6998f6bb77477d984700e39780
train,clustered,20,205,202611210205,4,778.361,train/clustered/n20/clustered_n20_0205.tsp,ba82ebbc6eb4d253297eb76f3c8ea61511160728e1cc06a399f58eb348d42a65
train,clustered,20,206,202611210206,3,733.83,train/clustered/n20/clustered_n20_0206.tsp,66d4cc2c0ba3e0e0626f1c8e06379963df2ba9521e16bb645340ec8086282f09
train,clustered,20,207,202611210207,3,376.083,train/clustered/n20/clustered_n20_0207.tsp,dcc54195679cb11fc581209bf732c5dcde2b6fe3b74ae4c59d8bbd04055fbc88
train,clustered,20,208,202611210208,3,792.911,train/clustered/n20/clustered_n20_0208.tsp,8e9bd23c806f274b6585912bafb4ef2d1a1b2fc0b37cbb6143bb0dd6062235d2
train,clustered,20,209,202611210209,4,773.628,train/clustered/n20/clustered_n20_0209.tsp,10e3e5f959be088a55132a5606ca63300a421cd586858fbc50ccf5ea1cf9fba5
train,clustered,20,210,202611210210,4,532.566,train/clustered/n20/clustered_n20_0210.tsp,6f98b9f2b7e4a1e9d4ec2a22c44ff5243047384ff0c9170c2cd0c5d5cf7f6b39
train,clustered,20,211,202611210211,3,543.742,train/clustered/n20/clustered_n20_0211.tsp,8e4ab4d41161d368d0b3066b72265648a573550a3ccf9260e9a55bc161c107bf
train,clustered,20,212,202611210212,3,365.597,train/clustered/n20/clustered_n20_0212.tsp,58039611b94416b6d9f025456c0a2f622affe4c1109d24061bfdc2a9cbb7a170
train,clustered,20,213,202611210213,3,763.521,train/clustered/n20/clustered_n20_0213.tsp,6bef8b7dcd432cd34fec6cba8a100007bcd46e9b6266cb57a315fac440d55ce8
train,clustered,20,214,202611210214,3,496.925,train/clustered/n20/clustered_n20_0214.tsp,0fcccc0450d3db39c406ef8fa82f69f5d54b52a0094f83b48110b7314290ff76
train,clustered,20,215,202611210215,2,747.311,train/clustered/n20/clustered_n20_0215.tsp,33903c730a43475c0c1939f4eb149b518bbca8d752888ee9511d2fc3d4963249
train,clustered,20,216,202611210216,4,488.605,train/clustered/n20/clustered_n20_0216.tsp,7016e0d6e9d96c892df253b64fde0e73e7a87211edf355174f243b211c28a37f
train,clustered,20,217,202611210217,4,405.067,train/clustered/n20/clustered_n20_0217.tsp,bd50d112dda6d2c40b75222b7e2dcb6428fa75d607b9d89405b3633f7edb3713
train,clustered,20,218,202611210218,2,340.468,train/clustered/n20/clustered_n20_0218.tsp,fc46d7b97afa54f48f48b16609005d6cfb50d6a3a5724f0dc028bfa4fc196bf1
train,clustered,20,219,202611210219,3,505.77,train/clustered/n20/clustered_n20_0219.tsp,546c4749e2148128f49c1ca43ace1634956d9ae236ee3bfc2a99c1432bccb45b
train,clustered,20,220,202611210220,3,753.175,train/clustered/n20/clustered_n20_0220.tsp,c0ed90f18f294bd9a3a9ebed4006d7eafabc812893db7fec0e0085a0f7005b6e
train,clustered,20,221,202611210221,3,709.853,train/clustered/n20/clustered_n20_0221.tsp,4ab225f4ac47fb8364f7be151bc434d059d4ea3a17e349f2a86c4a91b5f61635
train,clustered,20,222,202611210222,3,823.007,train/clustered/n20/clustered_n20_0222.tsp,295a8fae86a164223291eb8a6a07621600080abb09f0e10d3d6699cdac3bd311
train,clustered,20,223,202611210223,3,758.737,train/clustered/n20/clustered_n20_0223.tsp,704899c65af5bb820ec9b27aca6d8e6f45f743498d2f6765e124cde1150c9405
train,clustered,20,224,202611210224,2,763.834,train/clustered/n20/clustered_n20_0224.tsp,67b923375b1da80da173d979aa7cf980d79758e36f4e215b5bf1599e90153744
train,clustered,20,225,202611210225,3,635.556,train/clustered/n20/clustered_n20_0225.tsp,cafda03da5ebbbeffa3ba6db01bdf24f4c8afe179bd2197c0a26be532e5f5c3e
train,clustered,20,226,202611210226,3,732.394,train/clustered/n20/clustered_n20_0226.tsp,c1f8fff6edbf31167d3fb264f8c665ad5c6e6c9cc7f662e9ae21f4e9a9006daf
train,clustered,20,227,202611210227,2,793.57,train/clustered/n20/clustered_n20_0227.tsp,ccbe8e7b19af8cff4cd4729457f1846f7c9188872ca18d244eba2990b24f8f61
train,clustered,20,228,202611210228,3,422.678,train/clustered/n20/clustered_n20_0228.tsp,a027a97c5fcc4785e07e9685e3ca8ef79b48412aaf0ce702a2147c596ca75903
train,clustered,20,229,202611210229,4,651.324,train/clustered/n20/clustered_n20_0229.tsp,dedc8f1e63c1c41e7ccdce292991da1fbbaae5afddb7552590f291b44b54cc09
train,clustered,20,230,202611210230,3,507.449,train/clustered/n20/clustered_n20_0230.tsp,93a3266cda627358a6cac226cdf33b01742630871710f5df6baf8d8aa339e411
train,clustered,20,231,202611210231,3,475.062,train/clustered/n20/clustered_n20_0231.tsp,58d98377d8f9d9472f8a6b082b56caab689bd5f3c558622e3e6f871bea6ca0bb
train,clustered,20,232,202611210232,2,341.869,train/clustered/n20/clustered_n20_0232.tsp,284d66175a34daea3c634311ab0b8fd8a0605c437b4d3c5aee6d829cfe03a3cf
train,clustered,20,233,202611210233,2,699.292,train/clustered/n20/clustered_n20_0233.tsp,db0d034f42e91a15fb13ac1f87033c669a9b460e7245f23f5acbad89d441eb18
train,clustered,20,234,202611210234,4,598.216,train/clustered/n20/clustered_n20_0234.tsp,721f68eb75f1ecc0d8a455068d336729dd44569c8521ff240b3bc06d2e57dae9
train,clustered,20,235,202611210235,4,740.619,train/clustered/n20/clustered_n20_0235.tsp,bc4384c070d84660e80820525674fb601594cd9ccd69f4c8edce0816485eb817
train,clustered,20,236,202611210236,3,690.737,train/clustered/n20/clustered_n20_0236.tsp,2642c05dc4300cac4a6126125a1cb867ef77bd9a764968bae6f61517b42e6510
train,clustered,20,237,202611210237,4,755.542,train/clustered/n20/clustered_n20_0237.tsp,abed6ff61658e75bca1775ca86021c27e3c1842e2b2225a95d7aabe2948a470a
train,clustered,20,238,202611210238,3,435.337,train/clustered/n20/clustered_n20_0238.tsp,0b20ce3a3f3f7154ded6ed2b0ad18a9f543b66209b17d3967887bf936dca35dd
train,clustered,20,239,202611210239,4,456.51,train/clustered/n20/clustered_n20_0239.tsp,17628ddeb543107194b36212a21ab8e7b18f7d80d9d6fe6ebea2188b9e4fde94
train,clustered,20,240,202611210240,4,717.091,train/clustered/n20/clustered_n20_0240.tsp,6d93a0e51f87ec29e6ce2b6a581dc8d7e4006ad3fd451851c066883dce0fed97
train,clustered,20,241,202611210241,2,780.943,train/clustered/n20/clustered_n20_0241.tsp,8e6a2ba7aa76a472b9fd6da487620b48bb69e0369f6ff41233110dd8dbe153a0
train,clustered,20,242,202611210242,3,542.53,train/clustered/n20/clustered_n20_0242.tsp,5f0dc3c6cfdf9cab75ff7fdc0062e5ab865c067636d3c826430d883071f909f7
train,clustered,20,243,202611210243,3,696.504,train/clustered/n20/clustered_n20_0243.tsp,a44b99a1e49a67716335a46af3d440aad87140718b8955677c544108a01d74ec
train,clustered,20,244,202611210244,4,414.129,train/clustered/n20/clustered_n20_0244.tsp,05f3a487d68036d34a678fd105ff129ac66c370a7e35f1dccb20424b63945af1
train,clustered,20,245,202611210245,2,354.966,train/clustered/n20/clustered_n20_0245.tsp,492ed26d3a8539d9b9e1478042af64d48b2b947ea6117afca29852777ba011c7
train,clustered,20,246,202611210246,4,695.211,train/clustered/n20/clustered_n20_0246.tsp,1c317cb64a7a02bbb93ce4d2903d83dc75ddd27954d10ed29653cb41bebce78e
train,clustered,20,247,202611210247,4,327.903,train/clustered/n20/clustered_n20_0247.tsp,fcaebb99528ba4bd530179d4453e336c514f25e018101a8cd980257c87096999
train,clustered,20,248,202611210248,4,537.11,train/clustered/n20/clustered_n20_0248.tsp,f9f25c376e5040c44b672392ceca4ecdd2913537458a1a9a0dffe24a3b5ad424
train,clustered,20,249,202611210249,2,588.324,train/clustered/n20/clustered_n20_0249.tsp,928fa59179c87c891ad8e46dfe1d87c0a51d0e4732e884084cf2e408f2fa06c9
train,clustered,20,250,202611210250,4,825.447,train/clustered/n20/clustered_n20_0250.tsp,c36200c4600e9e143d1447878f3a583b6790debcac271eaf10c603e1feb62849
train,clustered,20,251,202611210251,4,528.771,train/clustered/n20/clustered_n20_0251.tsp,f76d784b2e88b1f909fc44270207e1ad5905683ad08103f31b9e9f7efb2542d2
train,clustered,20,252,202611210252,4,469.712,train/clustered/n20/clustered_n20_0252.tsp,013ed7f9d65b0b4108324f730b3b2667fa82a692969b75ba914a6b1d0beaac1e
train,clustered,20,253,202611210253,4,488.723,train/clustered/n20/clustered_n20_0253.tsp,14924e0edff05862c04907e6a336936fb01fe2b98822bb4c4cad5f2b207657b0
train,clustered,20,254,202611210254,2,805.274,train/clustered/n20/clustered_n20_0254.tsp,a7c5f24ce40519cc363bb022dbcdd0a8f7f6beab8c964da470e7f6b0034e5580
train,clustered,20,255,202611210255,3,613.442,train/clustered/n20/clustered_n20_0255.tsp,d3d18f14e0f5667a926c4346b8162c031b998223c30ee6368ec6239b74518a68
train,clustered,20,256,202611210256,4,632.571,train/clustered/n20/clustered_n20_0256.tsp,d9a35cb24fbec93d4b9ad342ed7fad74c50a2ca45c4999f0124df016f46c764b
train,clustered,20,257,202611210257,3,596.346,train/clustered/n20/clustered_n20_0257.tsp,de5b05aa3d7fa54684152e438fb71387cacdd64f21779f2464372912f2401310
train,clustered,20,258,202611210258,4,361.325,train/clustered/n20/clustered_n20_0258.tsp,31ad4fbc91f44a13d757e607c02f516e3857c3c98b8052a1221c1afa603e361b
train,clustered,20,259,202611210259,3,671.197,train/clustered/n20/clustered_n20_0259.tsp,31ceb5f674aae8f646d2cd62d8b46618a2db3fae08e4222849dd867b1f039641
train,clustered,20,260,202611210260,2,450.084,train/clustered/n20/clustered_n20_0260.tsp,5907d857ab7e3e8bafdaad6b4819262315013bc84786420157dd64c8902a9795
train,clustered,20,261,202611210261,4,797.076,train/clustered/n20/clustered_n20_0261.tsp,bcee5069845646875a01bac6f6ff223a0065ba37c20abba6acf49205a087eef6
train,clustered,20,262,202611210262,4,461.99,train/clustered/n20/clustered_n20_0262.tsp,f958392b254f86587d58c318d19b85c34a0106ed52f98aa86b00d9bb0bf4701e
train,clustered,20,263,202611210263,3,778.485,train/clustered/n20/clustered_n20_0263.tsp,ae9f54cc16016685c8dec44ac550bbe71c047b47e09843e9501f48229bf5037c
train,clustered,20,264,202611210264,2,556.45,train/clustered/n20/clustered_n20_0264.tsp,1474fa10e1a9e0d36ca8d99e8c4d2b5eebefb0d711c2f166922b6254a9e5a907
train,clustered,20,265,202611210265,4,721.733,train/clustered/n20/clustered_n20_0265.tsp,c65a29ed4e2ad6463cea3b498c0abbd20055048806d258bb61257ed30d4d66b2
train,clustered,20,266,202611210266,2,846.169,train/clustered/n20/clustered_n20_0266.tsp,7d73f81874afe804acec47f1fb2928a97071adbb6c658bc54e5262d58ec7834c
train,clustered,20,267,202611210267,2,675.728,train/clustered/n20/clustered_n20_0267.tsp,b7419af3334f1d3d9f9e7d3bc64ff5abd7f87a421865222b4ad17601862d4d8c
train,clustered,20,268,202611210268,2,525.476,train/clustered/n20/clustered_n20_0268.tsp,fc122604e9a6f419546ceae40f73bfb5769a0849daa096f59e4d6f619092ce2e
train,clustered,20,269,202611210269,4,512.643,train/clustered/n20/clustered_n20_0269.tsp,b461b493978da750a49933014e9a7e67c6da616ae007c76d1a4d0a09a802576b
train,clustered,20,270,202611210270,4,317.787,train/clustered/n20/clustered_n20_0270.tsp,d376ff3b1ee87a1c28f3b6f77a9ebeef31f86daae0ca215d9052eb809bab2c0b
train,clustered,20,271,202611210271,2,553.006,train/clustered/n20/clustered_n20_0271.tsp,d8d9dd45019b78e844a58ff822af252472dafc9b55bc5915ffc5f2e5acdcf446
train,clustered,20,272,202611210272,2,432.133,train/clustered/n20/clustered_n20_0272.tsp,3c816bd407330a5e0e3e6578ab0728973e344cd285b45a3614c839d98f039dfb
train,clustered,20,273,202611210273,2,846.711,train/clustered/n20/clustered_n20_0273.tsp,29c5c2835fa76baf6cc0eadcbf1452c30e979f5b75be7342d861e2df62f4f5fd
train,clustered,20,274,202611210274,3,678.091,train/clustered/n20/clustered_n20_0274.tsp,770b5ae5fcc85338a8859a2a03ec9b5229fd0a479df4ee95a1e03aabae26693d
train,clustered,20,275,202611210275,4,444.405,train/clustered/n20/clustered_n20_0275.tsp,44a1b086f82f4eac62b015fcc10866e2166d62c1962a88d7ed28f1c39d525ee0
train,clustered,20,276,202611210276,4,377.63,train/clustered/n20/clustered_n20_0276.tsp,9f936180e43a36ae5c0399fd4cfb971589f0557b863085e0b204f6420f9f9d71
train,clustered,20,277,202611210277,2,369.797,train/clustered/n20/clustered_n20_0277.tsp,76d6d91850c7e52158b1e81619d8fdad7fcd0d915beb82f3e80228f4d6dc704e
train,clustered,20,278,202611210278,4,636.854,train/clustered/n20/clustered_n20_0278.tsp,152eda85ad18bab2b273175265aa599008bae41509c74b4e62dbf042d6bc8309
train,clustered,20,279,202611210279,3,832.867,train/clustered/n20/clustered_n20_0279.tsp,7328650d0617463c86a194314b786fc9eae57dc35596b8c707a3c059f625d945
train,clustered,20,280,202611210280,2,547.984,train/clustered/n20/clustered_n20_0280.tsp,bffd69f2c661e7d7eedc6a3f28dd0e4f6c4d644314e1ae2566380a7f5ef74ff4
train,clustered,20,281,202611210281,4,331.085,train/clustered/n20/clustered_n20_0281.tsp,db781525febe490d5a5986d6304da3752c286945679e4011e37bfb5a733aa03b
train,clustered,20,282,202611210282,4,629.718,train/clustered/n20/clustered_n20_0282.tsp,d7d3d5dcc688b0015200e9f54f01e78159c5f4c69efd0f55bfd312c13ac1c475
train,clustered,20,283,202611210283,2,527.615,train/clustered/n20/clustered_n20_0283.tsp,03a9912aca4ea0d4b2b03645cc7f2cc537ab067d85013e705125ad32900a7d2f
train,clustered,20,284,202611210284,2,518.302,train/clustered/n20/clustered_n20_0284.tsp,3832a64b72152c450722d048d609710d3ff6009e84bc83429516a674bdf651c9
train,clustered,20,285,202611210285,2,692.682,train/clustered/n20/clustered_n20_0285.tsp,5df05efd0bc860c3427ee29a144f04ffda225db57145dbd7ba4da59659f8ef33
train,clustered,20,286,202611210286,3,844.349,train/clustered/n20/clustered_n20_0286.tsp,a0be4b92d5aba9bb8e74fd1b6c2d7e1c4083f8095887a3caf572b58e9fa9c240
train,clustered,20,287,202611210287,2,546.042,train/clustered/n20/clustered_n20_0287.tsp,a6fcf9b0e301b765ec13dfe2fe60ad9f40b30ba8ff4639693a52082ff99261fb
train,clustered,20,288,202611210288,4,716.036,train/clustered/n20/clustered_n20_0288.tsp,8a0d4c1457207d5e59f6836c25694a2012112876c362a330c589c04fe1272e7c
train,clustered,20,289,202611210289,3,403.162,train/clustered/n20/clustered_n20_0289.tsp,baf5440bca9b0720bc871e3f64d6f8fbc84a96faf875c9a5f563d44e6a993194
train,clustered,20,290,202611210290,4,580.91,train/clustered/n20/clustered_n20_0290.tsp,c46861f025a3ee18dd28eb2e115b2b29d21ee0df91550d932e9281246fb117e5
train,clustered,20,291,202611210291,4,836.681,train/clustered/n20/clustered_n20_0291.tsp,016eb842ae28c515cb6b3a47a3b17613f5533d129614a03ec2164a6455d071ef
train,clustered,20,292,202611210292,2,819.873,train/clustered/n20/clustered_n20_0292.tsp,beadb0ac1947a5c79dc9ef87a123eddae8d5f03837eaab2001c4b1d3568e0e1d
train,clustered,20,293,202611210293,2,752.389,train/clustered/n20/clustered_n20_0293.tsp,ba1b49313d92535cf7503b38f8464b482459bcaec8f1e22f5632bf8990e869c0
train,clustered,20,294,202611210294,2,424.142,train/clustered/n20/clustered_n20_0294.tsp,91bcebf971dde0facb456be43d7f8559f778b2dfed307af96e5753c53d13881b
train,clustered,20,295,202611210295,3,351.85,train/clustered/n20/clustered_n20_0295.tsp,d09d1532e429c1199effae332100998c443a2061fc82a6ea5d0adf1d9c0d67db
train,clustered,20,296,202611210296,2,321.974,train/clustered/n20/clustered_n20_0296.tsp,8e739ad0012187951f53bd4cc2564cb20da837b4d1bbe872e0b9c0c4d0f8c3fc
train,clustered,20,297,202611210297,4,394.16,train/clustered/n20/clustered_n20_0297.tsp,069db8a55682d7981a52943e29101beee7c38e4c3fe902f959dba50c56805c9e
train,clustered,20,298,202611210298,2,667.045,train/clustered/n20/clustered_n20_0298.tsp,7e333c51f4e788f35e8d962b53be4824528d872cd689a9a6bf2524d069ee47a7
train,clustered,20,299,202611210299,2,593.246,train/clustered/n20/clustered_n20_0299.tsp,9f2bdfa41d83451919f6c498ccf9c81263ec8520871f8e1321e9ce6d7efe8a01
train,clustered,20,300,202611210300,3,413.569,train/clustered/n20/clustered_n20_0300.tsp,bdb0b186108410fc46d48fe1b3d0b6589b84cb1f990b9615d5e5baa046049c9c
train,clustered,20,301,202611210301,2,713.017,train/clustered/n20/clustered_n20_0301.tsp,a4f622d3bb4d3480609ee8e05e49788b0cf6e224c4e5e193928ddc984c936b71
train,clustered,20,302,202611210302,4,820.573,train/clustered/n20/clustered_n20_0302.tsp,175377290da0e5bb8e95f99f3a3ab053e5a34e88c0469907a346b7fc16b09d19
train,clustered,20,303,202611210303,3,757.423,train/clustered/n20/clustered_n20_0303.tsp,676194691a30122461cf86fb097d130419ac2f230a9be24d0e0d015d760dbc52
train,clustered,20,304,202611210304,2,457.211,train/clustered/n20/clustered_n20_0304.tsp,19c3f094521f5437b22256e8a8fdd5a977501af3dd8241008dc155c708dc2eef
train,clustered,20,305,202611210305,2,833.392,train/clustered/n20/clustered_n20_0305.tsp,9eae97ee89296a407a39dc957ef61e83418bf078e9059170408d618b920a1bc3
train,clustered,20,306,202611210306,4,569.647,train/clustered/n20/clustered_n20_0306.tsp,615c2836b6877ba99f286dbc34c75a0de314509c3d5b884b2664bc5c339e21a1
train,clustered,20,307,202611210307,2,565.233,train/clustered/n20/clustered_n20_0307.tsp,65578454f51aee9d74f995dc1edba40e1129ca3079a4d79191494c5ea62df519
train,clustered,20,308,202611210308,2,570.609,train/clustered/n20/clustered_n20_0308.tsp,909645f3ac12a0f9c505d581de5b97ee04c564afd2b77cae03d82ccb5b26aff7
train,clustered,20,309,202611210309,2,419.582,train/clustered/n20/clustered_n20_0309.tsp,9354833a27085823fde8f436d278b6d532600a79ee08416621dbfae27f35adab
train,clustered,20,310,202611210310,3,691.509,train/clustered/n20/clustered_n20_0310.tsp,ef650905a3ca6eb334a279d0a159ef7a17c2f9e39ee61f47f90bd9c7adbbeb87
train,clustered,20,311,202611210311,2,543.656,train/clustered/n20/clustered_n20_0311.tsp,b52ab972854dca8662cf88fdcd1329e600654d69f03aae878ae0f9faea2c60c8
train,clustered,20,312,202611210312,3,830.915,train/clustered/n20/clustered_n20_0312.tsp,6f1e01d2bae93d7ba32d0107fabaf90ddc60c9b7a611285027057156cd911c57
train,clustered,20,313,202611210313,2,702.566,train/clustered/n20/clustered_n20_0313.tsp,98d4524cd4b8386b8a44d357c0866932c05bfb60ed1a24d6e65ac670cfbfdf53
train,clustered,20,314,202611210314,4,464.854,train/clustered/n20/clustered_n20_0314.tsp,710c5b99fbcef152b6c66ea557e24151e6e3d22a556a5c21116920976fd59326
train,clustered,20,315,202611210315,4,848.857,train/clustered/n20/clustered_n20_0315.tsp,4dde4ff45bb93fd55af1fb962ad966311f6d9fbad9f73f02de4ae6588f5204b3
train,clustered,20,316,202611210316,4,443.567,train/clustered/n20/clustered_n20_0316.tsp,23e571a9f96678aa5b2b2b3e49f972d269193f25c174bbf1859fc75d9d7ea972
train,clustered,20,317,202611210317,2,823.261,train/clustered/n20/clustered_n20_0317.tsp,417035f0d0ca5c6353f16e5ceebb29c55afb22514a1ead14b75870e47ec3bb4b
train,clustered,20,318,202611210318,2,359.858,train/clustered/n20/clustered_n20_0318.tsp,a63872fa11f47d909d5beb070cb77d16d5067fa0070acc88e3d4be45f0e84586
train,clustered,20,319,202611210319,2,467.004,train/clustered/n20/clustered_n20_0319.tsp,8cafe805f3dfaa3419a438037ed172f6b84889963828ed464308206cf739de20
train,clustered,20,320,202611210320,4,404.261,train/clustered/n20/clustered_n20_0320.tsp,1e3bb3e08697cc2facb560a1bd82018987618bed8ffcc0fe673aa92fce4a42ed
train,clustered,20,321,202611210321,3,587.427,train/clustered/n20/clustered_n20_0321.tsp,f2c71de808e8b923335a0a3c77fc93192740bc3ee6e8427ea4be12beeeba9dda
train,clustered,20,322,202611210322,4,347.726,train/clustered/n20/clustered_n20_0322.tsp,047c6d382f58cedd5644dd813f28946860946e91571707d7eaa927f7a98ebf4f
train,clustered,20,323,202611210323,4,817.79,train/clustered/n20/clustered_n20_0323.tsp,d638f743ff51ae0862bea821d2b51ac6de7c640d2157eeb6cf8055f4c849193b
train,clustered,20,324,202611210324,3,747.457,train/clustered/n20/clustered_n20_0324.tsp,d47d1a6cf67e5a6e80a9f3c9de402026c3d04db2cdf722b72ff19ba9854535bb
train,clustered,20,325,202611210325,4,468.288,train/clustered/n20/clustered_n20_0325.tsp,c21be458c96df38b4feb222e7c62044e0df479484afe8fa0b95d4df0f17b2255
train,clustered,20,326,202611210326,3,755.624,train/clustered/n20/clustered_n20_0326.tsp,9c2435ec82b44f0efe224546c95aae4c26103ad544d66a23beaa296e6fdd3276
train,clustered,20,327,202611210327,2,522.145,train/clustered/n20/clustered_n20_0327.tsp,8a3f3ef9b02a63aeea77f7ed09107cb7eb465eb68c9ec1461a46b850231d495d
train,clustered,20,328,202611210328,2,590.803,train/clustered/n20/clustered_n20_0328.tsp,21ae0435f4e7f9823b08bd17b12d48e385f70ece319347c185aaacac1c7b1369
train,clustered,20,329,202611210329,4,601.733,train/clustered/n20/clustered_n20_0329.tsp,b91d6631d5b832d8b6fd7e88c22da74b1710fa209c28d4f174b2c1a9444b47bf
train,clustered,20,330,202611210330,3,338.514,train/clustered/n20/clustered_n20_0330.tsp,b6b438032840fe3a44afb4cf764ab5acc5cf0fca4d630964a678a15159431997
train,clustered,20,331,202611210331,3,844.259,train/clustered/n20/clustered_n20_0331.tsp,f70a3194bf6bf1b4c9697c2855263191d4f6378bda743372808b16a2b451aa2c
train,clustered,20,332,202611210332,3,559.137,train/clustered/n20/clustered_n20_0332.tsp,5aa9693d19de9df3b088395d7c6b560cd30639b83be609a6c67cc7a4092a0082
train,clustered,20,333,202611210333,4,612.058,train/clustered/n20/clustered_n20_0333.tsp,3a23c6bca3c6c135ce3279920482896a3667288bce8b557b08ed8b6f665a382f
train,clustered,20,334,202611210334,3,466.624,train/clustered/n20/clustered_n20_0334.tsp,64e0bb9fac845a8faabf9aa2844b267604c79757ef38c8fb7e73cdf0cf2fa428
train,clustered,20,335,202611210335,2,367.88,train/clustered/n20/clustered_n20_0335.tsp,7eca0aef78d548f1fe96b0159747ae8c1fc8ee13d6f898e8e54dbf34cb34644c
train,clustered,20,336,202611210336,2,689.295,train/clustered/n20/clustered_n20_0336.tsp,7e5c9bf684d02ed6b319d6385379e669ae270f4b6529f19f8bdbbaeca7a26f15
train,clustered,20,337,202611210337,3,633.535,train/clustered/n20/clustered_n20_0337.tsp,5eea902997c5687de5d9ebfe8bdc80336dc2b719b6657ab45aefd2bebd117c57
train,clustered,20,338,202611210338,4,374.643,train/clustered/n20/clustered_n20_0338.tsp,7d091d003be85a10ac57390511c50afcf915de124263d181e86e2e8a1792148a
train,clustered,20,339,202611210339,4,798.334,train/clustered/n20/clustered_n20_0339.tsp,f46239a8f6dd9af93cb914c05c59883f857f33b784dc347398e669f02236bb1c
train,clustered,20,340,202611210340,3,398.793,train/clustered/n20/clustered_n20_0340.tsp,331fcce55aca94db5f1b2c12f825e250d9fd7503285c299332ad276097768ead
train,clustered,20,341,202611210341,4,353.532,train/clustered/n20/clustered_n20_0341.tsp,1f78a4d4c267e47ea8c7928c6dfd76318d5bccf03f00f44971311e069e62626e
train,clustered,20,342,202611210342,2,441.956,train/clustered/n20/clustered_n20_0342.tsp,b9e3db0bf0a473225ff06dd8059b27df1083495d2732a245df30848fda7274dc
train,clustered,20,343,202611210343,3,319.479,train/clustered/n20/clustered_n20_0343.tsp,83a688655687fac135c50fa5035fc767851512371354fcc4dc3f60d0f7a74255
train,clustered,20,344,202611210344,3,490.554,train/clustered/n20/clustered_n20_0344.tsp,8294238706e08ea5445108117ccddf91497cb89a81a321c47c52fda232e69b24
train,clustered,20,345,202611210345,3,412.189,train/clustered/n20/clustered_n20_0345.tsp,a61a8ccd8b9c3590991999b547e626c618cad3db1dd784fd652e47c6a4fdb107
train,clustered,20,346,202611210346,2,648.616,train/clustered/n20/clustered_n20_0346.tsp,f6536458dfb94088db9db2630f9860c38c9cb8108c01a60b6a6142446a14ac7e
train,clustered,20,347,202611210347,2,308.942,train/clustered/n20/clustered_n20_0347.tsp,c527092aa9d816137f48fc2a869d15cd015b1a5a5bc64cb2f246c902a7e842a1
train,clustered,20,348,202611210348,4,369.629,train/clustered/n20/clustered_n20_0348.tsp,b373ee2311a5f7858d615b1fbcd3bd255273d96f7337fd91aa43f8d318869ba9
train,clustered,20,349,202611210349,3,666.173,train/clustered/n20/clustered_n20_0349.tsp,288ee3c84c6a3a9890e61d3a2befcd216f474afc6610ee2ef305f146164adeed
train,clustered,20,350,202611210350,2,627.454,train/clustered/n20/clustered_n20_0350.tsp,ad4af317ee5dc9d9bdf4b3a82202087110dc3a533e95935bbc7bdba812431051
train,clustered,20,351,202611210351,2,306.04,train/clustered/n20/clustered_n20_0351.tsp,5e092727b0ba564fd6eecfa32d0d5952d2fbab527fd772e4d80a53d4ed080c3e
train,clustered,20,352,202611210352,4,436.229,train/clustered/n20/clustered_n20_0352.tsp,e12692cb4260da6a23ef11e77e8d1d05c3a5b7f78d7321c2a81b7b98b337ea93
train,clustered,20,353,202611210353,3,367.603,train/clustered/n20/clustered_n20_0353.tsp,81fef8ba366683d0c2e401fd120c7f9e25c47203eb3b6d02768dd44a605ca5b4
train,clustered,20,354,202611210354,3,514.828,train/clustered/n20/clustered_n20_0354.tsp,75a4a13e9db701da3113ad2bd9a336f3765504d3e154ff4132de5d36b004efeb
train,clustered,20,355,202611210355,4,801.701,train/clustered/n20/clustered_n20_0355.tsp,da4dd0f124ed04a332bf47b16e9d9558a2f7943cb1e02d37147989e8b09504a3
train,clustered,20,356,202611210356,4,351.298,train/clustered/n20/clustered_n20_0356.tsp,b65b1e7d682f58207aa482f3fb33fd9cfa16b4012be9d14faa0bfdb829676cb0
train,clustered,20,357,202611210357,2,373.116,train/clustered/n20/clustered_n20_0357.tsp,bbf42654c5e7ebce45c908bad88569fbfec6f387e4def9eed14bee0f943d8fc8
train,clustered,20,358,202611210358,4,425.567,train/clustered/n20/clustered_n20_0358.tsp,565bafd6795d3238fd42145556bbaeb1c17f2e18ce3baef3c84a02deaf59cbd9
train,clustered,20,359,202611210359,4,804.662,train/clustered/n20/clustered_n20_0359.tsp,4afce648015794fcd093b757ff30c2704730156664b37fffd87249b97bd62008
train,clustered,20,360,202611210360,4,461.689,train/clustered/n20/clustered_n20_0360.tsp,e3cef65ad724936d29990e11ad48ce91ece44abe0787e23ca05cad6102ca23a2
train,clustered,20,361,202611210361,2,509.639,train/clustered/n20/clustered_n20_0361.tsp,d63af7c68a29381cf46a7a14b260a4744820ed7051af9b06e3910e6cfb076d97
train,clustered,20,362,202611210362,3,688.94,train/clustered/n20/clustered_n20_0362.tsp,9a352d92517799e3e6a4dfc889c626a69f1ee56b8fb03c88c319c515a54025b9
train,clustered,20,363,202611210363,4,343.228,train/clustered/n20/clustered_n20_0363.tsp,d421bbe8b3ca29b2d64e983f40a9de121fc3f361a2b8ba395c86cb5b2429d4c0
train,clustered,20,364,202611210364,2,636.861,train/clustered/n20/clustered_n20_0364.tsp,c81b94edfef785a590955a4c77d3164fcadcbb0b652411158726486b58d90ff3
train,clustered,20,365,202611210365,4,455.95,train/clustered/n20/clustered_n20_0365.tsp,048a6b03fb2572ab2e0227b384fd4de61ea36f843f276ba72a4fd14c36153d23
train,clustered,20,366,202611210366,4,753.495,train/clustered/n20/clustered_n20_0366.tsp,e5023fca22a1c2385ad4b65cfef8ad7ba9ae8ae030047c8f19bf7f8712de9c0e
train,clustered,20,367,202611210367,2,573.542,train/clustered/n20/clustered_n20_0367.tsp,fc3c0d7e3c447368914a294f4cb0bde3f63bd58fad2c6978b7e17cddc8404084
train,clustered,20,368,202611210368,2,468.568,train/clustered/n20/clustered_n20_0368.tsp,9a96d6dcbee513afbbdd4781be07183ced032279a5dc42d4ce0e0809397786ca
train,clustered,20,369,202611210369,4,406.317,train/clustered/n20/clustered_n20_0369.tsp,4d20511b824d5c308a914b5def1ae61b560361e9a12fa6d91e311b4b40523fa8
train,clustered,20,370,202611210370,4,510.209,train/clustered/n20/clustered_n20_0370.tsp,5126320415e5c350d036c475c3dc5e19ffa2619ec7584dee467ef1cd4537cbab
train,clustered,20,371,202611210371,2,376.211,train/clustered/n20/clustered_n20_0371.tsp,6fe1909a7e9f91acdd4252606a77a52a886747a2b497ebeabfe6e1c1104ae57f
train,clustered,20,372,202611210372,2,323.103,train/clustered/n20/clustered_n20_0372.tsp,025a3e09c962a6b8d4f744d16eb320d23e64b1f818ca42fbbf78909afe350a4c
train,clustered,20,373,202611210373,2,643.109,train/clustered/n20/clustered_n20_0373.tsp,de5d77da258bed84b8b547f7540629cbe2e23a7d6ca1c03e15003b94d18aabb9
train,clustered,20,374,202611210374,3,784.642,train/clustered/n20/clustered_n20_0374.tsp,3c7447d3a769d8710406e6731a96a269bdf1e7d2057df9af439e8186e1b83e9b
train,clustered,20,375,202611210375,4,540.85,train/clustered/n20/clustered_n20_0375.tsp,7c68e19bfe76515892c03a41d9235420a1b636c426de76410ed9f81bfe796637
train,clustered,20,376,202611210376,4,494.109,train/clustered/n20/clustered_n20_0376.tsp,f386edfc22a2c2e598cdc87fb2626485ab5e9951126a41adf2c4b92a3f7ad9fc
train,clustered,20,377,202611210377,2,656.168,train/clustered/n20/clustered_n20_0377.tsp,1b1a7067fce8da90f9c93edce0803b939af9bd8be41438b9401eac065d98f88b
train,clustered,20,378,202611210378,3,615.687,train/clustered/n20/clustered_n20_0378.tsp,21739c0a9de1866e78f64ab6628f2dd0086e7561bfcdbca40371492dbf92b34c
train,clustered,20,379,202611210379,3,643.043,train/clustered/n20/clustered_n20_0379.tsp,80985a8a0f2167786d701c3acca255b0890ecd0e174cc2e3f1c6504e7cc3238c
train,clustered,20,380,202611210380,3,499.222,train/clustered/n20/clustered_n20_0380.tsp,6773130e1fcffc6d761334bf258a191755ee51a9b51b3d2671f6de58ee5e4be8
train,clustered,20,381,202611210381,4,471.042,train/clustered/n20/clustered_n20_0381.tsp,3c625487e1f3a573dfbbd37635ff2006a13758c9c0844e425d123db2771c633e
train,clustered,20,382,202611210382,3,668.871,train/clustered/n20/clustered_n20_0382.tsp,856e262b12eb1646b27344fed83e6d84a50869a9027c89cd3c63322fe701ab13
train,clustered,20,383,202611210383,3,525.589,train/clustered/n20/clustered_n20_0383.tsp,396fc044c6842b270cd54b5496b1b0877b64d009a78e16f9025d6ab454bffeb1
train,clustered,20,384,202611210384,3,496.453,train/clustered/n20/clustered_n20_0384.tsp,3b9597a237c6f29331b7deb51db575268c1df5ad39d7aed2dafd65a61b28ba9f
train,clustered,20,385,202611210385,4,432.543,train/clustered/n20/clustered_n20_0385.tsp,f42267ca0ad8599852373c7dd01dc624a8d8ddf9be1e1be7b5fd26681697cb3e
train,clustered,20,386,202611210386,2,515.386,train/clustered/n20/clustered_n20_0386.tsp,e7fb80045af98c4a66946e11519c4152d067bd5e610591abad83e01464e13e77
train,clustered,20,387,202611210387,4,659.495,train/clustered/n20/clustered_n20_0387.tsp,86a4fb12c666353a92036ba7ec14c505020c3ec85fdd9eec0194114672e55c30
train,clustered,20,388,202611210388,2,396.833,train/clustered/n20/clustered_n20_0388.tsp,9375fe8fef14483bb8c7c81327dd9d39501f0aca645dde64a56dbcb9aebb9ef7
train,clustered,20,389,202611210389,4,507.732,train/clustered/n20/clustered_n20_0389.tsp,050f72ff0710a74a49f0e348b8516bd8abc29290a0bad47cfa8d2f1ae1f81798
train,clustered,20,390,202611210390,3,821.757,train/clustered/n20/clustered_n20_0390.tsp,97b6154eece81640bb932c6bc081db19a75055b4623fe3043aaaf2ec4149262c
train,clustered,20,391,202611210391,3,572.139,train/clustered/n20/clustered_n20_0391.tsp,bbf52a8e3a0f13decf0918373bf4bd1fe2c9c72387aae7dc94ef215c11a22a2b
train,clustered,20,392,202611210392,2,306.582,train/clustered/n20/clustered_n20_0392.tsp,df0fb7d921fe468788c589b2ce7eef5ae68999a27bdf204fe25b2ccf20d753cb
train,clustered,20,393,202611210393,2,538.193,train/clustered/n20/clustered_n20_0393.tsp,c31b8393933cbd232f8b67a2880716bd86746771c3e6c3551cd8a9542d3b06b6
train,clustered,20,394,202611210394,4,682.821,train/clustered/n20/clustered_n20_0394.tsp,fd3ff880056952690c493af4e7883bb17534bf7e0125b3a02039c682f11b6a39
train,clustered,20,395,202611210395,2,431.186,train/clustered/n20/clustered_n20_0395.tsp,1b62a226fefcd6a6fc37d033f5030cf9b464e1ae18f080091ef79958a28ca768
train,clustered,20,396,202611210396,4,625.961,train/clustered/n20/clustered_n20_0396.tsp,6516c1c604be38726c471033382219bce3b6c021bbf50d46da9489648ca5e730
train,clustered,20,397,202611210397,2,509.786,train/clustered/n20/clustered_n20_0397.tsp,9cf32990b78b966d5b28e330d5e5643026794c828bb1ce06813b1cb499f3dd5d
train,clustered,20,398,202611210398,4,684.029,train/clustered/n20/clustered_n20_0398.tsp,2bd975d445fcea0ca28688f3322e801622664fac73f3a70a2c1874972bc3f6ac
train,clustered,20,399,202611210399,4,323.309,train/clustered/n20/clustered_n20_0399.tsp,9675f933fc525109a1c633b696fc0d96ae6142cca5fc2edde0d36e9ffa8ef8d4
train,clustered,20,400,202611210400,3,405.016,train/clustered/n20/clustered_n20_0400.tsp,bbe88b0e6e66812cf1ae26b470d7055a4523003d95666099b258524731f3a5ef
train,clustered,20,401,202611210401,3,820.987,train/clustered/n20/clustered_n20_0401.tsp,3d97003d43c11ee78a2866a0a11fea2e4462a467b3843b7563f3bb5f2d6d4049
train,clustered,20,402,202611210402,4,363.678,train/clustered/n20/clustered_n20_0402.tsp,d53093b3e76acf57c59fb6786e787a30d33fec7e779025fbee0c9da87704000e
train,clustered,20,403,202611210403,2,382.666,train/clustered/n20/clustered_n20_0403.tsp,0fde9b2d0585b4603256a3e0b54246ba5fe28a5f5a4ef5931b083fc7feca8993
train,clustered,20,404,202611210404,2,543.132,train/clustered/n20/clustered_n20_0404.tsp,95571473e69bf71669b702c7436caf1ac5bf0e90feda85819ff2a2f0181f139d
train,clustered,20,405,202611210405,4,493.409,train/clustered/n20/clustered_n20_0405.tsp,460234e58dd8ab29837ed37303396cc52eb123c1ede763f7e0761a469a620551
train,clustered,20,406,202611210406,2,642.112,train/clustered/n20/clustered_n20_0406.tsp,ab6d4431844e988c3841bc40cf37e4c99b2293fa08ea6d0b8f9b549be7e2115c
train,clustered,20,407,202611210407,4,555.317,train/clustered/n20/clustered_n20_0407.tsp,e3235bf6b75c27ed7471e0a1ac5ae6a6a8dd876fe38a8023d54295d8075011ff
train,clustered,20,408,202611210408,4,771.807,train/clustered/n20/clustered_n20_0408.tsp,89c5d41a8f0ee7a88870dce0855b5782e6fa7efb5ffca246582aae40790f423f
train,clustered,20,409,202611210409,3,613.996,train/clustered/n20/clustered_n20_0409.tsp,4c14fd6ecfb7917783022f6b8f7741c523885941d9c2e1eb247f5881d83f8d33
train,clustered,20,410,202611210410,4,805.125,train/clustered/n20/clustered_n20_0410.tsp,f5760b5253481269cb1b9fa7bb9c164f60cadbd9bc7d856b0c3315ee9057e790
train,clustered,20,411,202611210411,2,791.807,train/clustered/n20/clustered_n20_0411.tsp,8f3837298ebb9ad8f5997c5bbd004a995a8c71f2d22a8b05a31b8f08a486ebeb
train,clustered,20,412,202611210412,2,364.76,train/clustered/n20/clustered_n20_0412.tsp,12aa2297a68b54de5131a4862c81b8935756351bca48c11f320d2fae036507b0
train,clustered,20,413,202611210413,2,450.424,train/clustered/n20/clustered_n20_0413.tsp,85e06fae20a5651f12803e524f71b51ef343709b2c4b3dc7859dd76b63fcd212
train,clustered,20,414,202611210414,3,651.789,train/clustered/n20/clustered_n20_0414.tsp,fa9887d82f8da26c59e0797d1dbe3e88748ce91f86a736692543593314278d19
train,clustered,20,415,202611210415,4,317.114,train/clustered/n20/clustered_n20_0415.tsp,e4c94d38a34f0c37b6ef1bccb95572b7edcf32724c1426240ad55ffde2742f3d
train,clustered,20,416,202611210416,3,695.183,train/clustered/n20/clustered_n20_0416.tsp,a60e2689b5f5390063ac0df3ada9d2ab0cac1b157f545480d39b60c06a5217db
train,clustered,20,417,202611210417,4,793.139,train/clustered/n20/clustered_n20_0417.tsp,19380a1a03af996f9cd9049cdf616b932567ac07fea53e2ad26d5de18bbbd384
train,clustered,20,418,202611210418,2,350.51,train/clustered/n20/clustered_n20_0418.tsp,3b6e337d8cc3182abd6205a9fbd90c618ccfb1d5a8d2f47281f4276448bee15f
train,clustered,20,419,202611210419,3,802.076,train/clustered/n20/clustered_n20_0419.tsp,93e309efc4d74cf0e33e31e72e002a9d75cc9b9cc47628e4b40471db2c8087e1
train,clustered,20,420,202611210420,4,832.106,train/clustered/n20/clustered_n20_0420.tsp,4d103768acf91111ba3af8a3e6eb3d1da9b311a579c28cc68aa8054726a6a746
train,clustered,20,421,202611210421,2,308.576,train/clustered/n20/clustered_n20_0421.tsp,0c012319f46539f5e0786a5b8127033b53a8b033636177057db735459b954e48
train,clustered,20,422,202611210422,3,533.801,train/clustered/n20/clustered_n20_0422.tsp,295eff0df17c79fbdaacd078df0784352a5cc5275db38f02aca1b029790459d8
train,clustered,20,423,202611210423,2,557.487,train/clustered/n20/clustered_n20_0423.tsp,8c02a0ea916821180b1b348f814cc971d3f90704de33aed5f2033080178bd00f
train,clustered,20,424,202611210424,4,504.554,train/clustered/n20/clustered_n20_0424.tsp,280c9d28e5c543a84cc04cc2636a6e72a57773402e3061fb45b33e66328d880a
train,clustered,20,425,202611210425,3,402.544,train/clustered/n20/clustered_n20_0425.tsp,2bdde2df5e9bcb20e376a882b068c02f19f892db610590ecd63d75ef27eb541c
train,clustered,20,426,202611210426,2,801.713,train/clustered/n20/clustered_n20_0426.tsp,00268c48b1c534e439470744af0bdf2c373fba92b0a0bd7a12d3febd0d10c7bd
train,clustered,20,427,202611210427,4,696.24,train/clustered/n20/clustered_n20_0427.tsp,c5d70b1b398098a025cc683893ad211ae0c3f0981c35400279f0bd3a52faa65f
train,clustered,20,428,202611210428,4,774.241,train/clustered/n20/clustered_n20_0428.tsp,cc0e0230e82cfca7a08f9d0471f416e90cd7cb196729f55c0992a8c126e0da7d
train,clustered,20,429,202611210429,3,355.892,train/clustered/n20/clustered_n20_0429.tsp,0a85bdeef237efb6958461973c901f103335cd589c2b41f4ac23cd3caff1d3c6
train,clustered,20,430,202611210430,3,747.183,train/clustered/n20/clustered_n20_0430.tsp,98dd77679001de7bc316cfa598363a01558448decfc6d1c235a1a482ed6677d0
train,clustered,20,431,202611210431,3,766.256,train/clustered/n20/clustered_n20_0431.tsp,e774bdcd56c21577daaeae47a2ce90c98f6e63d61166f0286b2cfe47fe1c09e5
train,clustered,20,432,202611210432,3,469.338,train/clustered/n20/clustered_n20_0432.tsp,73978f0ea0a5a56879cc9e228956031f3d162d30e6297de96fbb2c695d8e3a53
train,clustered,20,433,202611210433,4,345.082,train/clustered/n20/clustered_n20_0433.tsp,ead1584e56098db392f307110bae472d87144669a33ea5faeae287502ce4c369
train,clustered,20,434,202611210434,2,659.063,train/clustered/n20/clustered_n20_0434.tsp,8429debe150074d447869c5637628ef35ed411e91d1075c02feb51d5e764cd4f
train,clustered,20,435,202611210435,3,689.973,train/clustered/n20/clustered_n20_0435.tsp,6784d3002f8560782b26e4254629ec87e103abf7fc97757d18aa7bfd4c36d52f
train,clustered,20,436,202611210436,4,691.61,train/clustered/n20/clustered_n20_0436.tsp,363ee01056edb4299027408db58cbf597516aa44b199f11d7a62a26700ead54f
train,clustered,20,437,202611210437,4,389.729,train/clustered/n20/clustered_n20_0437.tsp,407f16dfa390b827c154fc793a430ef25288a9a8f609c14aa3a68dd9c565db7b
train,clustered,20,438,202611210438,2,337.867,train/clustered/n20/clustered_n20_0438.tsp,94fe026583d6f3ee7bc38dc049e3698ee16a21f1d9a6a1de90cbcf62f6d184a3
train,clustered,20,439,202611210439,3,544.009,train/clustered/n20/clustered_n20_0439.tsp,9bd4621b7f5adaade25efd83e7c787a342cfb38603336b06e2a97e4ef1fcebb1
train,clustered,20,440,202611210440,4,336.571,train/clustered/n20/clustered_n20_0440.tsp,f6830146f11badeca734592025594ca1506a8dd4e475facd100a736c3c3571b8
train,clustered,20,441,202611210441,3,540.565,train/clustered/n20/clustered_n20_0441.tsp,3210cc3e4c5c4a2be326110e460c6673410152f54cc0d1566162e9564c9fb91b
train,clustered,20,442,202611210442,3,769.215,train/clustered/n20/clustered_n20_0442.tsp,a941372d5b82e7e7f0933f592f2026b3e0cf17c66d29eee30cbf05a2dac9c389
train,clustered,20,443,202611210443,2,355.271,train/clustered/n20/clustered_n20_0443.tsp,3ba9cc5a2bd312272b033be236f7a5e2108f76a7c9740d19b210e8c43fa0605e
train,clustered,20,444,202611210444,2,343.956,train/clustered/n20/clustered_n20_0444.tsp,85596a8d526f12f69654818c112190ea21e2d59e70878abb4edf8edf4cf78d9a
train,clustered,20,445,202611210445,4,452.04,train/clustered/n20/clustered_n20_0445.tsp,b507ce1a647ffd25c54f2ca998e0d408b75283ede33f19ff53b6b0411b84e6cb
train,clustered,20,446,202611210446,2,490.361,train/clustered/n20/clustered_n20_0446.tsp,f2efa3ccd19bbc5caa063d0275bfd62bfc2d4291b7112a3da0cf358d7f6778af
train,clustered,20,447,202611210447,2,348.429,train/clustered/n20/clustered_n20_0447.tsp,b46dffb0cd4b1206c65270bc5a647654e6a63a34504b77d0bdb1af7486e6b3f7
train,clustered,20,448,202611210448,2,658.883,train/clustered/n20/clustered_n20_0448.tsp,df77700851b0997d3d48e2fa8169880316cf23271dc16868c0b2f84bac5826cc
train,clustered,20,449,202611210449,3,425.783,train/clustered/n20/clustered_n20_0449.tsp,cf4ebf7a6701c612e851229ee7a6b7e6ee4a171a3f7305ba6ee7af2897c8f326
train,clustered,20,450,202611210450,2,775.079,train/clustered/n20/clustered_n20_0450.tsp,166bf26f6a41d9b4b16a942588256c3d63d9daa75a6b4ba76b87fa9d6abc86aa
train,clustered,20,451,202611210451,4,508.46,train/clustered/n20/clustered_n20_0451.tsp,4b190e491600fd38ca9d90e4a8f3d38ff666d38cf921d8253d9e48136f63a61f
train,clustered,20,452,202611210452,2,416.446,train/clustered/n20/clustered_n20_0452.tsp,ceda5ebe7dcbf236b4a43285b800c738d1c0e4d928602a24053a7def775512cb
train,clustered,20,453,202611210453,2,552.97,train/clustered/n20/clustered_n20_0453.tsp,c36b9946563f662a50db5bfe1e59e196d0b3317f72e67a33cb5a30d6d514928d
train,clustered,20,454,202611210454,4,738.471,train/clustered/n20/clustered_n20_0454.tsp,2bd208fca80f9fcfa66ebfcccbb67924e26315d764fd24b8ca45abd9fb4ead57
train,clustered,20,455,202611210455,2,437.174,train/clustered/n20/clustered_n20_0455.tsp,905e57300931a3acc5bfc6ab24a29e36575db41e7683ed58e3ad9ae6a265992a
train,clustered,20,456,202611210456,4,334.162,train/clustered/n20/clustered_n20_0456.tsp,a0bc4da68a21bd91a008d1377489a4049ba4048a72ccffb01930ee982e4e7454
train,clustered,20,457,202611210457,3,442.992,train/clustered/n20/clustered_n20_0457.tsp,9df0bd926fd06a02506d562274240781799c4767ffd7dfd76b692ddfc2c94373
train,clustered,20,458,202611210458,4,699.181,train/clustered/n20/clustered_n20_0458.tsp,5a395277085c5fbed03d2b88cfc813f0297f2b0aedbc6144701554a073046e4d
train,clustered,20,459,202611210459,3,450.321,train/clustered/n20/clustered_n20_0459.tsp,4de3ef2e76d23ab4d7dbf4e1db884a7f08f2ae7ccd4c739476950b118b6b336f
train,clustered,20,460,202611210460,3,473.274,train/clustered/n20/clustered_n20_0460.tsp,0714858a6fb6803433ef6d4f2deca1751f8157fef7c7c45168a6a0b4947d6a95
train,clustered,20,461,202611210461,4,591.276,train/clustered/n20/clustered_n20_0461.tsp,c3ac23d23f416fd55268d8b4ede8d5c978aa0c95c8230c9acb0ca30ca4f2e82f
train,clustered,20,462,202611210462,2,511.346,train/clustered/n20/clustered_n20_0462.tsp,e1a65fd9eaa3c01d7a6026145a47941dbaf37ca2c0fef18d32f967aa5dec395f
train,clustered,20,463,202611210463,2,303.853,train/clustered/n20/clustered_n20_0463.tsp,2d42983e03c2f745465a6d2c8c57419c853c1d33b1e7347d04e6ba62e1201764
train,clustered,20,464,202611210464,3,583.823,train/clustered/n20/clustered_n20_0464.tsp,57af013d0b230bc9d78d4bbc6406223caf8dc868f55fe8dbb74f5e37402201d3
train,clustered,20,465,202611210465,3,349.595,train/clustered/n20/clustered_n20_0465.tsp,e0a6267dd25d56da8ea3bbbc63bf44757ba3c0112b01721ff2d0ed55cabc14b5
train,clustered,20,466,202611210466,2,782.264,train/clustered/n20/clustered_n20_0466.tsp,1c170e2845eca761b63f6137ffd2c34607d98b3938abeaed62388dab8e7be3d3
train,clustered,20,467,202611210467,3,670.163,train/clustered/n20/clustered_n20_0467.tsp,a0752b76d43526d5eeed5b4b27d849636be73510546d80a6763dfa8fabc393d4
train,clustered,20,468,202611210468,2,575.31,train/clustered/n20/clustered_n20_0468.tsp,3620dc2a10063e28b3f3c54d0c2cac6cdb8031091661805f83ede47f61b2af3b
train,clustered,20,469,202611210469,3,822.561,train/clustered/n20/clustered_n20_0469.tsp,2f382b128b0d383771a8c848d4dca6a1bc3000aeeb6dcad7cc5793a3f5918f14
train,clustered,20,470,202611210470,2,436.872,train/clustered/n20/clustered_n20_0470.tsp,f0f9d06ec52500b40f623328e61b7a0f27c2c4c98a3106a8b8f0a56c53438013
train,clustered,20,471,202611210471,4,408.806,train/clustered/n20/clustered_n20_0471.tsp,1285ed45a67d5ac2ab664b557ad69fbea1e8ece05702d2f867f27211c2adadb2
train,clustered,20,472,202611210472,4,463.875,train/clustered/n20/clustered_n20_0472.tsp,a9ad012d6050364869a70bfe7afc30be8a65cecd83f6659aeec73b0d8b6bbd31
train,clustered,20,473,202611210473,3,646.009,train/clustered/n20/clustered_n20_0473.tsp,94811d2801606d092f38c1a9c52a31127a5bb9c2f5e1a89f0b9d33095ccdb5a9
train,clustered,20,474,202611210474,2,407.085,train/clustered/n20/clustered_n20_0474.tsp,b073601095d2120cb04597f2d76896d268407db89ad487f84e8e5faeebb8f04e
train,clustered,20,475,202611210475,4,437.082,train/clustered/n20/clustered_n20_0475.tsp,68244e10d834f9812761b6173f2cdfdb566e973ae0a41d8af8c0cd9ab28f970d
train,clustered,20,476,202611210476,2,312.925,train/clustered/n20/clustered_n20_0476.tsp,64cd09a205d855d97426073339f7a87e53a4e709ede981fe6ab0bf75fc5c41a2
train,clustered,20,477,202611210477,3,492.972,train/clustered/n20/clustered_n20_0477.tsp,59196348b565516d23ca5877212607bb1bdabe37474b327580bd471f89c688d0
train,clustered,20,478,202611210478,3,420.896,train/clustered/n20/clustered_n20_0478.tsp,b7bef21af82ce9c8433c07dcc56267fb92682e0575eeb17b773e3461f1a148e3
train,clustered,20,479,202611210479,4,498.653,train/clustered/n20/clustered_n20_0479.tsp,7f9e02252e16aae5e50fc0fd58299a6a6ab67433ee8ed8edef99a8ca19831b60
train,clustered,20,480,202611210480,4,390.616,train/clustered/n20/clustered_n20_0480.tsp,665dff55ad569ede14e65673b931c54263714c6500fbb0ceb3101d450fe347e0
train,clustered,20,481,202611210481,3,761.346,train/clustered/n20/clustered_n20_0481.tsp,c7cc4297f4a6cb5502b6f29279a92bda69e982f086f63ca9cd7503fdd8a95200
train,clustered,20,482,202611210482,3,693.097,train/clustered/n20/clustered_n20_0482.tsp,49100623b492232f5ac0e910dd8f2f2eb25ce77da5998d27dfacba9d1f9ee255
train,clustered,20,483,202611210483,3,782.946,train/clustered/n20/clustered_n20_0483.tsp,bfedb076593208f03ae75595c9607d460ca6c4bab96658cf16b816cc71afb0ac
train,clustered,20,484,202611210484,4,835.608,train/clustered/n20/clustered_n20_0484.tsp,86bddb18b26900cbac4e1098c773539ae69047557032e15e587aae18fbb86563
train,clustered,20,485,202611210485,4,801.441,train/clustered/n20/clustered_n20_0485.tsp,49039cfe3bafc2d2edfce662ca3f5e37c2a2b2b20fb83061b438dca1aee01beb
train,clustered,20,486,202611210486,3,708.013,train/clustered/n20/clustered_n20_0486.tsp,98af12d90b0955de6155734aa250b785071a2a13f3b0cf8f33f594e752dcf70f
train,clustered,20,487,202611210487,4,336.742,train/clustered/n20/clustered_n20_0487.tsp,ad190cb8d5304dd8021b0afec121ec241e67042dabaaf02fa94c1a3982f4fcc0
train,clustered,20,488,202611210488,3,510.96,train/clustered/n20/clustered_n20_0488.tsp,24eda74727dd1d3cb65b98205c29b75ee862c144151933fd94bb15330c76fe53
train,clustered,20,489,202611210489,3,416.375,train/clustered/n20/clustered_n20_0489.tsp,d0e18aadbbe1374ea4f0ae0d67950e9837bd9531426126098ecd3807d9b7852c
train,clustered,20,490,202611210490,2,503.983,train/clustered/n20/clustered_n20_0490.tsp,eb39db60e8dda1e77a461fee5af6ab634df5d487ee7f2d0f055dbe110689a366
train,clustered,20,491,202611210491,2,478.425,train/clustered/n20/clustered_n20_0491.tsp,1c9360ea2c7b29595c84f285fc1c19f99a5e210525a44515f70b490f6feb0edb
train,clustered,20,492,202611210492,2,404.418,train/clustered/n20/clustered_n20_0492.tsp,f732fb5611f227190aa7083dda00201abe4b661a1bd7fe0bd0b61bf732ae57b7
train,clustered,20,493,202611210493,4,680.243,train/clustered/n20/clustered_n20_0493.tsp,72df42b47f544f8696754392e58256ce07c7f43366f0d8387f9038bb58c2759c
train,clustered,20,494,202611210494,2,665.98,train/clustered/n20/clustered_n20_0494.tsp,8805abdcb9c6d44059a97d78682193cf72e93bccf202ca9fdead7183c8e5ff01
train,clustered,20,495,202611210495,4,749.512,train/clustered/n20/clustered_n20_0495.tsp,d5318d8595abf11c34ffc3d811fd1cad5b5e0d996fabd073e5206f26ed6f9dd2
train,clustered,20,496,202611210496,2,551.44,train/clustered/n20/clustered_n20_0496.tsp,584e4872eb71ab490ee0195cc5b5e46563c6ce9763f781120cfa6d401cf8432b
train,clustered,20,497,202611210497,4,641.01,train/clustered/n20/clustered_n20_0497.tsp,e1d9cc6492a6d9c6074dad695c3ec7c759d5a043ff6a122b4ee89a8c033f2d1c
train,clustered,20,498,202611210498,2,483.271,train/clustered/n20/clustered_n20_0498.tsp,493be55a84227fe70d14843a0efe6ca3cdacf5f7d098e706b0b91333bcf12ab7
train,clustered,20,499,202611210499,3,415.571,train/clustered/n20/clustered_n20_0499.tsp,2f8abd0a91fd02aca4edafb8fd6e39c0fc77c16bbd189930a6cefa6c5f141f92
train,clustered,30,0,202611310000,3,822.269,train/clustered/n30/clustered_n30_0000.tsp,709ab894115b95c9489dd9802dfe29767bee7b6acdd5b5adbe0e1977989a467a
train,clustered,30,1,202611310001,3,392.558,train/clustered/n30/clustered_n30_0001.tsp,b66ccf083a7c9dce21ba46165180f795cbaf25dbdde9f49fbab5a58154287458
train,clustered,30,2,202611310002,3,485.776,train/clustered/n30/clustered_n30_0002.tsp,0a6a1af62249b2b36c77b343cd5d3561f5080151b781cc8283e016841f153d99
train,clustered,30,3,202611310003,5,657.149,train/clustered/n30/clustered_n30_0003.tsp,a539563235621f8618b7a8ffd755ccb18bb32faedee0229a1c3e98616b072354
train,clustered,30,4,202611310004,3,838.389,train/clustered/n30/clustered_n30_0004.tsp,3eb90e4941a688de5cf7c22baa102b47fec72c3a96163d1193ad866a2ac6c1ca
train,clustered,30,5,202611310005,5,335.161,train/clustered/n30/clustered_n30_0005.tsp,7899cf748bab3ef2c5d4462c4a649e837fd2e2235317c529d437d5b6c3cca190
train,clustered,30,6,202611310006,3,541.278,train/clustered/n30/clustered_n30_0006.tsp,5d4e429d320198ab6d8555b8c503f55481beaf7bbda051b1bc21d999824a4fc2
train,clustered,30,7,202611310007,3,654.131,train/clustered/n30/clustered_n30_0007.tsp,22c59e800a209a9db9e1e9aeda79025c51716179e0d30bf4b46d477339f520e1
train,clustered,30,8,202611310008,3,403.949,train/clustered/n30/clustered_n30_0008.tsp,315a5cc9ec6357c73578aefd26ad53324e51eba4e2df25fe39a0fa7adacb5d4d
train,clustered,30,9,202611310009,4,815.939,train/clustered/n30/clustered_n30_0009.tsp,ad0e49bda609c930cd141b54ce3c43e3ec1bc32771181211db720b583f31f2d1
train,clustered,30,10,202611310010,5,569.001,train/clustered/n30/clustered_n30_0010.tsp,6c3039923240375743804676a28ebaea2f2da5ca2ba85093b8b435d09450c65a
train,clustered,30,11,202611310011,4,350.555,train/clustered/n30/clustered_n30_0011.tsp,3eb98f4e2553ed34537cbbd2803533a33c3b3ed62d14ea1388e17719d617b89f
train,clustered,30,12,202611310012,3,804.977,train/clustered/n30/clustered_n30_0012.tsp,6066f3e210b1e13d48203e6586d3ce74092d162e6b609f0113ce8cdce2a28de0
train,clustered,30,13,202611310013,4,691.166,train/clustered/n30/clustered_n30_0013.tsp,93a979a6b87320dd951a4f28cbd3ed1357d256ed31d02a2ffbb6141a61af3348
train,clustered,30,14,202611310014,5,338.865,train/clustered/n30/clustered_n30_0014.tsp,78f5e093656da180b4fd0c991463411a4536a950a7afbf9d3799fb16d5911a54
train,clustered,30,15,202611310015,3,665.077,train/clustered/n30/clustered_n30_0015.tsp,b382a82b7cf653cf5126c6285ccdb278d4a796a0a2ed4c65e42a712835a750c8
train,clustered,30,16,202611310016,5,800.865,train/clustered/n30/clustered_n30_0016.tsp,94081d1a0834c855c1fcee310f0a3d94cd8b8a87d130c5a8b7135ea2b6857d1a
train,clustered,30,17,202611310017,3,306.911,train/clustered/n30/clustered_n30_0017.tsp,f5f217b8ee060eb6f2caabb1d51c99c3466aa0a3ed5fe49cdd4fffed176a4465
train,clustered,30,18,202611310018,4,501.656,train/clustered/n30/clustered_n30_0018.tsp,2c4c65c4b89af198ba777c064975d5fd8e9ec5d52cf8250668395047c2544649
train,clustered,30,19,202611310019,3,664.445,train/clustered/n30/clustered_n30_0019.tsp,df8f337a266fe1b996ec9777d2ed6ee6b50795027074639c0a320cfe72475d34
train,clustered,30,20,202611310020,3,510.155,train/clustered/n30/clustered_n30_0020.tsp,e80b58f4a5c100642b2fdd6b7aa1eba51e5d9bf8eccd884bb3af261f94c0edd1
train,clustered,30,21,202611310021,4,770.262,train/clustered/n30/clustered_n30_0021.tsp,bbe2cf25d5d24800399d566dbcba39286a659d029ef886f7098f9c87698d8986
train,clustered,30,22,202611310022,3,663.459,train/clustered/n30/clustered_n30_0022.tsp,665f2440051da83fc723f6d3b74da20f4aa672303a629e51d318562d67b3ccb5
train,clustered,30,23,202611310023,5,810.772,train/clustered/n30/clustered_n30_0023.tsp,1e94aca825b63bd1d6c588effea75e16befac74a720ecfd3dd9c8e3ad3da7d26
train,clustered,30,24,202611310024,3,628.879,train/clustered/n30/clustered_n30_0024.tsp,0dd0f4148574e85e957083e9304f4be33f0bee06d27892ed1007f27096cbc42a
train,clustered,30,25,202611310025,3,716.899,train/clustered/n30/clustered_n30_0025.tsp,877e2d36c761e87b3bdacb00f472cf266955db65ac568f7f63b5a69ffea05d9e
train,clustered,30,26,202611310026,3,754.131,train/clustered/n30/clustered_n30_0026.tsp,eadcbd8f01ee3b652323c3ed723cc3d556da2a4d83d6e88e3cfe204f6af4a3a3
train,clustered,30,27,202611310027,5,304.464,train/clustered/n30/clustered_n30_0027.tsp,3a49f80b27f9d2d6967478e5a8d0ca9955e6cd1fa38301492d0c8af6e08af817
train,clustered,30,28,202611310028,5,576.764,train/clustered/n30/clustered_n30_0028.tsp,90070b7578e329b977c50c4384c78dd749ed23ba657d5e1bccb54982f3180e5a
train,clustered,30,29,202611310029,3,304.435,train/clustered/n30/clustered_n30_0029.tsp,72ee7aad471843800336a9e06fad69e94c1dae84d5859b81e54f7c016956ce6c
train,clustered,30,30,202611310030,4,573.456,train/clustered/n30/clustered_n30_0030.tsp,5101181e12e3f1350cd86696be3c20d2a87c06dea19f70090ee4ec9d992f70ae
train,clustered,30,31,202611310031,5,409.923,train/clustered/n30/clustered_n30_0031.tsp,26e90273827d7a9387a31c187857b17f6b6cdeb55aa36772a787f57da2090a31
train,clustered,30,32,202611310032,4,384.672,train/clustered/n30/clustered_n30_0032.tsp,fe23df1de46a67157bc2e70cc79341761edb6a9cbd81eb1cdff71f63ea34a1f3
train,clustered,30,33,202611310033,4,570.811,train/clustered/n30/clustered_n30_0033.tsp,b6eedc21bfab877d1c9002153a7d9e586829dc17971a615af2a65c06b1b66891
train,clustered,30,34,202611310034,3,745.398,train/clustered/n30/clustered_n30_0034.tsp,4824b499394859c847b100ae662551eafef9cac51cf0508d31bc2593f375028a
train,clustered,30,35,202611310035,5,424.051,train/clustered/n30/clustered_n30_0035.tsp,b8233529e47b8c568b05b24cf10c53e60e4374b3384c9d8a84de635cd032e4ad
train,clustered,30,36,202611310036,5,547.517,train/clustered/n30/clustered_n30_0036.tsp,7b33853d029527f2fc1ba986a66c7140af145875fce0d05a29c4cba521280205
train,clustered,30,37,202611310037,4,594.642,train/clustered/n30/clustered_n30_0037.tsp,0603af37f09ff824820d54b4232096d76d4fa2d21e28c878c2065d3afa8b45bd
train,clustered,30,38,202611310038,3,463.172,train/clustered/n30/clustered_n30_0038.tsp,2aa2a528baf59bfceb3cdd38e5b435cc24bf469738e9d23ff878064716a1dfad
train,clustered,30,39,202611310039,5,761.466,train/clustered/n30/clustered_n30_0039.tsp,dc7712b8f35ce75cf8063f19eb12b9d3f6da0583ce82e2cc16d87906e3075d9b
train,clustered,30,40,202611310040,3,301.227,train/clustered/n30/clustered_n30_0040.tsp,4bd5a4d1e4a77e325646f75d2c57a2cf0ca12dfec94ca37d96594fff1aba938a
train,clustered,30,41,202611310041,3,531.651,train/clustered/n30/clustered_n30_0041.tsp,4d615d37a70207ab5f0ede9563e6552b3219833e3dbb669b6a32796730f17db4
train,clustered,30,42,202611310042,4,506.154,train/clustered/n30/clustered_n30_0042.tsp,bfb468d800de2dbd2e9d3691a38dab8210225036ebe3ad7dc53b2cc6bc2d7ff2
train,clustered,30,43,202611310043,4,426.984,train/clustered/n30/clustered_n30_0043.tsp,1e27f3fefc1c1816a7c8e94c63f903179381584ec923fec2ae0d646106c737fa
train,clustered,30,44,202611310044,5,751.159,train/clustered/n30/clustered_n30_0044.tsp,c20905971a1edb8e2e3753138090dcb2502437d48dffc153671e0fffe7855758
train,clustered,30,45,202611310045,5,835.305,train/clustered/n30/clustered_n30_0045.tsp,7c9e2c3f1b2aa51fcf970ed7fafa08cc4354715d48954e412ac9236a5790e7c7
train,clustered,30,46,202611310046,5,553.794,train/clustered/n30/clustered_n30_0046.tsp,732ecbf4df03859106456bed326ce31c8a4276a9762c313cddc63367d99a621a
train,clustered,30,47,202611310047,4,621.77,train/clustered/n30/clustered_n30_0047.tsp,f52ee2d1cef4676ab68a735a4d5c2604febe8897f8ca5a4a03d5999bbdea1002
train,clustered,30,48,202611310048,3,680.524,train/clustered/n30/clustered_n30_0048.tsp,328905f924325675ad0b5c9225ecef95abad3f2f2025e571b8445f8ae1d66cba
train,clustered,30,49,202611310049,4,406.447,train/clustered/n30/clustered_n30_0049.tsp,870e5cc62a2e337850a759cc12839d7a8a2c35e25d9357302a49936e2defdbaa
train,clustered,30,50,202611310050,3,347.808,train/clustered/n30/clustered_n30_0050.tsp,50abceafc371d07ac4dd45a585bfa4bed0c5c26c5ca755ade619417409584d2a
train,clustered,30,51,202611310051,4,707.352,train/clustered/n30/clustered_n30_0051.tsp,83c6a0a1164bd00b5b9214728bb86ba0a1c4d9e3cd08a748c79268c17881757f
train,clustered,30,52,202611310052,5,505.408,train/clustered/n30/clustered_n30_0052.tsp,583c242ab7843d1635471eed92d66e3c6a993e6c0ddbc4498d30bbcff80bb753
train,clustered,30,53,202611310053,4,823.065,train/clustered/n30/clustered_n30_0053.tsp,24a052fb712946c72a0b703eaf8d0f1fac3c8472195c3d4f9372925bb126b27a
train,clustered,30,54,202611310054,4,377.574,train/clustered/n30/clustered_n30_0054.tsp,769456072650932a30c75fb66bb9aef1f382fc18fb1eb476285b9daa73880095
train,clustered,30,55,202611310055,4,646.46,train/clustered/n30/clustered_n30_0055.tsp,4055c98570f6f5edcf5cb523aa9f643ce807028676bebaebed9475cdb023b20c
train,clustered,30,56,202611310056,5,495.39,train/clustered/n30/clustered_n30_0056.tsp,04ef22d2daaef5817e1dfc4d58a8762f1f223b54ad3772e4a7d6a1e18b2b43d1
train,clustered,30,57,202611310057,5,798.906,train/clustered/n30/clustered_n30_0057.tsp,dc577314ec3c987f1a5f916c4094a59f118098d90612dc41f828eaf562a6a48d
train,clustered,30,58,202611310058,4,838.54,train/clustered/n30/clustered_n30_0058.tsp,5712771c8bdbf76ee72e8ba1c35f984262a77cb97aa1ce965e4178107da33080
train,clustered,30,59,202611310059,4,457.551,train/clustered/n30/clustered_n30_0059.tsp,efaac0d5e7552066deb32c6fb4a10e4bef6c3b98be8b0c3c82f0a7d1d49f47bf
train,clustered,30,60,202611310060,4,389.029,train/clustered/n30/clustered_n30_0060.tsp,2ecc5587e26bda186b4babf0f3f2e2de03a1c5da025254290fb9f005301d36d7
train,clustered,30,61,202611310061,3,345.181,train/clustered/n30/clustered_n30_0061.tsp,3d8e8028c22725e632786cfd23b465bdde23293b0c86f53b98edb37dffb1c02e
train,clustered,30,62,202611310062,3,766.169,train/clustered/n30/clustered_n30_0062.tsp,c1c621bcc9f804821bb8f7cc51101fdc56c9ea0e7abd66914aef3946d3515ce8
train,clustered,30,63,202611310063,4,545.298,train/clustered/n30/clustered_n30_0063.tsp,636a386ad892c7c2e35af69c5f8d8b64b0f42051c58e0df92f340987e94ca7a7
train,clustered,30,64,202611310064,3,467.291,train/clustered/n30/clustered_n30_0064.tsp,480b20e893290295402da6ac90689769bd028425f7362bfb123131fbb456ae74
train,clustered,30,65,202611310065,5,563.452,train/clustered/n30/clustered_n30_0065.tsp,80bf9f3bb249e42d1797fb76d8e3225f163c2ee6f40b839d0b11c39d1a2f9bf6
train,clustered,30,66,202611310066,4,302.238,train/clustered/n30/clustered_n30_0066.tsp,a63202bc5212524390370ed573399281a7dd77116d058169498b7e18de3a554a
train,clustered,30,67,202611310067,4,771.841,train/clustered/n30/clustered_n30_0067.tsp,ce8c4bcb13a14a0cbce1b0a75f2e07c45ebe405124d82df426b74990614f930d
train,clustered,30,68,202611310068,5,516.754,train/clustered/n30/clustered_n30_0068.tsp,7e7cfc3e3178329f9537aa26b5146a9cdc892ee0146b7e988c120ad2be37821d
train,clustered,30,69,202611310069,5,550.328,train/clustered/n30/clustered_n30_0069.tsp,4c7b97d3eccc1753eb3382df432c10b635a74688f76a4aff42840e72532e2592
train,clustered,30,70,202611310070,3,720.998,train/clustered/n30/clustered_n30_0070.tsp,ce14d909433e228ca04b9d55f303b002016dd9f9cb946f7b381f03972ba02569
train,clustered,30,71,202611310071,3,418.407,train/clustered/n30/clustered_n30_0071.tsp,9cf9c62e8ecaded12e7bc0b7475583d7af7a2031cb5de78011058bc86cbce1f9
train,clustered,30,72,202611310072,4,580.215,train/clustered/n30/clustered_n30_0072.tsp,8f3814f88e350ec697490dd188890048c89c3266cf79033db7d1b9d44e6b8a71
train,clustered,30,73,202611310073,5,332.221,train/clustered/n30/clustered_n30_0073.tsp,a0963920c3f958ac892333b54fe7ef212e7bd3b0e6a9fe8d5c3f573b14f6185c
train,clustered,30,74,202611310074,5,604.148,train/clustered/n30/clustered_n30_0074.tsp,a1458358cd23c719ece3e0bd188c5e5abd29e3a4524e4ddfe41ca8c772f998d9
train,clustered,30,75,202611310075,4,320.164,train/clustered/n30/clustered_n30_0075.tsp,bb3c400c0ef5416109970dbbcf80df029338b2f1a3e9f516892b5f9280a26e95
train,clustered,30,76,202611310076,5,385.175,train/clustered/n30/clustered_n30_0076.tsp,61dfc81fea260ae2edcfc46faf6f071deb41f443820e031fb90ad04aa014b0c8
train,clustered,30,77,202611310077,5,373.915,train/clustered/n30/clustered_n30_0077.tsp,8743e69b1de8515cf02d59386beee5e51bf80031f60bafc8f895c4f6a87a0250
train,clustered,30,78,202611310078,3,810.137,train/clustered/n30/clustered_n30_0078.tsp,c2e07f7df6cdd40142146badb75ec2187f6b35c965f7190726f344725221ed25
train,clustered,30,79,202611310079,5,711.679,train/clustered/n30/clustered_n30_0079.tsp,dbdfd6fd18c3609e861c23f1cd341b3df240a7b53f5ce98cbbeebbe44dd837bd
train,clustered,30,80,202611310080,5,637.205,train/clustered/n30/clustered_n30_0080.tsp,d88f8923e0e1a92c5d94b27e160353a9a9e8f9a73bed486f62eda186b096ef52
train,clustered,30,81,202611310081,3,589.486,train/clustered/n30/clustered_n30_0081.tsp,fb84f21ddc7b0aa9036dd776b38625f8f5626d313de2423a99b21362bdcaac0c
train,clustered,30,82,202611310082,4,634.321,train/clustered/n30/clustered_n30_0082.tsp,193ecb9212814c0593bdc06691e09b613bfaaab43af0b7d7732fb5525b7c67fc
train,clustered,30,83,202611310083,3,432.873,train/clustered/n30/clustered_n30_0083.tsp,53f67b93d0c52a80d7190f9ffe5d57fc8195efe311d96efe8e64ac36f3fb9abf
train,clustered,30,84,202611310084,3,645.456,train/clustered/n30/clustered_n30_0084.tsp,5ddcfb7923058ef290fd336c7d8599f25c9d2645bb382c496191a5a5a74572d4
train,clustered,30,85,202611310085,3,493.805,train/clustered/n30/clustered_n30_0085.tsp,a69642020f02ac7ec7ddeded99f7d753f8261e4a42ac2c0d0fb809c541674046
train,clustered,30,86,202611310086,5,438.477,train/clustered/n30/clustered_n30_0086.tsp,744e19be9b1b860f2e46500f88a8cf4d05f383ab56aa71ec6c744e759b1c3a94
train,clustered,30,87,202611310087,4,535.856,train/clustered/n30/clustered_n30_0087.tsp,b878efb9093a799b47633d9baee6e346f5deb7fd9fbbd82760ba19c532b852a0
train,clustered,30,88,202611310088,4,451.329,train/clustered/n30/clustered_n30_0088.tsp,75ccb0fee5e8752c880d301e67e37d799cbd6cd741c62f82bfc8e40a3d480c4b
train,clustered,30,89,202611310089,5,670.143,train/clustered/n30/clustered_n30_0089.tsp,4bb090ddf92aede1c7c26d0b6783f13bfd05d8093ae20484be03037d0d42f9d1
train,clustered,30,90,202611310090,4,697.737,train/clustered/n30/clustered_n30_0090.tsp,52781f1666bf86d7290b96fbef542c0523a09a450db5144fc15e0abbcee5496a
train,clustered,30,91,202611310091,3,390.677,train/clustered/n30/clustered_n30_0091.tsp,66f6b55905babedf6fc1f63179d1c4ad58419219f10579babf61e5c7895b6f87
train,clustered,30,92,202611310092,4,308.175,train/clustered/n30/clustered_n30_0092.tsp,08ccc2380c41c3f9e1f553e19b2b146dca5f923408f29a567565e051254ff963
train,clustered,30,93,202611310093,5,516.945,train/clustered/n30/clustered_n30_0093.tsp,1f211f860f99a3c8292eb1eb2f33e55a37cc253f3c639a8f48e1f87f577ade27
train,clustered,30,94,202611310094,5,617.566,train/clustered/n30/clustered_n30_0094.tsp,4af3bd10deea6870eef522cc64ca7ec0b0bcbd6b29cf889f180aa0051a4e2685
train,clustered,30,95,202611310095,4,752.217,train/clustered/n30/clustered_n30_0095.tsp,0d8a9d8ccbb78226bbdaf610a90ef3d086251902e83747e3692491052f05eb10
train,clustered,30,96,202611310096,3,331.252,train/clustered/n30/clustered_n30_0096.tsp,48731e8bb294e339221db4589f072f7272a396b557de6a059022110bafd3405b
train,clustered,30,97,202611310097,4,423.891,train/clustered/n30/clustered_n30_0097.tsp,1ba77badd4a91e8ba3c939e76314941960702d5ebc6ba015abe7767e35b68327
train,clustered,30,98,202611310098,4,698.456,train/clustered/n30/clustered_n30_0098.tsp,27e3fafe650a48f2109576b6545d891c7290fcf4627ca7f575cf5c36b681a487
train,clustered,30,99,202611310099,4,630.576,train/clustered/n30/clustered_n30_0099.tsp,039392737578e086352e8a13d0d8759705722904a1812ac0b7201592ebfc0495
train,clustered,30,100,202611310100,3,838.49,train/clustered/n30/clustered_n30_0100.tsp,1f34990c09516200cbfd482e63f1cdcbcdddefcdacc042674343ec894d04cada
train,clustered,30,101,202611310101,3,753.668,train/clustered/n30/clustered_n30_0101.tsp,e188042987b01e09a0e05c040631f7a464119a0b0bd84135cace2d8ae7547888
train,clustered,30,102,202611310102,3,692.387,train/clustered/n30/clustered_n30_0102.tsp,b3403a8a835401f9c8e5ca4f1a5299b83c479fa707503a46be5595e726219a66
train,clustered,30,103,202611310103,5,650.154,train/clustered/n30/clustered_n30_0103.tsp,adcb633c578ac9538a1473f9b5aa36858c1d96950b8ae41e5059f478e12eb4fb
train,clustered,30,104,202611310104,4,417.055,train/clustered/n30/clustered_n30_0104.tsp,640f0d9ad8ebc6892ac5090e4bd3da69aa7b915dd6f22420a4008c5edc4920ca
train,clustered,30,105,202611310105,3,663.675,train/clustered/n30/clustered_n30_0105.tsp,802171f9a39b86f8fd2748cd56d6f0b3a970055c8d09788789d07ab0e97bb988
train,clustered,30,106,202611310106,3,838.458,train/clustered/n30/clustered_n30_0106.tsp,4652c34870b83beb7c03add704b48307ded64f011391c8b528d2d3d8e4fcf394
train,clustered,30,107,202611310107,3,611.642,train/clustered/n30/clustered_n30_0107.tsp,3f0b4e8dc9e90b7558b37b4beea594544f90ae726e440299792579432b181fd8
train,clustered,30,108,202611310108,4,471.325,train/clustered/n30/clustered_n30_0108.tsp,80fd6b017eee905113ff30c99b3582686ee96fd1a802d5865e8c1d20d79b10ba
train,clustered,30,109,202611310109,3,430.531,train/clustered/n30/clustered_n30_0109.tsp,d2e6dacf3a2051a9b7eb30fa07a3465c6807eb2f4b674d22926024568bf1f781
train,clustered,30,110,202611310110,3,347.978,train/clustered/n30/clustered_n30_0110.tsp,1a5170adc2e2ad364155bc7ff125ff5fb5d8aa9c457e58fcc55b877381d31f0d
train,clustered,30,111,202611310111,3,424.486,train/clustered/n30/clustered_n30_0111.tsp,086c230b30d56cb8ad035305d988724858295a56c5b8c0f6d40b38ddfbef3947
train,clustered,30,112,202611310112,4,727.698,train/clustered/n30/clustered_n30_0112.tsp,7e39f40e6b46145ef5de2fa995ca3eecda1db70f4986a591bc90de62bc9081e3
train,clustered,30,113,202611310113,3,582.857,train/clustered/n30/clustered_n30_0113.tsp,26d7021bc8716a142a67f0b180501ad0298a1b80f64c24866d45e77c82c6aa5f
train,clustered,30,114,202611310114,3,446.183,train/clustered/n30/clustered_n30_0114.tsp,dedff159f2a1028d85615ecd9aeb9e1b2286c32b8bfec3c32f7a0151de383e71
train,clustered,30,115,202611310115,4,360.465,train/clustered/n30/clustered_n30_0115.tsp,41b39682261208a0cdedab5bbe144e2b6f598ddd1805b0ae57e402864558f0ed
train,clustered,30,116,202611310116,3,363.266,train/clustered/n30/clustered_n30_0116.tsp,ad2057516f73f66860a752bf2639754c73874cc120364815eb71304abcc087d5
train,clustered,30,117,202611310117,3,841.889,train/clustered/n30/clustered_n30_0117.tsp,516cc6ba31091ffbe1f1283387568fd0a926ada4387084e20a025f23a18fabda
train,clustered,30,118,202611310118,4,608.793,train/clustered/n30/clustered_n30_0118.tsp,307164c271eb91cfc37ede1152abf456fd6b8528ca9fd15cdcdb00482f29fe00
train,clustered,30,119,202611310119,3,318.709,train/clustered/n30/clustered_n30_0119.tsp,4f5c3c40d0af90cddf73a3b2380fb6719d4c49dd43de76dc317a1243261407bd
train,clustered,30,120,202611310120,4,400.08,train/clustered/n30/clustered_n30_0120.tsp,f5813312d748d68aebfc3e5d17ba0352af6490ff76f414b5f5db238cc32a3cf1
train,clustered,30,121,202611310121,4,552.248,train/clustered/n30/clustered_n30_0121.tsp,3f5c97ca721aa74363d5aa4da7f80def26ebec60937bf498691bf39ff973ff57
train,clustered,30,122,202611310122,4,378.89,train/clustered/n30/clustered_n30_0122.tsp,72c5b77122c81b7923a823a74b9acb01d48b5f79b6a45558304452a32a171b86
train,clustered,30,123,202611310123,4,517.913,train/clustered/n30/clustered_n30_0123.tsp,251be95ad26cd4de802128a13c261c2bf95ecda8aa8d7ea2fae49d62e5fcaa52
train,clustered,30,124,202611310124,5,402.929,train/clustered/n30/clustered_n30_0124.tsp,43d79e189939a16098821dd815b0ea02b3fe46a9d10fd3e98e113f56596bbb59
train,clustered,30,125,202611310125,4,841.217,train/clustered/n30/clustered_n30_0125.tsp,4bc61882ab30efdcb84eba75aa755ed1c1785da7383373468b15e946a8c3f2f1
train,clustered,30,126,202611310126,4,443.474,train/clustered/n30/clustered_n30_0126.tsp,d03ba3ebf2e7506dba6f2deff9af929e30678e2cd11485969676627030d28a69
train,clustered,30,127,202611310127,4,591.315,train/clustered/n30/clustered_n30_0127.tsp,96882e20cb1106839bbdcb78633eb871b36de4c3075266dd4e81ecd62f4f7b95
train,clustered,30,128,202611310128,4,522.849,train/clustered/n30/clustered_n30_0128.tsp,bbde9ccba892651bca26056c50e268171570a821f8fc437ba783e3e43c128c3d
train,clustered,30,129,202611310129,3,386.623,train/clustered/n30/clustered_n30_0129.tsp,e577bd9478cab3eab056efc3abf8e968d77da5ff0ecb2d028ef09c1cc057e286
train,clustered,30,130,202611310130,4,762.582,train/clustered/n30/clustered_n30_0130.tsp,7c2acd5bacc0d58d7d54502db5fe1bbd8d058d020d7ded942061a6fad47feff0
train,clustered,30,131,202611310131,5,537.864,train/clustered/n30/clustered_n30_0131.tsp,db96c68da62adda10181b3c0d0ceb120a5eee9bca26800124d4cb2e814ac8459
train,clustered,30,132,202611310132,5,608.832,train/clustered/n30/clustered_n30_0132.tsp,7c2f28319c1f9738b8df68de60eb8531865a39b906dc37b379450e1e36d7b69b
train,clustered,30,133,202611310133,5,694.283,train/clustered/n30/clustered_n30_0133.tsp,acbd5a92cf5988ed57d91f61857eeb763694f030ad57fb5b8c3dbcd040fcbf2a
train,clustered,30,134,202611310134,3,483.11,train/clustered/n30/clustered_n30_0134.tsp,71a5ba0ba8d418d8432d6e23399be6b33984adea203d0947adbf483a2d5f1585
train,clustered,30,135,202611310135,5,698.89,train/clustered/n30/clustered_n30_0135.tsp,4a9cd3035161f28040fbdd05b02a759dae14a40c2805cffd9a9fbd85b23f6150
train,clustered,30,136,202611310136,4,639.541,train/clustered/n30/clustered_n30_0136.tsp,4fd3d6e2cedc6f192867bbb98fb921850996f45a815755bfc7267ec2beca6267
train,clustered,30,137,202611310137,4,551.552,train/clustered/n30/clustered_n30_0137.tsp,c7b939f81810d09d66baee3ed877104ac67ae2e6a9661177038ae7c7ed73df21
train,clustered,30,138,202611310138,4,402.969,train/clustered/n30/clustered_n30_0138.tsp,e7fa8b13bdf6dda8c0e5c0dc53ca036723bcaa88e5d86bdd2bd76015eb5145fd
train,clustered,30,139,202611310139,4,415.486,train/clustered/n30/clustered_n30_0139.tsp,d640733a144c36643bb82b3ba26d5f5da49a927e363bc144c2d58803858a0364
train,clustered,30,140,202611310140,3,380.456,train/clustered/n30/clustered_n30_0140.tsp,329e1f9a2f33351e22dd31cbe8b401b7a19ccef9b462c654f01bcd2050c2b041
train,clustered,30,141,202611310141,5,782.906,train/clustered/n30/clustered_n30_0141.tsp,8d8efe04732d6b2e8f32cc5957e1dfea04fcbfdc6242a36ac23ea487ce59e8b6
train,clustered,30,142,202611310142,5,815.76,train/clustered/n30/clustered_n30_0142.tsp,915641a169e40fd7b5f51c6609baba242722ca0623da53d170190e1edbe5ddfc
train,clustered,30,143,202611310143,3,708.186,train/clustered/n30/clustered_n30_0143.tsp,e7dc4b183a6ced53ecbc511c7e617d36523531b4eb4dd9f14b94ee14ae39eb36
train,clustered,30,144,202611310144,5,831.812,train/clustered/n30/clustered_n30_0144.tsp,4c720787e8ead60a5015372fe191ccc050db1c8f17275df09eff1f1ce1a9261a
train,clustered,30,145,202611310145,4,574.238,train/clustered/n30/clustered_n30_0145.tsp,f99100cd976ea24e15827af734c137814a7dd1acae34ff6ddec36c6cdbc5fd91
train,clustered,30,146,202611310146,3,558.613,train/clustered/n30/clustered_n30_0146.tsp,d7f8f612daa7bab9fc75adbe3ee9c5754a95aa4035b530a76eb2efd49179a971
train,clustered,30,147,202611310147,3,825.702,train/clustered/n30/clustered_n30_0147.tsp,95fc25da4286bfd04ce0e1f9c0a36da4e2344b2e3387713af58beee1d911072f
train,clustered,30,148,202611310148,5,809.502,train/clustered/n30/clustered_n30_0148.tsp,50e39e1deaf6a865757943cf319202f6804ca769ae1bab836d4a06a6a3f587c7
train,clustered,30,149,202611310149,4,818.244,train/clustered/n30/clustered_n30_0149.tsp,217af88ea808b3bc58667cb79dc572cffb921eeda4a97033cf83303f05d07ee7
train,clustered,30,150,202611310150,3,605.01,train/clustered/n30/clustered_n30_0150.tsp,39e1fb92d23f1da17448fbfa3b27194d2916dbcaf194e6d919e147efbe698ef4
train,clustered,30,151,202611310151,3,484.739,train/clustered/n30/clustered_n30_0151.tsp,c7a92fd06c4daab1b8e5617cd310e5d6791595c62d1a3eb510c3b3f99f3b0e37
train,clustered,30,152,202611310152,5,713.318,train/clustered/n30/clustered_n30_0152.tsp,d1021cdbd00518fc7397f027f11703040724e9348b7c7e3b48de9536385b7653
train,clustered,30,153,202611310153,4,671.918,train/clustered/n30/clustered_n30_0153.tsp,88a22017ef96d6d0f72cf872db0c6938e35c1a05c8d0b2f5c1506f4051fc9031
train,clustered,30,154,202611310154,5,756.623,train/clustered/n30/clustered_n30_0154.tsp,82efb2320952d3c55fe3302c775783ee715d7df7d65444de990da7f83c14d358
train,clustered,30,155,202611310155,4,761.316,train/clustered/n30/clustered_n30_0155.tsp,9e6b56d8aee5079782c96cdd700576e5769300eaed9d9ed461d4d8a6085784f0
train,clustered,30,156,202611310156,4,424.85,train/clustered/n30/clustered_n30_0156.tsp,fd3398b2ae0ef26fc161c7000bc5186688454afb5e8e47d6a189ed334416b20b
train,clustered,30,157,202611310157,3,703.03,train/clustered/n30/clustered_n30_0157.tsp,58ee860569ada0ecf9389395fd3ccc39a0b1a9d6aa1f24e7ec88c8b91ed8e5a4
train,clustered,30,158,202611310158,3,596.565,train/clustered/n30/clustered_n30_0158.tsp,c28f789c2591e0af57e86b60b78a84ed213271de3f5705c217870db8912a8257
train,clustered,30,159,202611310159,3,500.596,train/clustered/n30/clustered_n30_0159.tsp,37b111ffe37a35ffd50b87fe2c020b610fa199205fc887ad2e2d6d8a387aa8d0
train,clustered,30,160,202611310160,4,660.708,train/clustered/n30/clustered_n30_0160.tsp,1f56c82557e8c1bc9132891966fc108f9bdc364372ed7d007d70130270b30e6d
train,clustered,30,161,202611310161,4,676.032,train/clustered/n30/clustered_n30_0161.tsp,bb874b0d03e862c3eff20c62015004c14c5046994997163bdbf67cc0ab79f5eb
train,clustered,30,162,202611310162,5,592.566,train/clustered/n30/clustered_n30_0162.tsp,a5465fae69a9cc2e1e65e7e89c44b85a8166083a87b175f0934e146bc44dbcdf
train,clustered,30,163,202611310163,5,641.64,train/clustered/n30/clustered_n30_0163.tsp,392a6421ed802e8c6dc42100a1cdc4164ab44619b130d89b67185fe9bd3f7c1e
train,clustered,30,164,202611310164,4,606.416,train/clustered/n30/clustered_n30_0164.tsp,c0a6fe9496e76e54918f24f47dc11db56fa776c09591e818c87cce2ed0c34bc1
train,clustered,30,165,202611310165,4,569.642,train/clustered/n30/clustered_n30_0165.tsp,b0d38c64af5c431292a8f99ede8ad9e3164250e9aef62ad79f10a61de109879e
train,clustered,30,166,202611310166,3,510.884,train/clustered/n30/clustered_n30_0166.tsp,5bcb2c52bc6815df7505a59270792d6056b8bf9334575ef2168ae0b44335e67a
train,clustered,30,167,202611310167,5,358.442,train/clustered/n30/clustered_n30_0167.tsp,81b09a13a028afcb892504021cd38115a848373653d85bf6cb0bb32d29206734
train,clustered,30,168,202611310168,3,489.947,train/clustered/n30/clustered_n30_0168.tsp,9ee3ad40d190c280531b33f75da4f13bb73ac851137f5b43992b917328aaedfa
train,clustered,30,169,202611310169,3,767.299,train/clustered/n30/clustered_n30_0169.tsp,873d11c93e2a9ca7a5d5568ff569a2cdab914a254c2d3b231e0f2628cb877b9a
train,clustered,30,170,202611310170,5,847.56,train/clustered/n30/clustered_n30_0170.tsp,847464fd150cade611d979cd4ba0241e1b7a7f80f6a2fef681350635791c75fe
train,clustered,30,171,202611310171,3,655.761,train/clustered/n30/clustered_n30_0171.tsp,630618f0c7007713e1878df9a1f9484c0f0d4795a0d914ddea57fd3bb9d091af
train,clustered,30,172,202611310172,5,444.405,train/clustered/n30/clustered_n30_0172.tsp,ab22c5fc1772ad1e5d05db720aaadaf9644e64a4b95745849fd91020feb4b34f
train,clustered,30,173,202611310173,3,425.92,train/clustered/n30/clustered_n30_0173.tsp,45fe1fe450b0a7be1398c736ca4a6e83d1fbe9f1c73457912f3be5a8bb723065
train,clustered,30,174,202611310174,4,448.96,train/clustered/n30/clustered_n30_0174.tsp,6c84aaee677ad118227eb64c2a6834ae33fd4cb87586e9c98ae0f5f4c641fa69
train,clustered,30,175,202611310175,3,545.258,train/clustered/n30/clustered_n30_0175.tsp,dd6e60eca52b064d5fd24ac5c6350982facf0bbbabb24d5c0047b145f7ec945f
train,clustered,30,176,202611310176,3,537.952,train/clustered/n30/clustered_n30_0176.tsp,8541dd6864af46ad0b65bfb8d266d07bb3494a8c06a279454028f2964d1fdaff
train,clustered,30,177,202611310177,4,766.14,train/clustered/n30/clustered_n30_0177.tsp,9d4ad07d13748d733bdbd53126a3d857d220a6ece948bcbf945c749fcd9d6d47
train,clustered,30,178,202611310178,3,672.47,train/clustered/n30/clustered_n30_0178.tsp,f3d8ae9a8ad5b9b27eeb9c13b54a2efd2b1e3939b5981e78eef5c9b51da5edf4
train,clustered,30,179,202611310179,4,651.637,train/clustered/n30/clustered_n30_0179.tsp,0edfd7cadfb44ec0758819fc5fa43650b467b739fb3f52fe369fcd06a7681355
train,clustered,30,180,202611310180,4,408.229,train/clustered/n30/clustered_n30_0180.tsp,77fc598b0c67d2ae81ce90a6983f9aab333a6e9b9689fadaea838e22b8f2e863
train,clustered,30,181,202611310181,5,805.209,train/clustered/n30/clustered_n30_0181.tsp,ad772effe5bcd31d3908e0cf6400147560affd2c15e8fe0efd4bab4c92f50c3f
train,clustered,30,182,202611310182,5,449.975,train/clustered/n30/clustered_n30_0182.tsp,a77c79966c5b43c13a2bf0fff1f3ec407062958e0e02dcd641e066f834dd21b5
train,clustered,30,183,202611310183,5,742.505,train/clustered/n30/clustered_n30_0183.tsp,c7923bd679a837a0ac05a6cfc7ddcc225023d5f540c7441d8745c8756462ae87
train,clustered,30,184,202611310184,4,844.012,train/clustered/n30/clustered_n30_0184.tsp,4b91b85d48d0e6da9943bd76b18f5f76574fde875a35b4c9059cb0df8ad4e532
train,clustered,30,185,202611310185,3,791.042,train/clustered/n30/clustered_n30_0185.tsp,6c0acdabe238ca84daaea5f75f8123fab7377e75ab5936198eee8b8b8de7255a
train,clustered,30,186,202611310186,4,464.828,train/clustered/n30/clustered_n30_0186.tsp,b6d001ea4a351525c8f8ef3938e857a4f2fff11f2c8b5a94f92513786bacfca6
train,clustered,30,187,202611310187,5,388.223,train/clustered/n30/clustered_n30_0187.tsp,4cd2af8b90c482083c2b9645133e917a1e2397df0217010de4b193b827a00b8c
train,clustered,30,188,202611310188,3,438.661,train/clustered/n30/clustered_n30_0188.tsp,c63da587f635471d323fd9d4117955c84718ed961bd039e9333ff9a7ef9e290b
train,clustered,30,189,202611310189,4,532.253,train/clustered/n30/clustered_n30_0189.tsp,1ac03a56ccbc722298f312996e0e6dddce5ccbb11bd2c4631c02076dd45587b6
train,clustered,30,190,202611310190,5,561.276,train/clustered/n30/clustered_n30_0190.tsp,f9f6fbe46d997f97b623c9c293e4b270e0a1e49b4dfa542479d71fccc21801d7
train,clustered,30,191,202611310191,5,389.14,train/clustered/n30/clustered_n30_0191.tsp,a811fc199b3370e7dfaa7eb8ca5270bbf60423a4e9aa9c60953ba4090e530d00
train,clustered,30,192,202611310192,3,808.341,train/clustered/n30/clustered_n30_0192.tsp,51481a8a4fcfb7c8182e9c4f1e15d788a3be9ed8003687482bb19529847f2050
train,clustered,30,193,202611310193,5,440.501,train/clustered/n30/clustered_n30_0193.tsp,5879a349a6f8cd0122629bb886d7610f8d5f080f534a370950767155f417f167
train,clustered,30,194,202611310194,4,523.483,train/clustered/n30/clustered_n30_0194.tsp,95aed3ca7fc631691d3a23cb924c4d1072b6f3951eb0cd2aefbc561bcc29d480
train,clustered,30,195,202611310195,5,426.918,train/clustered/n30/clustered_n30_0195.tsp,9a5caec6ef0ded2b79ee73bb7016e332b4070b94c98e4b7870354921fcc88a96
train,clustered,30,196,202611310196,5,341.469,train/clustered/n30/clustered_n30_0196.tsp,493b07fa4708e5343a0e1af267ea52932f1406ab7f31d634834a8423f2098e62
train,clustered,30,197,202611310197,4,829.796,train/clustered/n30/clustered_n30_0197.tsp,a56b10e00191bc6e31418e8485dfe1a628480420979f89e0d263706f349c39ce
train,clustered,30,198,202611310198,3,587.105,train/clustered/n30/clustered_n30_0198.tsp,61c14627ee62500fc143a58135e55c82a71da649bdc3df0ab13ec2686231565e
train,clustered,30,199,202611310199,4,581.483,train/clustered/n30/clustered_n30_0199.tsp,547801c3e48444b6a7484d3f93084d405058a7f1b690c24a921654ce9be0b65e
train,clustered,30,200,202611310200,4,599.118,train/clustered/n30/clustered_n30_0200.tsp,3de51da7a94a96e5d0c0c1df0603e85f5af702b19adc6c2190d80d660c1842d6
train,clustered,30,201,202611310201,3,478.062,train/clustered/n30/clustered_n30_0201.tsp,de97bb11845090ae9053d3d1bef13179f484f14151df569b1bc717ed9c69f502
train,clustered,30,202,202611310202,3,361.176,train/clustered/n30/clustered_n30_0202.tsp,df87559f3d33bd4f7774dbe9b296c0b9262b391cb00ac6a396498cb7a87754a7
train,clustered,30,203,202611310203,4,699.175,train/clustered/n30/clustered_n30_0203.tsp,dafb0febf0322126f9daa7fd67a85f399438f50a5f4eb55af237ebad116b9423
train,clustered,30,204,202611310204,4,346.833,train/clustered/n30/clustered_n30_0204.tsp,d2d4bb5f9cf70872d237cf0ca97c921219179e65645394d7ec7ca685b3371de9
train,clustered,30,205,202611310205,5,835.982,train/clustered/n30/clustered_n30_0205.tsp,7859377550c195e17fa1ea07aac82dff8a396f47e44a294cb49015285c700907
train,clustered,30,206,202611310206,3,628.437,train/clustered/n30/clustered_n30_0206.tsp,bbcc9576d893dc936e26223523ce5cc20346ab991f00aa027c87854468540896
train,clustered,30,207,202611310207,5,348.933,train/clustered/n30/clustered_n30_0207.tsp,22619a6412c2895fdb8e54fb1311434a68b8d1a70b8eb6a91d96935cbccc0b69
train,clustered,30,208,202611310208,4,810.914,train/clustered/n30/clustered_n30_0208.tsp,56fd36efa240dca312b9eef52948564dde215e36933033a78fa73aec5aa7672e
train,clustered,30,209,202611310209,4,316.508,train/clustered/n30/clustered_n30_0209.tsp,ad7c40e788386208a513985d3219e831ba625d626f6bdddf85296e210a232706
train,clustered,30,210,202611310210,5,360.73,train/clustered/n30/clustered_n30_0210.tsp,23886e993916b97e3a2a836c363d6020780ac3d37dc74a4b2a5aebf19fa4bd19
train,clustered,30,211,202611310211,5,320.29,train/clustered/n30/clustered_n30_0211.tsp,d2f085ea8ab36fca7c0a1e2a79dfd2f84cd95e809efba60cbec8a4cdbe30ce2f
train,clustered,30,212,202611310212,4,535.675,train/clustered/n30/clustered_n30_0212.tsp,34dab8ea3f9ed2e7a62de732b29f87ecff436507a60abe04c049c2d164bf766b
train,clustered,30,213,202611310213,5,319.746,train/clustered/n30/clustered_n30_0213.tsp,3d3faa4d324598fd89d49ae9f01b4ad03b8524b03acacf199680ff51e0ba71e5
train,clustered,30,214,202611310214,4,490.385,train/clustered/n30/clustered_n30_0214.tsp,6beeb0957109805e430f067a76fb131869c3f90ffeaa697dd3616880b859030b
train,clustered,30,215,202611310215,4,615.344,train/clustered/n30/clustered_n30_0215.tsp,ddd8dc4fe201e3431b7c72d77af2b762d62e5ac607fe687368d64fdc29fa3256
train,clustered,30,216,202611310216,5,395.303,train/clustered/n30/clustered_n30_0216.tsp,c3c6c31ab683820c15b86c0f17826d11a56af7a2580c10ab855cf1edc7fa53c7
train,clustered,30,217,202611310217,3,407.118,train/clustered/n30/clustered_n30_0217.tsp,3cb263e52cb3df9b1ad89e8d20a44cdb6596d4d06d64f9a9a581d41899d6e979
train,clustered,30,218,202611310218,5,670.288,train/clustered/n30/clustered_n30_0218.tsp,ba285f8d5ae65d3551e440ad5f9d96ea8e891852db8e823a649b4412be1a23bf
train,clustered,30,219,202611310219,5,832.437,train/clustered/n30/clustered_n30_0219.tsp,9c3f67e00355d94d0c3d859317bfffeb343ca6e4f4ae2420d6fc7ba2fdde69e4
train,clustered,30,220,202611310220,5,322.444,train/clustered/n30/clustered_n30_0220.tsp,710e6bd2fc23b2cd25e6c17c01b91e5b3e43ffecd5cd7fd3bfa70316354c247f
train,clustered,30,221,202611310221,4,557.571,train/clustered/n30/clustered_n30_0221.tsp,790479d58282a2cfd615a8d02a39516c69a3c5746e706e96d58b85cd5273baa3
train,clustered,30,222,202611310222,5,836.157,train/clustered/n30/clustered_n30_0222.tsp,94728927cfd067c50dc17fe5b0eac1ec3c0b2d055dac193dfdfde40b646a0b59
train,clustered,30,223,202611310223,5,773.567,train/clustered/n30/clustered_n30_0223.tsp,3ba7785a894a428513a60f84b7468680b34021ecb2f45bd89563294e7a05d318
train,clustered,30,224,202611310224,4,713.016,train/clustered/n30/clustered_n30_0224.tsp,490cea1abfed5538c8df657382c43a917c5326d0453625baa49dc21e8be7212e
train,clustered,30,225,202611310225,3,846.246,train/clustered/n30/clustered_n30_0225.tsp,69c567a8d9b90ea845af16cb319b52edfeb32850e9064a94f6eb0a0d8ef9187d
train,clustered,30,226,202611310226,3,565.872,train/clustered/n30/clustered_n30_0226.tsp,797eda4841f7a2b208ad1082c330cb8d3841f572e5a87125054547526abdc023
train,clustered,30,227,202611310227,3,815.0,train/clustered/n30/clustered_n30_0227.tsp,dcb5056fbec918d77c4f504b1c267b625285381f14ede04f20905b84b62494da
train,clustered,30,228,202611310228,5,849.875,train/clustered/n30/clustered_n30_0228.tsp,12a1b36c96bc4b61ebee35097e87438a9b640190c33a5362ac72e2cfecc2f1d0
train,clustered,30,229,202611310229,4,701.649,train/clustered/n30/clustered_n30_0229.tsp,6ee5e9cefa9f050615aba25194837935a2edde2a4f13aaee27cbf0503542e453
train,clustered,30,230,202611310230,3,336.091,train/clustered/n30/clustered_n30_0230.tsp,3c78bab2494f4e634ad93c05d381800987515d3f7f336ae77bbdc93319b9163c
train,clustered,30,231,202611310231,3,577.773,train/clustered/n30/clustered_n30_0231.tsp,6020fe1c9926f4de3501809955e941c59dac70e29ccb1b4558243559024416c8
train,clustered,30,232,202611310232,4,328.681,train/clustered/n30/clustered_n30_0232.tsp,e401a09c6539d5c398096e9ac28621fe223e2d0c4ee8065767fd8879141b1adb
train,clustered,30,233,202611310233,5,772.343,train/clustered/n30/clustered_n30_0233.tsp,e5439c93050accb4b5c0627cc0b93560a0029931aa36a50236090f249fb67158
train,clustered,30,234,202611310234,5,359.562,train/clustered/n30/clustered_n30_0234.tsp,e8a8c96c57bdc18143c9e1da4a7cf86b51d11b247b8b2d0d5abb92e4a8ed15ed
train,clustered,30,235,202611310235,4,845.525,train/clustered/n30/clustered_n30_0235.tsp,72fe848b399ae810b4e22aa304a6d87df37310a109968b129b78fe1b6c62a4e2
train,clustered,30,236,202611310236,3,565.92,train/clustered/n30/clustered_n30_0236.tsp,21b2676f21e78cc9b8c7b01bfca41eacba582795b325e1e59427ba850730c2c8
train,clustered,30,237,202611310237,4,623.813,train/clustered/n30/clustered_n30_0237.tsp,057e71ba569a4276edb325e7ab80ed5df09d785aa4c97f7a59dc7d9dd44d3f2d
train,clustered,30,238,202611310238,4,519.813,train/clustered/n30/clustered_n30_0238.tsp,fb2a0e529dee70b0aeb0748d229a2a3d42fa7437f71fafce994b39a604ea8915
train,clustered,30,239,202611310239,3,698.416,train/clustered/n30/clustered_n30_0239.tsp,35655ea07876fd8eae7a5f398e067e90431ed304fb07365ab4e6161cf12f3c26
train,clustered,30,240,202611310240,5,378.955,train/clustered/n30/clustered_n30_0240.tsp,c5a73ae03bd2b8fb56d0525405e75b37530507c99b1701c9ef6de809b25b2fc1
train,clustered,30,241,202611310241,3,435.544,train/clustered/n30/clustered_n30_0241.tsp,abef7d7126c833f8db9c38e4066f996aa6fc70e8a475eb0f42f507d2cc55cbca
train,clustered,30,242,202611310242,4,821.092,train/clustered/n30/clustered_n30_0242.tsp,b0036be7ca206c55dc6dda7bc502cdc832ee510ad84deacaee24a77c6488c50b
train,clustered,30,243,202611310243,3,545.752,train/clustered/n30/clustered_n30_0243.tsp,1c639948afbf41745e369d8fed3c72998aab82dca607ce860271809ef368010d
train,clustered,30,244,202611310244,5,721.872,train/clustered/n30/clustered_n30_0244.tsp,d8e13ebad2a05666df56941d9e6387feaa3373bf63e591c93ae1cab8d4fbe9e9
train,clustered,30,245,202611310245,3,515.29,train/clustered/n30/clustered_n30_0245.tsp,418a21a822d196f62f27ac311c2cbb7be34db8e66aac11c2be99e4ce1bd14f91
train,clustered,30,246,202611310246,3,730.301,train/clustered/n30/clustered_n30_0246.tsp,c0e4fa380a1f9639226cc5d05917c567481b479a68882ed861a7fb230973017a
train,clustered,30,247,202611310247,3,375.903,train/clustered/n30/clustered_n30_0247.tsp,e0cbf8ddd1abd9bac5a3028674ff6efb2d1c99a518261de023152ff98c6637d0
train,clustered,30,248,202611310248,3,457.071,train/clustered/n30/clustered_n30_0248.tsp,86c53394828ed5d5fd5df54991073474a7e56d77a140483154ccaaac68ba8d88
train,clustered,30,249,202611310249,5,592.998,train/clustered/n30/clustered_n30_0249.tsp,b0cec62d294915ccda059632d134d71d83af8ed2991c73c8f377b81e1ee7b606
train,clustered,30,250,202611310250,5,587.803,train/clustered/n30/clustered_n30_0250.tsp,d832da2cd866ff4adc5d8a44b6d3a151ea90288ffd112f499664d80f6aaec29e
train,clustered,30,251,202611310251,5,668.864,train/clustered/n30/clustered_n30_0251.tsp,2b2a4e189b336eaa94337267f869390b51d0f8eaddaa4c5b8788e3688e30eeef
train,clustered,30,252,202611310252,5,823.179,train/clustered/n30/clustered_n30_0252.tsp,2cf42035d6ad8531aa078d6026fa0e67308e113af4c152c76bce344b90700d20
train,clustered,30,253,202611310253,4,849.55,train/clustered/n30/clustered_n30_0253.tsp,caf96cd9a1d48e268be32f17809ffcbb572c6a14bd9aa893de6171f9dc4214ef
train,clustered,30,254,202611310254,3,519.405,train/clustered/n30/clustered_n30_0254.tsp,cc803eea9c110922970b86568f0f327aaef422aa2530f1d7111896048bcd0281
train,clustered,30,255,202611310255,5,740.243,train/clustered/n30/clustered_n30_0255.tsp,690cfd6a78c69fe6304c20e08e54df4ae440fd5f84c6d1931dc3e960e6bab419
train,clustered,30,256,202611310256,4,659.458,train/clustered/n30/clustered_n30_0256.tsp,776c795c37e46aefa616f6d00f6b66c242841debb67b8adc636ce1dbbbaec386
train,clustered,30,257,202611310257,3,838.51,train/clustered/n30/clustered_n30_0257.tsp,b8e1cc0acedb846577c14c397a94307a68ad750c5921c4dc95d34622cd9b4fa5
train,clustered,30,258,202611310258,4,373.782,train/clustered/n30/clustered_n30_0258.tsp,1b449d5c6b24ac920323b022a096b40a601025a3295e7b7747987c42a5abbeef
train,clustered,30,259,202611310259,4,567.787,train/clustered/n30/clustered_n30_0259.tsp,adf7b7099ab7717804b81c3b09e7e5bc475d0507652629eff1a416fcb5da9f21
train,clustered,30,260,202611310260,3,606.212,train/clustered/n30/clustered_n30_0260.tsp,04ecf6780d21e0bea9b6b845f74f292cc9211561fb98860d2f8b52fd32ac38b0
train,clustered,30,261,202611310261,5,830.754,train/clustered/n30/clustered_n30_0261.tsp,befb1910991af714d351da67f18cb7705485da4ea2f26ba95c7ff12ce81a595d
train,clustered,30,262,202611310262,3,756.449,train/clustered/n30/clustered_n30_0262.tsp,b55bc47d92073ea35ab1c38b4c97e1f85c4cbe55ef7690c4ce3e7061e3e8c097
train,clustered,30,263,202611310263,3,821.905,train/clustered/n30/clustered_n30_0263.tsp,d853391b09d2b57e276ba164d39d80269b79a61fd358a7976524d2a0f819add5
train,clustered,30,264,202611310264,5,676.168,train/clustered/n30/clustered_n30_0264.tsp,cf2b483cea093267611c7c01517de2a524b3b532328ab7c4a25c4fc2058b3155
train,clustered,30,265,202611310265,4,844.881,train/clustered/n30/clustered_n30_0265.tsp,e8f3758d4339ba4e6afe14ba70145d299cee970f1ae1fc9de140b22ed9a976c4
train,clustered,30,266,202611310266,3,835.06,train/clustered/n30/clustered_n30_0266.tsp,f6f829a5b3bc6602dad336bfeb329f887a1286ddcd055d7e93e72d29968a584a
train,clustered,30,267,202611310267,4,834.56,train/clustered/n30/clustered_n30_0267.tsp,3bcd0237e41eea64902af1999f773b3bc78d0bc714d9a5943571b8ceb72b786c
train,clustered,30,268,202611310268,3,632.492,train/clustered/n30/clustered_n30_0268.tsp,53ca643305054d753b5529054256fe2a2bd591882119b6b26495561111425855
train,clustered,30,269,202611310269,5,751.269,train/clustered/n30/clustered_n30_0269.tsp,56a45bbcf3525c3a40a34a8e00836856d10509e58ea461a4436914764a196884
train,clustered,30,270,202611310270,5,420.709,train/clustered/n30/clustered_n30_0270.tsp,b6d7d793f134c0c3113a250a35049212f832c99f0b122c76d4c1c54eaa5f44df
train,clustered,30,271,202611310271,5,830.768,train/clustered/n30/clustered_n30_0271.tsp,667f6e6baddecdad3bd12bdf1deaa555c06597a66827ea78bce7dfa4c5eb2d97
train,clustered,30,272,202611310272,5,350.849,train/clustered/n30/clustered_n30_0272.tsp,fb9d974b293ff5921afbff1a7fd183f90567630cd629f0053a6b3be0975da12e
train,clustered,30,273,202611310273,4,358.259,train/clustered/n30/clustered_n30_0273.tsp,fd0107200aa119928b16f8e7c30f31754c891a48f5aa6b81de297abe2578c115
train,clustered,30,274,202611310274,5,433.019,train/clustered/n30/clustered_n30_0274.tsp,f4a5b881488b8a886d89592fbc08da7a22c20ca3dcb5a0a56b22c32a2d09c98e
train,clustered,30,275,202611310275,3,575.818,train/clustered/n30/clustered_n30_0275.tsp,59392af2524f3eded823ef358d61f419804a716b1725dbf56f40c3876f587e3e
train,clustered,30,276,202611310276,5,690.977,train/clustered/n30/clustered_n30_0276.tsp,ca30663d909fdf9f0ce0bd78627f9feb6950dea0a875d280d853c9b01d7f2519
train,clustered,30,277,202611310277,5,373.95,train/clustered/n30/clustered_n30_0277.tsp,485004df2aff2a266aec6bb412a9964fc09464e60087aa47547eb285ca52797b
train,clustered,30,278,202611310278,4,620.377,train/clustered/n30/clustered_n30_0278.tsp,2ffad8146f05e3ba5f61a1748cd47c0a76eb1797935e6935d14aa9c7a4f7a94c
train,clustered,30,279,202611310279,4,371.378,train/clustered/n30/clustered_n30_0279.tsp,0bf70583d6bbfc14a7e13c8638577deedfb241605bb65b0eeb2607f80be441d2
train,clustered,30,280,202611310280,3,309.463,train/clustered/n30/clustered_n30_0280.tsp,a9fc234e0d5e2805bcf8aef4cf18992c5230f5c6a6ee374893efdd14e71834fa
train,clustered,30,281,202611310281,5,517.513,train/clustered/n30/clustered_n30_0281.tsp,6bef878e795d8752b20f71b614b47b71713b5243a6969bcd3d91319409d8829f
train,clustered,30,282,202611310282,5,447.03,train/clustered/n30/clustered_n30_0282.tsp,8e29ff27827fbe3ba2783f9b7fba4f27e22bc77bb4897371317205b35e6819af
train,clustered,30,283,202611310283,5,613.699,train/clustered/n30/clustered_n30_0283.tsp,71935992083335939c88c87ca53b953d806ceab426abd82b6ff93b162654d6aa
train,clustered,30,284,202611310284,4,832.019,train/clustered/n30/clustered_n30_0284.tsp,c000f224f03edc21136305b19998eca7b77108425d43e42eef7ad96f57f2590e
train,clustered,30,285,202611310285,5,788.655,train/clustered/n30/clustered_n30_0285.tsp,a629c7472d27efde7954df5307636751adeb4ffe4873d16f707dc4193adbeba0
train,clustered,30,286,202611310286,4,414.422,train/clustered/n30/clustered_n30_0286.tsp,1486215fad29b0a7b6bbc92763b7808d847dd2a8f4ec002caf56264f6995825f
train,clustered,30,287,202611310287,4,814.494,train/clustered/n30/clustered_n30_0287.tsp,81c353f8fbb51de13a3cb2afcb104d2fbbf40589b9735b69173cafe6f0133269
train,clustered,30,288,202611310288,4,750.863,train/clustered/n30/clustered_n30_0288.tsp,07273ddf3681c23089c898a7caeac4c0a751ad34a5734a4fd7be2f385cd2ba82
train,clustered,30,289,202611310289,3,361.891,train/clustered/n30/clustered_n30_0289.tsp,e0b3454d4d0662bac641a37fb5598fffcc2bc51245ab2f0de885a7f1e1041f12
train,clustered,30,290,202611310290,4,631.025,train/clustered/n30/clustered_n30_0290.tsp,20139bcbfddd65566b24749d90e75b3c5cd62dd32fcddc871e573757fcda664d
train,clustered,30,291,202611310291,5,336.319,train/clustered/n30/clustered_n30_0291.tsp,ec34fce8246a5258ff93db84471fdec6c8b2af9fdf1c378c8c9d58c2a8a8caaf
train,clustered,30,292,202611310292,3,683.289,train/clustered/n30/clustered_n30_0292.tsp,eb299e5d4cab7a4592c980ebc36a4f294b0e0eec74fcf574b18e5890279a67ae
train,clustered,30,293,202611310293,4,503.013,train/clustered/n30/clustered_n30_0293.tsp,f63730715d151eb648b55beeb849cdbe49c30df76aa3b5fb3874fe80438c294a
train,clustered,30,294,202611310294,5,549.886,train/clustered/n30/clustered_n30_0294.tsp,3bae71fe6fdcab8b157dcfe1a0e981b090d9840ddd8a1157ec64e60b28849e84
train,clustered,30,295,202611310295,3,356.737,train/clustered/n30/clustered_n30_0295.tsp,89fd4385bbffd1f7f3af80a46d200796b2da2bf19cabd6f881f56795794b162b
train,clustered,30,296,202611310296,4,834.765,train/clustered/n30/clustered_n30_0296.tsp,04b33e52fb00eee84c43bcf491f5b2c1700e1049452b9c324e95850724ce3a87
train,clustered,30,297,202611310297,4,493.577,train/clustered/n30/clustered_n30_0297.tsp,83a09356399b919d05f809f70d3d2fb9e4e151e25c47ebdba3c2dbe47e5d1a78
train,clustered,30,298,202611310298,4,327.509,train/clustered/n30/clustered_n30_0298.tsp,0d06313be10a8e6e5aa046391df2db062343d328ff4d1b49c55121e1daf00ef6
train,clustered,30,299,202611310299,5,342.469,train/clustered/n30/clustered_n30_0299.tsp,9e4becd6655b835559ccfa2e1b5555f2eae6244b657f8094039a6ba649f7c607
train,clustered,30,300,202611310300,5,583.953,train/clustered/n30/clustered_n30_0300.tsp,d63ffe41f008b267b5c7fb0b6d18657495338760ce5e86e93646f38720a3a828
train,clustered,30,301,202611310301,3,623.247,train/clustered/n30/clustered_n30_0301.tsp,e46773a8afb9e0c35e05c9b8780fb41868aeeb800c6c60c8635464f5ca98d435
train,clustered,30,302,202611310302,3,721.058,train/clustered/n30/clustered_n30_0302.tsp,2fe5a7d809c4cec5af8eab2b384b0af747054882bcb78bd4635b0f4973f8e934
train,clustered,30,303,202611310303,3,772.306,train/clustered/n30/clustered_n30_0303.tsp,d45bc524e8d2c6035e21d46ff0eb157db3410d895b5e62e0615b29d15c6efd2e
train,clustered,30,304,202611310304,4,315.873,train/clustered/n30/clustered_n30_0304.tsp,1b94bd2c301f694cb272d17b76a6ec9c73928718ab9d1672066a46c0e9f6d78a
train,clustered,30,305,202611310305,5,674.29,train/clustered/n30/clustered_n30_0305.tsp,b058668ba8ae72cfee126336c49ae55fc5b2220986f2bb5c8a1a057c32f7c2cf
train,clustered,30,306,202611310306,4,647.845,train/clustered/n30/clustered_n30_0306.tsp,47fd2369e66c27689eb0112b2d9f3478c46e7298076224748da686063092d4af
train,clustered,30,307,202611310307,3,670.693,train/clustered/n30/clustered_n30_0307.tsp,4a478ce20e16f26e931ed1242e5e7c6d8d1a26981c3978bdd9063989c5228be3
train,clustered,30,308,202611310308,5,366.851,train/clustered/n30/clustered_n30_0308.tsp,80b6fa31261b114dc76da374faf55a19b65626999ff2e060fbbd61e05b372cf0
train,clustered,30,309,202611310309,3,432.375,train/clustered/n30/clustered_n30_0309.tsp,d9f98f1c639e54a8a40828fe37a3da36e442b9b7406eec3d53662d91265be94c
train,clustered,30,310,202611310310,4,847.98,train/clustered/n30/clustered_n30_0310.tsp,13c0426c1a81d57457bc399571981eebd763ce29a3468ba0577b799c74e29728
train,clustered,30,311,202611310311,5,815.349,train/clustered/n30/clustered_n30_0311.tsp,6ef77da6b74513fe9a51781db93f14b9cab67fda02ea0b57e17c7ac2f9742e1f
train,clustered,30,312,202611310312,5,366.426,train/clustered/n30/clustered_n30_0312.tsp,7391b189071b16beda5df066304dafee0be243991805eeeaa4cbb80624d80214
train,clustered,30,313,202611310313,4,393.534,train/clustered/n30/clustered_n30_0313.tsp,1d5b4dcf575e145a8f176e08e27368681bc7706abd4422901dc463e509e08783
train,clustered,30,314,202611310314,5,363.677,train/clustered/n30/clustered_n30_0314.tsp,923a9eb3e55fa9f3824318ccb28767a2b2440560443183c24c7baeb3550a38d7
train,clustered,30,315,202611310315,3,456.688,train/clustered/n30/clustered_n30_0315.tsp,a22c8b9c3486b2269a5ec2b77be2d694cec24694ff17ab9239aa5689c1c5aeef
train,clustered,30,316,202611310316,4,681.609,train/clustered/n30/clustered_n30_0316.tsp,8132e00e4570f8c88c43ddd5d615658a775e01703d470fa6ef59c07cda2c9010
train,clustered,30,317,202611310317,3,732.458,train/clustered/n30/clustered_n30_0317.tsp,510e79bd8d797225e2daf09a883a5b2384e7e247bb15964d898c58633f3c66c8
train,clustered,30,318,202611310318,4,505.974,train/clustered/n30/clustered_n30_0318.tsp,62d85a9f5f3e8f8d094881bb497720350f3c5632d7725e4228b2226027dc966d
train,clustered,30,319,202611310319,5,588.256,train/clustered/n30/clustered_n30_0319.tsp,e8925eb808666a7e6c411af5b48a2cec0136284fb7e49528ccecd462094126b7
train,clustered,30,320,202611310320,4,358.446,train/clustered/n30/clustered_n30_0320.tsp,b8c8ae8134fc6e2549239cacc889c72c58936f62f59f1983c06f342fe64b4801
train,clustered,30,321,202611310321,4,300.329,train/clustered/n30/clustered_n30_0321.tsp,c78564e6a0078b6ea526172bdcf630def3d5e9b54c22330ab8048daa500008e7
train,clustered,30,322,202611310322,3,728.311,train/clustered/n30/clustered_n30_0322.tsp,2265ae4999b513503f970b16dbf2edb1546387b621df815e4cc5949875a73af4
train,clustered,30,323,202611310323,3,370.993,train/clustered/n30/clustered_n30_0323.tsp,49931953a70289cfbca2772593e1a427feb2e8651ccc701784566bd69c87b462
train,clustered,30,324,202611310324,3,765.117,train/clustered/n30/clustered_n30_0324.tsp,057cb140d089e7a7b2fe3c2658906ef40eea7bc886d5998986f0fb024442c6f4
train,clustered,30,325,202611310325,3,794.504,train/clustered/n30/clustered_n30_0325.tsp,5ddb0f44d258badfd6ae37b5cc0adc0f9981b79bc2058e4c8c8c12285e2645f6
train,clustered,30,326,202611310326,3,795.827,train/clustered/n30/clustered_n30_0326.tsp,e78e30993b270aa9f132ad01a0674aaeb2d7a9cc1f1043130abca83ed9ff7fe6
train,clustered,30,327,202611310327,3,588.689,train/clustered/n30/clustered_n30_0327.tsp,b6de80e3a1d5ec6050e332917946d6c7f768f0fcb664d97c09cfbc42b24a91c2
train,clustered,30,328,202611310328,3,439.701,train/clustered/n30/clustered_n30_0328.tsp,7b3598efd6687711557661273c4230a43b18b724cb524714c649d77beb2f3722
train,clustered,30,329,202611310329,3,840.578,train/clustered/n30/clustered_n30_0329.tsp,a88257277f4ecdac75eb1e447a24f215db34a37bd643dd71baee6eba1ff2bed3
train,clustered,30,330,202611310330,4,301.132,train/clustered/n30/clustered_n30_0330.tsp,ba974b153d9522959e0401ebed5ea9326b534a70a7b304da261fbfc3397a998c
train,clustered,30,331,202611310331,3,744.178,train/clustered/n30/clustered_n30_0331.tsp,44fa6b12906df4fbbd71c7ba293a6ba42f16c40511f21ab5128604317738ed57
train,clustered,30,332,202611310332,5,491.037,train/clustered/n30/clustered_n30_0332.tsp,38b9071ef1788bc58054791dd99097a6e0e2b34f278027ce5bae3cc9df591602
train,clustered,30,333,202611310333,3,311.722,train/clustered/n30/clustered_n30_0333.tsp,29b0e3abd768e8900238a4933ea3b48e84f275df38da7c23a77e1b7da2f299c7
train,clustered,30,334,202611310334,3,512.254,train/clustered/n30/clustered_n30_0334.tsp,367dd2a17a47135349ac21fb793c66906dd1de0068d419d17324e304d6ec3508
train,clustered,30,335,202611310335,4,802.845,train/clustered/n30/clustered_n30_0335.tsp,79f9713a04be02a32069ef610714ec748371ce26df62545befa8eb9721756f53
train,clustered,30,336,202611310336,3,509.225,train/clustered/n30/clustered_n30_0336.tsp,b56402fcd47cd2d1dd5b908dbbf12e3984329a02a7c278e3094a9fbba11f8cc5
train,clustered,30,337,202611310337,4,338.786,train/clustered/n30/clustered_n30_0337.tsp,c436cc864ddf01668557e2cc8e6901ca5c1d6c5d9a815c59c30d153f9d350c92
train,clustered,30,338,202611310338,5,594.514,train/clustered/n30/clustered_n30_0338.tsp,fa8855383a9e256b460e80c7a268b8f1d595c9207b60dc71d4fb8a403fba05e1
train,clustered,30,339,202611310339,5,623.725,train/clustered/n30/clustered_n30_0339.tsp,fbe64c644a8f824457e97f608fec05bbe3d8142a5a4a6fb1f698ecb15145d908
train,clustered,30,340,202611310340,4,484.593,train/clustered/n30/clustered_n30_0340.tsp,1e3c0610dd21ca14ae374cae572045949c4dee2192568786a5f8324321b319c3
train,clustered,30,341,202611310341,5,477.777,train/clustered/n30/clustered_n30_0341.tsp,716ec8f5dc191700839103f41a026706d9046e5467b66f12360b6b9a42762a01
train,clustered,30,342,202611310342,3,849.047,train/clustered/n30/clustered_n30_0342.tsp,140cfda7dff1c078bf3065313072c2a6c0efc816943bb9162045110e344bb073
train,clustered,30,343,202611310343,5,661.885,train/clustered/n30/clustered_n30_0343.tsp,9742b7b0ce2510c2092697c77fd7c1754be718272577e02980a23be36223f915
train,clustered,30,344,202611310344,4,623.953,train/clustered/n30/clustered_n30_0344.tsp,7a4dfce6fbc81d2cce2fa7a7e60c346bffa3a517f84efe9e010eca06f8859f46
train,clustered,30,345,202611310345,5,646.683,train/clustered/n30/clustered_n30_0345.tsp,95188d816f65fd856c590152818e808c240ac1502c22d347950fe89da4f268aa
train,clustered,30,346,202611310346,4,703.973,train/clustered/n30/clustered_n30_0346.tsp,28f246cf9d6c8a2393683f30f3738c0fc34432db9724e374ef10035b3138fbd4
train,clustered,30,347,202611310347,3,479.233,train/clustered/n30/clustered_n30_0347.tsp,92ea5a5af25714ebefa4468b194a8923f3032cf6903c735745fdd7433b9ef1b7
train,clustered,30,348,202611310348,5,845.781,train/clustered/n30/clustered_n30_0348.tsp,7c6474b47b7b7ddac742e7c3c240251a91ad93e1e8f680fbee406deb95f27105
train,clustered,30,349,202611310349,5,582.624,train/clustered/n30/clustered_n30_0349.tsp,f751e19a01873196d8cee8c399089e7d8d5ef54a87cad65163df4c314ba58673
train,clustered,30,350,202611310350,4,597.312,train/clustered/n30/clustered_n30_0350.tsp,e16ec62847ac590fe8a8af974f51ac682a4d6646ee7757eba3110d2708c7c05c
train,clustered,30,351,202611310351,5,702.743,train/clustered/n30/clustered_n30_0351.tsp,2ec512dd79e97217e1df820e7b7d14a3c25d03b42ab58a3c7eca212d76e9e335
train,clustered,30,352,202611310352,5,734.218,train/clustered/n30/clustered_n30_0352.tsp,f610cae79b1ef569ccbe038db01417b7c197e48ad368bad5212fd558d63ea9c8
train,clustered,30,353,202611310353,4,790.788,train/clustered/n30/clustered_n30_0353.tsp,afb33b071033da8b713f716f02445479b81a628d39ebb752d6635a60891bbc36
train,clustered,30,354,202611310354,4,516.917,train/clustered/n30/clustered_n30_0354.tsp,0a1a3bea8639f5ef91965f501328177c3e5a818a11ec0f8dc77feda241a969dc
train,clustered,30,355,202611310355,3,541.957,train/clustered/n30/clustered_n30_0355.tsp,7fe22a13fcbb59eb5800eb634828f0965745ff6d56c1a12810b3b3883376e686
train,clustered,30,356,202611310356,5,734.54,train/clustered/n30/clustered_n30_0356.tsp,7c628b1b055a5a7c4bd1eeb301707475dd167a0df73af792503f7efddd61a8c7
train,clustered,30,357,202611310357,4,652.063,train/clustered/n30/clustered_n30_0357.tsp,ac3dc11e5a3c4847439a1221944b67c11135f0c53de130427cb6f2c0a3e4d519
train,clustered,30,358,202611310358,4,705.29,train/clustered/n30/clustered_n30_0358.tsp,64bd60f456316f18acd85a4dd2e0ab1c33681d9a8d92af3fb071798a56cb3564
train,clustered,30,359,202611310359,3,731.177,train/clustered/n30/clustered_n30_0359.tsp,71594bb6a2fcb8d80e0ed89a5f37736083f5899f1ab3a9151f3e94ce40056628
train,clustered,30,360,202611310360,4,708.68,train/clustered/n30/clustered_n30_0360.tsp,c6f8fe7e4b6ecdcb8f850eb6e8828c50d6f7a0ad5f101325e6a251c8b059082c
train,clustered,30,361,202611310361,4,482.578,train/clustered/n30/clustered_n30_0361.tsp,7e9d8376fb5c08ad38aacb38e5d84be2b3e9eecb34395406dd8a09ab4b1dc88e
train,clustered,30,362,202611310362,4,751.716,train/clustered/n30/clustered_n30_0362.tsp,71aceda24f0f34171872904d9b567dfa9d04009390dd7e37b03d49451dca0f6b
train,clustered,30,363,202611310363,5,501.924,train/clustered/n30/clustered_n30_0363.tsp,115d16ff28a8f44ca70f9a36bc9995ef6dabb442846957bb65748148bd2588d4
train,clustered,30,364,202611310364,5,700.567,train/clustered/n30/clustered_n30_0364.tsp,d5c2852a0687171a1a4e5dc30c4df7dc49a770beca24eba1f580f1c63e4e829a
train,clustered,30,365,202611310365,4,583.963,train/clustered/n30/clustered_n30_0365.tsp,2b0a0f74a7162a402460d2edea254de4862f53008877939e3d5ac0caef87329d
train,clustered,30,366,202611310366,4,474.137,train/clustered/n30/clustered_n30_0366.tsp,30f1b0c988f62731e9a868ba02f1cd4f22c8818311499338d3de2e1a96db740b
train,clustered,30,367,202611310367,3,847.459,train/clustered/n30/clustered_n30_0367.tsp,c2b8ac51256ff16211d4c05c4b0800e709ae0844d835bab5611907cb16f63305
train,clustered,30,368,202611310368,4,418.841,train/clustered/n30/clustered_n30_0368.tsp,2bddf4782dcf229da340ba9251b5c55b93a4394e2ec15897eec380821dfb646a
train,clustered,30,369,202611310369,3,441.113,train/clustered/n30/clustered_n30_0369.tsp,f23576e343841f84e7111ec9e5914ffedd8abdb05613e7e753b1ffe51ebcbc0e
train,clustered,30,370,202611310370,3,435.406,train/clustered/n30/clustered_n30_0370.tsp,aff21b89e02dd6edca13063d5a5c41a378feac2440f43e89d3cb6a9d31e201bb
train,clustered,30,371,202611310371,4,849.856,train/clustered/n30/clustered_n30_0371.tsp,df410b3f2ff270700801ace2b86df98295f30ab4e30d8de753bcbd1f76235091
train,clustered,30,372,202611310372,4,643.255,train/clustered/n30/clustered_n30_0372.tsp,52d1ad0e2d808ac995c79595fa0d9e513a517eaed830dffe286c6cdc9226ecf4
train,clustered,30,373,202611310373,4,770.456,train/clustered/n30/clustered_n30_0373.tsp,e65fb07e48efe8ed36be376149d7e36476b473dcbf93f6d40cd073330385acb0
train,clustered,30,374,202611310374,3,361.968,train/clustered/n30/clustered_n30_0374.tsp,d86b4ae7d4e085436ffc2705e57a9274a471bbfdd9c2f90d22c85e0e237024c9
train,clustered,30,375,202611310375,5,814.918,train/clustered/n30/clustered_n30_0375.tsp,b265a32fbbf32e14b4f86d56a470a81031c4d2868db4795c06d98f71cec2dd73
train,clustered,30,376,202611310376,5,593.862,train/clustered/n30/clustered_n30_0376.tsp,5d7371918ea01e8527bb1a3d95a37de9372929bd3b8712323fe5776bf086673b
train,clustered,30,377,202611310377,4,472.902,train/clustered/n30/clustered_n30_0377.tsp,672c8d879a6b274db2785470d5852af451d28b5597b0eb3339219ec05c8c22ab
train,clustered,30,378,202611310378,5,338.606,train/clustered/n30/clustered_n30_0378.tsp,f75ce76a5d5da42cea44f382c60e368b845b23e1b501a10ae12adec6d8537b1c
train,clustered,30,379,202611310379,3,599.953,train/clustered/n30/clustered_n30_0379.tsp,b08ff274a659d484c2e93dba37e3880d2e7b1e44c7d7ca6e44ed96270fc2a489
train,clustered,30,380,202611310380,4,429.425,train/clustered/n30/clustered_n30_0380.tsp,f1b4a38c4f06c219a8f3fe34b2354a26738d2d2e7a7c5c5bab97597e3acce6f4
train,clustered,30,381,202611310381,3,622.815,train/clustered/n30/clustered_n30_0381.tsp,dc78d2aa7f8b56173c1c7055309e15a4c8e2190529a0fc626d6752bca74cef20
train,clustered,30,382,202611310382,5,783.215,train/clustered/n30/clustered_n30_0382.tsp,15157c1102a3b69d9b3100d6ea8e903a48eb7722ef59672212146adf8693d406
train,clustered,30,383,202611310383,4,453.323,train/clustered/n30/clustered_n30_0383.tsp,d51aab5a347d6eb6dbc5411cdc4a0625035eebb032e89834fe0464abb0770156
train,clustered,30,384,202611310384,3,497.227,train/clustered/n30/clustered_n30_0384.tsp,830bd5f7d38fdee290bad898a68bdef4171e5bf3ee2b0c8b02373b43f7625b37
train,clustered,30,385,202611310385,5,382.213,train/clustered/n30/clustered_n30_0385.tsp,aa832e14a14d4619df318b7145f91af5bcff8e6445984cc35deac7ab9014f5fc
train,clustered,30,386,202611310386,3,346.843,train/clustered/n30/clustered_n30_0386.tsp,479e3bf42e609ee33f1e27a7c8dafa89cb55b0a16357da353714a289b6319cee
train,clustered,30,387,202611310387,4,386.002,train/clustered/n30/clustered_n30_0387.tsp,155aee441414ac1ec1567e0e0a3583209139b53b7e4333f9da918dbfd25a0198
train,clustered,30,388,202611310388,4,765.463,train/clustered/n30/clustered_n30_0388.tsp,9f27714014e0b72cf57b6bf0564479df7400f3fded48d687cf57c1ad6b619ef0
train,clustered,30,389,202611310389,3,601.017,train/clustered/n30/clustered_n30_0389.tsp,678d5e546534c3aa57a4a3840cd340dae8e94e7dd106bfc619ba68a2d4067d4e
train,clustered,30,390,202611310390,4,721.695,train/clustered/n30/clustered_n30_0390.tsp,04c3a39a14163e8d45f300f79955937df114c24faf486f659253c233204be8cc
train,clustered,30,391,202611310391,4,725.247,train/clustered/n30/clustered_n30_0391.tsp,c9d0ad9fc3fb11da596cac213f6a0c127dea3f0e764b0f8b17d940b5b12e8f1d
train,clustered,30,392,202611310392,4,471.571,train/clustered/n30/clustered_n30_0392.tsp,b5d944d56e97b4bf4496caa8bff0483c38a92dc496732da390b2ff5c1f95ff6f
train,clustered,30,393,202611310393,3,578.731,train/clustered/n30/clustered_n30_0393.tsp,5deb3e77800a2d2a296f08e08801e803ca5f89aaa800df8c315fe68ebbb11841
train,clustered,30,394,202611310394,3,635.703,train/clustered/n30/clustered_n30_0394.tsp,7dc68af851ef3b6a2a0a8f95726b4bab92ee130b17ed2d4cae4250ed0ef5f1a9
train,clustered,30,395,202611310395,4,516.151,train/clustered/n30/clustered_n30_0395.tsp,ea98e9052fbf3746eb9da662e040cf908a46dd6e47fb7bf864496df2f8d82570
train,clustered,30,396,202611310396,3,573.468,train/clustered/n30/clustered_n30_0396.tsp,84c8a540641a4d66ab67e78630ccfbc4f97104723bddc9d732e94f1350a1f5f8
train,clustered,30,397,202611310397,5,663.239,train/clustered/n30/clustered_n30_0397.tsp,456fe34ba7ffc2225f26df1b83303eb651d919f22e141b677b0ddddae4d5165e
train,clustered,30,398,202611310398,3,575.746,train/clustered/n30/clustered_n30_0398.tsp,aebd2ac619fad20ba0f40cb2988883f1d34b228a85c5eeb62f617b555dd657a9
train,clustered,30,399,202611310399,4,394.766,train/clustered/n30/clustered_n30_0399.tsp,6c912ecc9ba003329047861a6ad734b49cf870b344cff20e43eda2ec42e36e9b
train,clustered,30,400,202611310400,3,756.771,train/clustered/n30/clustered_n30_0400.tsp,40e8ba6692c81073b949c9723792f5a26f4f990371c87b2236f5b8a203079eea
train,clustered,30,401,202611310401,5,594.61,train/clustered/n30/clustered_n30_0401.tsp,cb1d3411ef4fb148c604b432accd863fe882fc624f085dfc63e07784c2f31848
train,clustered,30,402,202611310402,4,451.242,train/clustered/n30/clustered_n30_0402.tsp,a9483d31e12f08831e7e415712c906ae1ebd080853881743a5b8f7a355268834
train,clustered,30,403,202611310403,3,793.791,train/clustered/n30/clustered_n30_0403.tsp,57e453716655df96f53429a996c4ba18c39d3e1b012a73785d8c4542ee994e28
train,clustered,30,404,202611310404,4,717.561,train/clustered/n30/clustered_n30_0404.tsp,0922384513e1491de73808466f7645e2b20b95de692a9cd07d00d0ecf142c8f0
train,clustered,30,405,202611310405,4,397.259,train/clustered/n30/clustered_n30_0405.tsp,21303d257e14715033be506245f599ca9fd8e35bb3b5dc513a902160c4977043
train,clustered,30,406,202611310406,4,630.762,train/clustered/n30/clustered_n30_0406.tsp,f6100f4f64578b5c8ee70076a00423fb427ba3888681e1a8c8644744af54b3d5
train,clustered,30,407,202611310407,4,611.681,train/clustered/n30/clustered_n30_0407.tsp,12176c65e9c9a7745804329dc1436073cef8da10992ebcd7e73ca6cdc0a02b12
train,clustered,30,408,202611310408,5,822.595,train/clustered/n30/clustered_n30_0408.tsp,02bcacb16b20666c865462f3af16e0968cdbafcf5c308888b32bf570d7c75c13
train,clustered,30,409,202611310409,5,634.262,train/clustered/n30/clustered_n30_0409.tsp,e7f6f18f81b40597066434639b87639dd3af40671d53e8e9a29ec7e441f40b8c
train,clustered,30,410,202611310410,3,638.3,train/clustered/n30/clustered_n30_0410.tsp,45addcd5ca64eadb3f65dfb63c87610c524c295731a80dd970229d0fdfdf82b6
train,clustered,30,411,202611310411,5,432.392,train/clustered/n30/clustered_n30_0411.tsp,a80e34b57d8f6e7d5f6c77e7570bfb8953a6c522a0919849136964c257f9af6b
train,clustered,30,412,202611310412,4,446.037,train/clustered/n30/clustered_n30_0412.tsp,74dfb8b06b39b6a5e3c98c67780c881dce22618c9bc4222c5cb7294f96a72d02
train,clustered,30,413,202611310413,3,750.167,train/clustered/n30/clustered_n30_0413.tsp,e7d1ad3eb1b3fd0deaf3d88fdba4754fd76d73ca332ec26800b173f67066eb96
train,clustered,30,414,202611310414,5,472.73,train/clustered/n30/clustered_n30_0414.tsp,a0b62aa18af53b45b8b68909f953d354b07b001b5765a07a8a97c0ce02644181
train,clustered,30,415,202611310415,3,380.228,train/clustered/n30/clustered_n30_0415.tsp,a2d6ca41181cf0972bd6384bfa9f1260cc157a0c3e66ee9cd2403633f7517d3d
train,clustered,30,416,202611310416,4,540.851,train/clustered/n30/clustered_n30_0416.tsp,744334a337b3c5369b59f67d28c276d2afe08eab4340a71aa59367f3d269d919
train,clustered,30,417,202611310417,4,688.526,train/clustered/n30/clustered_n30_0417.tsp,6f619a867578426caae50ba35af758a095816b90094160836330a00fbc92a8db
train,clustered,30,418,202611310418,4,418.588,train/clustered/n30/clustered_n30_0418.tsp,9ddabf861d2ce99d2981e8bba3f6049914ee1bc038721bcb4b53e183059bd642
train,clustered,30,419,202611310419,3,447.043,train/clustered/n30/clustered_n30_0419.tsp,da7d9d58d2bfd990c62fafcda95394c6993b0c9c5c4ae89611c4eb36fce7ce15
train,clustered,30,420,202611310420,5,671.024,train/clustered/n30/clustered_n30_0420.tsp,d10b9868b43a52e796bb93a7fabe2b531a96ee7d5e2349a48e27bf476b4b2d7c
train,clustered,30,421,202611310421,4,320.307,train/clustered/n30/clustered_n30_0421.tsp,f5cf7112ebc95094ce91661a071406f5789e4a21c2629486fcef8301d685ae32
train,clustered,30,422,202611310422,5,499.653,train/clustered/n30/clustered_n30_0422.tsp,57f009de85fa67c04a770bdb1e04984659acb713bf25be02844bea85b6386a55
train,clustered,30,423,202611310423,4,602.787,train/clustered/n30/clustered_n30_0423.tsp,b830cf9af3f43bc722fdb04239db3ed0f2f15a315e7dc4ef9f60fe4855eb2379
train,clustered,30,424,202611310424,5,618.934,train/clustered/n30/clustered_n30_0424.tsp,59e862c597e7d1cc10858f2e8f03832cbbed866e29a3f385f683c092cc0a8738
train,clustered,30,425,202611310425,4,320.299,train/clustered/n30/clustered_n30_0425.tsp,08d9b26c412c2b9e427f4f3dcbad69beeb376d34f28b88de609ed0447a5b8f49
train,clustered,30,426,202611310426,4,807.442,train/clustered/n30/clustered_n30_0426.tsp,08b234d08ffa822ba0bc2bbb21044fbbf4db0f3b0102117f2de5e9f34b35e6c9
train,clustered,30,427,202611310427,5,361.059,train/clustered/n30/clustered_n30_0427.tsp,09ddb5a277c0fab7dd428c16d1eee4fa816644ffcc526fbb45346076cbaceeb9
train,clustered,30,428,202611310428,4,668.72,train/clustered/n30/clustered_n30_0428.tsp,bb0fbdbf0d20f75e55a2dfdc61fc759d524771474345dcf4ab02a1fa9bafa88a
train,clustered,30,429,202611310429,3,409.716,train/clustered/n30/clustered_n30_0429.tsp,5338a6e47153f494c45656da950798b1e1f1caa50caf7c283ba63912477aa808
train,clustered,30,430,202611310430,3,476.509,train/clustered/n30/clustered_n30_0430.tsp,b8826955c882237b42f49c3e787ab870244774e9091c5a91bdd60ad9f0a0a00f
train,clustered,30,431,202611310431,3,804.223,train/clustered/n30/clustered_n30_0431.tsp,b45cf3b3a2ec780f00846884e2f34972509635530488409b955e0a80e7428c52
train,clustered,30,432,202611310432,5,701.039,train/clustered/n30/clustered_n30_0432.tsp,4bcca3d8bf1fb776c111b09a9fa68460c67c82c0656f034daf6e4a80525480eb
train,clustered,30,433,202611310433,4,485.829,train/clustered/n30/clustered_n30_0433.tsp,8f3e693b66ed82d70538d6beabfdc11bcdfebaca90bfe35ca7d65b73417a05b5
train,clustered,30,434,202611310434,4,609.854,train/clustered/n30/clustered_n30_0434.tsp,6a4957dfd1a67da182236822b6db71af9e30be0041d65378277f79033544fb4c
train,clustered,30,435,202611310435,4,710.564,train/clustered/n30/clustered_n30_0435.tsp,9207625d1c83b9da5ade734cb1036871a81ad206d18e053559c7f5b09e09c618
train,clustered,30,436,202611310436,3,517.715,train/clustered/n30/clustered_n30_0436.tsp,923442f0c4a18c4266c0379c3715b70ab925301f2003481f5db5b70c4b91d387
train,clustered,30,437,202611310437,5,330.168,train/clustered/n30/clustered_n30_0437.tsp,219227418d1af4fa4b680b348ebd54511290e122598d714c576cc32547c82699
train,clustered,30,438,202611310438,3,760.253,train/clustered/n30/clustered_n30_0438.tsp,c3f14479ae142ac04b5d8d3ef1389e88e25ac67261d7978fe596cbd50852610f
train,clustered,30,439,202611310439,4,370.999,train/clustered/n30/clustered_n30_0439.tsp,ef0b2595634cb50853acd5b7ba2d0ae9367531567e4f1b6b7919016f7ea138d4
train,clustered,30,440,202611310440,4,416.551,train/clustered/n30/clustered_n30_0440.tsp,bad513b9b1ed2e72290bc24c74d66ca7f03c2dcbedfe2f847c7b4cca18eebcfe
train,clustered,30,441,202611310441,5,481.894,train/clustered/n30/clustered_n30_0441.tsp,249e5fa94cdb9ca940074edb50e6ea9d179bb740bc2639f02acb322d0050551d
train,clustered,30,442,202611310442,3,680.974,train/clustered/n30/clustered_n30_0442.tsp,80330d1bc16f550734a2b6ab13e861c7727e46a796572b2b6d4c6967b5872730
train,clustered,30,443,202611310443,4,757.433,train/clustered/n30/clustered_n30_0443.tsp,404344b6db217f549ad197c4ca5ab52edee7f03d641cac740bd1536a4d5a8cb1
train,clustered,30,444,202611310444,3,809.732,train/clustered/n30/clustered_n30_0444.tsp,9d1d293c6e49048aac9a24884dc3bf962015ba6f6d46d8ed1209d71c1fc4e8c5
train,clustered,30,445,202611310445,4,593.097,train/clustered/n30/clustered_n30_0445.tsp,565ee54e895e41bfb965196526f46d00bb3902154b161aa29c3d73847896a689
train,clustered,30,446,202611310446,3,500.187,train/clustered/n30/clustered_n30_0446.tsp,ebf8a78e6351dc24f40ee52a491770fbf19a095cb36c697b61987ce200b597e3
train,clustered,30,447,202611310447,5,426.445,train/clustered/n30/clustered_n30_0447.tsp,299ec99e18a81d86256dc103d2896bac1d9e28c675b469a2111204c059122f02
train,clustered,30,448,202611310448,3,461.359,train/clustered/n30/clustered_n30_0448.tsp,a18a5c73c3a1623b7141f46d134bf6c64fcbbde1d3f50076564b463e8841e344
train,clustered,30,449,202611310449,3,685.324,train/clustered/n30/clustered_n30_0449.tsp,3c4969704a55c65c8e21460702d9d303a911d1958e9586d21a133ff06f085fa9
train,clustered,30,450,202611310450,3,833.554,train/clustered/n30/clustered_n30_0450.tsp,a5829179d414d8e4fe17f7d1ef93ea3d5b4012d64bad1a6f7db6a6b4c045780c
train,clustered,30,451,202611310451,3,421.753,train/clustered/n30/clustered_n30_0451.tsp,e94ed2415e496b7bfd5c4a75ae5c4fc91db19b050ee341b45b25c26aa0ea28b9
train,clustered,30,452,202611310452,3,453.009,train/clustered/n30/clustered_n30_0452.tsp,429dbc55ff3f61a705aa663f16a7b9d796bd37ac60d010a995ecf81c96b1716f
train,clustered,30,453,202611310453,5,830.588,train/clustered/n30/clustered_n30_0453.tsp,f606d22ae0ad5eb139ff4ed221ceae6de732fc67a4166384b12c8858e61f096b
train,clustered,30,454,202611310454,5,400.343,train/clustered/n30/clustered_n30_0454.tsp,9c16eacd979cad9ee5438bab765a1f8fec3c6f43d634475f3076a8ef3fd4f413
train,clustered,30,455,202611310455,3,734.79,train/clustered/n30/clustered_n30_0455.tsp,a43bd218aa7c140bf1d8c5bc92f8f11e51a160e68bd8889762d06aabb070c6cc
train,clustered,30,456,202611310456,5,607.237,train/clustered/n30/clustered_n30_0456.tsp,5466732c25f0aeb06b9ec8656cc3c92ccf5d0809d8b67fc63de7b91b640bf818
train,clustered,30,457,202611310457,5,505.987,train/clustered/n30/clustered_n30_0457.tsp,f18f88b34167d50f28b05c9a7fc859a18f8362fe491dd26561ec7c5fd3ea7fe5
train,clustered,30,458,202611310458,4,835.856,train/clustered/n30/clustered_n30_0458.tsp,282899fd153d0f8543587f5349d014271637f967bc254271cbb580917b0ba574
train,clustered,30,459,202611310459,5,738.014,train/clustered/n30/clustered_n30_0459.tsp,aaf6b530e2d69c478d23e6b962d855fc37b02ae0625e89b8cfbfbb5652924cbe
train,clustered,30,460,202611310460,3,731.927,train/clustered/n30/clustered_n30_0460.tsp,cdbe116991a59b3f9756399d52c3fb096723ef782b52d1eb5f1ebce01d12f2fa
train,clustered,30,461,202611310461,3,738.369,train/clustered/n30/clustered_n30_0461.tsp,4ea2588d11af92de6a6505cb7df355e9bae3d95466993f545e9019c832cc4b2a
train,clustered,30,462,202611310462,5,436.272,train/clustered/n30/clustered_n30_0462.tsp,cd5da2d02ab8c9c4a12217135081a508dfa1130dd211fe80fc2d97dfd40a226d
train,clustered,30,463,202611310463,3,791.584,train/clustered/n30/clustered_n30_0463.tsp,fcc87025226a4d1fca0cc28eb2048b04031bf8d6bddc4ace3b6927da838057fc
train,clustered,30,464,202611310464,3,693.559,train/clustered/n30/clustered_n30_0464.tsp,57e735a2375e322f7a2fa7163f36f6631a1df70f0b85e4c97e8a9c6afc154998
train,clustered,30,465,202611310465,3,330.896,train/clustered/n30/clustered_n30_0465.tsp,5cb637241d9501908b27d494e076b9b0228fe6a1fe28bea21c221abdb0ba9b52
train,clustered,30,466,202611310466,4,427.988,train/clustered/n30/clustered_n30_0466.tsp,eacc9e61b88bec23cf067722b4f1f637fba4250e91b82623699d22c419a67841
train,clustered,30,467,202611310467,4,357.506,train/clustered/n30/clustered_n30_0467.tsp,eaa86889c2995672272dc6b59dabb3e72b46d5ae0f1ef41cb16158e688091e1f
train,clustered,30,468,202611310468,5,507.296,train/clustered/n30/clustered_n30_0468.tsp,41a8c2c36bfdfb3d7084f7a1a82cc36e39891f6286e9223093de6e1cc764e3c9
train,clustered,30,469,202611310469,5,659.391,train/clustered/n30/clustered_n30_0469.tsp,2bfdd90650c26d5eb489c2edeac8cc2fa49075d73b687bc11a3b829e325a8b1e
train,clustered,30,470,202611310470,5,614.411,train/clustered/n30/clustered_n30_0470.tsp,ab3f99f1768a60754f899dd0f50428eaf5a3af3d5842aa48c89a50fa98e2339f
train,clustered,30,471,202611310471,3,566.272,train/clustered/n30/clustered_n30_0471.tsp,371017e71095bcc13e20a36f1f7214206f957c4f78cd4223b5655a828bdba813
train,clustered,30,472,202611310472,3,364.452,train/clustered/n30/clustered_n30_0472.tsp,d30c60694007caf27d5c289d61ba0e5719a866e5c43b1fd0d712f50fe4b78055
train,clustered,30,473,202611310473,4,697.993,train/clustered/n30/clustered_n30_0473.tsp,2da28cd17dfc583730ee7d4bfed31ee0e0136a4405ef8a339de9475d4c9437d5
train,clustered,30,474,202611310474,4,501.693,train/clustered/n30/clustered_n30_0474.tsp,409d047766bd0a09e33588cf06d0cb7ed72018d9665a6037e10b1a91678b9408
train,clustered,30,475,202611310475,3,381.446,train/clustered/n30/clustered_n30_0475.tsp,dedfdab9538de9e8debb230f161a3a1aa12b97bda326b2139b1470116c088073
train,clustered,30,476,202611310476,3,388.215,train/clustered/n30/clustered_n30_0476.tsp,84050a89f3fa79e5db10472b2b51d4408226ecf2319650cd5a9eb04f2dbf0e66
train,clustered,30,477,202611310477,5,606.929,train/clustered/n30/clustered_n30_0477.tsp,029a1ee406079a5f760acb9d8f64fa4b999048390d5306194b048117d5420cca
train,clustered,30,478,202611310478,5,487.989,train/clustered/n30/clustered_n30_0478.tsp,37f7ba8b0fc2fa4f1c1976489ae25c76b330bc0254d0816d22d75019f42e6ed5
train,clustered,30,479,202611310479,3,592.784,train/clustered/n30/clustered_n30_0479.tsp,3c18d47c451606e594c0be62e0d6d7e0ee69d5fa1c18f1f541da4953d6b25f13
train,clustered,30,480,202611310480,5,353.942,train/clustered/n30/clustered_n30_0480.tsp,f971224a02a605a444b1767c960b3eb906658e1dae0b6fa7ed0499f34b0c73c7
train,clustered,30,481,202611310481,5,829.416,train/clustered/n30/clustered_n30_0481.tsp,357eb713fa60a9c814dde8fe29f6e14b7517bf2f968a0db2cbcfe2a1436aaec7
train,clustered,30,482,202611310482,3,535.73,train/clustered/n30/clustered_n30_0482.tsp,94e93b2a463af5220b89ca7b3750412dd9b1881ab57ebc45dd7be3a67f8525fb
train,clustered,30,483,202611310483,4,590.989,train/clustered/n30/clustered_n30_0483.tsp,ae8c96995b4446ec4719ef70a3008b6c067b891f1a54a441a28fcf359f55c52c
train,clustered,30,484,202611310484,4,384.085,train/clustered/n30/clustered_n30_0484.tsp,aa1ebe257861f9a677ce665d2293f178f909c7e1a95e99773a82af610a5eaa1b
train,clustered,30,485,202611310485,5,685.681,train/clustered/n30/clustered_n30_0485.tsp,9d3ec5aaa275a7350a3ae4134a878663d8cc7ed4cc446db919f60707c3cf8683
train,clustered,30,486,202611310486,4,390.737,train/clustered/n30/clustered_n30_0486.tsp,5107e90fd6fcae6c0741aef0187d2f9a56c48086bec4df390f46a23edd0bbe37
train,clustered,30,487,202611310487,5,570.864,train/clustered/n30/clustered_n30_0487.tsp,d4e2e43d4a11c2702281f08f54f0ee58d7951167ff6bc6555a92399d0ec7c985
train,clustered,30,488,202611310488,4,487.602,train/clustered/n30/clustered_n30_0488.tsp,375f8d2356575d968acdfde16b8daf377682fb581bcda3b8b0fc4e08da915e1b
train,clustered,30,489,202611310489,3,650.408,train/clustered/n30/clustered_n30_0489.tsp,b7073bb1ac9f7d9c619d6c7ade6289707651c8a2ee10d0527877c98db4ffbc80
train,clustered,30,490,202611310490,4,626.411,train/clustered/n30/clustered_n30_0490.tsp,3d273b23834561f5c09e7c9540b194648fbc2a684792eb23335dfc333df8c360
train,clustered,30,491,202611310491,3,484.557,train/clustered/n30/clustered_n30_0491.tsp,2f507c7da9deebb6c8b33527163683c27b40c2799944fa6eb1a9cf06fa97660a
train,clustered,30,492,202611310492,5,693.143,train/clustered/n30/clustered_n30_0492.tsp,cc11681b31f3c9c91f6f2decb0aca29b6b5c8aca6505cd3a673e5a20a32d77af
train,clustered,30,493,202611310493,5,536.521,train/clustered/n30/clustered_n30_0493.tsp,220fd44312ec3193af941adad58efcf69d49f823dc44e00d7e97d566b8250021
train,clustered,30,494,202611310494,4,661.838,train/clustered/n30/clustered_n30_0494.tsp,bd1e9a10668fcb291488c7e4242063ed203081023875fbaae2a15506be2ea68d
train,clustered,30,495,202611310495,4,643.34,train/clustered/n30/clustered_n30_0495.tsp,2d0ae3a3c457d35cc76b44df5e5f668af7372df3a2c0dfd9a769ac2babfd1f4c
train,clustered,30,496,202611310496,3,817.845,train/clustered/n30/clustered_n30_0496.tsp,ec9374c8113653e5a863032a60d0d9aeacfdd33ba906810ba1f88868e00957d3
train,clustered,30,497,202611310497,4,782.785,train/clustered/n30/clustered_n30_0497.tsp,cb0869141124eff35b7ea0c1f70c10a34be681c6e77e7e39631ea20d2e359aba
train,clustered,30,498,202611310498,4,614.182,train/clustered/n30/clustered_n30_0498.tsp,6956b4facfc1ce785ca969f0318133a9b000650c2d2fcaa98938fcb854633e47
train,clustered,30,499,202611310499,5,504.671,train/clustered/n30/clustered_n30_0499.tsp,ddd69202dc1cccbae33d58b78d83b8f0f02467fe15321a0e114bda47d25bcb12
train,clustered,50,0,202611510000,4,568.609,train/clustered/n50/clustered_n50_0000.tsp,7ec5f0a4384ec542c4471dcb3253bf12687d5a0cc049c3e43ab00598a7db7265
train,clustered,50,1,202611510001,4,713.171,train/clustered/n50/clustered_n50_0001.tsp,bf4558a2a9c3c71eeeeb53c0a8bfaf03c51fba14a5b86c7a6badd229df25c06b
train,clustered,50,2,202611510002,5,667.338,train/clustered/n50/clustered_n50_0002.tsp,33f34026f8ee1911108507999ca05a4fd8e2a6515961c9cd13015ae586653d5e
train,clustered,50,3,202611510003,4,798.091,train/clustered/n50/clustered_n50_0003.tsp,5ed317fb358e3a6f2cbd857092f6fa0600bb094e4e95d923d61c50727e6aad67
train,clustered,50,4,202611510004,6,537.304,train/clustered/n50/clustered_n50_0004.tsp,a0c540cede521ab87a6f21bf30bc53c37470b306706859d606527966a1d2690a
train,clustered,50,5,202611510005,5,755.769,train/clustered/n50/clustered_n50_0005.tsp,45dbedd9d607c36d7829923599ebef9450af4eac8c25ad9230db5ed13a827612
train,clustered,50,6,202611510006,5,511.03,train/clustered/n50/clustered_n50_0006.tsp,80e1411ad7987e5df0e5494006050d1061c7f104c96e78ba513cc30ff9ac42a0
train,clustered,50,7,202611510007,4,394.863,train/clustered/n50/clustered_n50_0007.tsp,bf9f3df81ebc36399d70e75590d57a137f04ecf5d1a5586abb496b98d8900102
train,clustered,50,8,202611510008,6,794.712,train/clustered/n50/clustered_n50_0008.tsp,6094b854ea32eb65375186640992e5ea2a14900e4eadbf03e49ad87525490f39
train,clustered,50,9,202611510009,4,598.984,train/clustered/n50/clustered_n50_0009.tsp,a99250c4839fb3db791e3a4f16dd97e750b329056de65506dcd2f7100d851229
train,clustered,50,10,202611510010,4,655.347,train/clustered/n50/clustered_n50_0010.tsp,561c6c952f96a0423fe9bebc083c34d41c801bc201e95e9d42028286e30f6c30
train,clustered,50,11,202611510011,6,802.682,train/clustered/n50/clustered_n50_0011.tsp,d491bf067841c26e705374d9e7e0deff19922ecbd5a791d4a7c448e71c1d6c8c
train,clustered,50,12,202611510012,5,520.356,train/clustered/n50/clustered_n50_0012.tsp,ed0049e4043a6c505e0c12692c848a7a01858316990c27fc401d9e7c99c44844
train,clustered,50,13,202611510013,5,760.135,train/clustered/n50/clustered_n50_0013.tsp,544659eeac2aebcb77b0e530d6d56d7999898ad9dfa92704b7a86640d5320faa
train,clustered,50,14,202611510014,4,315.851,train/clustered/n50/clustered_n50_0014.tsp,a2e9a6465df936b168054577fa6454b696216a9b1ba4316d7491d80cc25c2347
train,clustered,50,15,202611510015,4,357.515,train/clustered/n50/clustered_n50_0015.tsp,2f5a13e4dada410babdb85517fe57f2a67fa372e23ca10a361b50ee4e4eb20cb
train,clustered,50,16,202611510016,6,305.86,train/clustered/n50/clustered_n50_0016.tsp,b72d49163718da9727c80dda4ae2f00a54dd94f5c81672c7696816185de2feb8
train,clustered,50,17,202611510017,6,662.776,train/clustered/n50/clustered_n50_0017.tsp,719a7a5ab8cca43946c5f3c158dd0548a04706f7516ab300ee1215c48123b810
train,clustered,50,18,202611510018,5,543.415,train/clustered/n50/clustered_n50_0018.tsp,257f9433c0431b22acee2f69cb7f0a8a13e84ef9692395a4f2e20706d2c95bc0
train,clustered,50,19,202611510019,4,772.717,train/clustered/n50/clustered_n50_0019.tsp,b9307045995492a845203f4fed8efd86caf6774bdb22e2929d96ded1002b1dca
train,clustered,50,20,202611510020,5,731.143,train/clustered/n50/clustered_n50_0020.tsp,06d8a91a11ccabb01c61db0649b4f49a394c4e5921b28ea9ab80e8170f610dc3
train,clustered,50,21,202611510021,4,662.234,train/clustered/n50/clustered_n50_0021.tsp,f6783f10f2012417151f136ce3696a510487f009dd6c0f11fd90105985455183
train,clustered,50,22,202611510022,4,522.512,train/clustered/n50/clustered_n50_0022.tsp,549e238f4e8fef622dc59148b0e516af264fde1067f75ee4789d823f30b969a6
train,clustered,50,23,202611510023,6,832.83,train/clustered/n50/clustered_n50_0023.tsp,9b4d919cb0cf9fc31e026dd4dab6dc1cf229e7903b6e0b9009c6493714b7e1e2
train,clustered,50,24,202611510024,5,304.763,train/clustered/n50/clustered_n50_0024.tsp,d715674d93d0f7472944a1994319e4f7574f3076756c4f417ed6a9fceb8e80d0
train,clustered,50,25,202611510025,5,616.223,train/clustered/n50/clustered_n50_0025.tsp,44b6840da947f40e736e942798c93910f3e8cce52f1a21cd7c430bd27397a119
train,clustered,50,26,202611510026,5,691.238,train/clustered/n50/clustered_n50_0026.tsp,477788203b535d2d1c30886710bdb0ca2e77473a928d1c08a40269af1615aceb
train,clustered,50,27,202611510027,4,692.499,train/clustered/n50/clustered_n50_0027.tsp,9efc80d8c9d1fc3f7cc1161237cdb9008118db3d9e91fb50eb61188fd8ce560b
train,clustered,50,28,202611510028,5,721.177,train/clustered/n50/clustered_n50_0028.tsp,ff88fd19de3a287c9b9a135602f64b22d8a82648b158de014dfe4842f1cd55cf
train,clustered,50,29,202611510029,5,649.748,train/clustered/n50/clustered_n50_0029.tsp,6b9f2860f2fddbf6dafd49131ecbcbd86e795d0044f33d59c1b343545658f9cc
train,clustered,50,30,202611510030,4,736.383,train/clustered/n50/clustered_n50_0030.tsp,84221416f025645318a3467dfb9c4f6bbd44a6ffff98edecf894dbfcb159cd9a
train,clustered,50,31,202611510031,5,727.639,train/clustered/n50/clustered_n50_0031.tsp,36d60bf1d4e76bb0d8b0f33f4696738880e32e517fae67a41249f115bb0e9b38
train,clustered,50,32,202611510032,6,667.805,train/clustered/n50/clustered_n50_0032.tsp,e625717700f39ec53b7fe52128cf02607b0476aed92b5dec7cb37f7a5e35cb3e
train,clustered,50,33,202611510033,5,521.311,train/clustered/n50/clustered_n50_0033.tsp,2ab3e83d005d2a17467a1b423380c736ec4a497c0cb3ec5cf5e49e82b5243d5c
train,clustered,50,34,202611510034,4,772.77,train/clustered/n50/clustered_n50_0034.tsp,5895f2e74f92dd3ff6ff59dbcb305493a1a31ed7cbd263d241b977071197815b
train,clustered,50,35,202611510035,6,435.369,train/clustered/n50/clustered_n50_0035.tsp,fed7a76642bb82334cb9270f9054747d3db274262642f31b957c3256e7d079ce
train,clustered,50,36,202611510036,6,698.096,train/clustered/n50/clustered_n50_0036.tsp,09d841757f11356a752325291e3c014794ca4cce4b33706fe0b9581a7d5eded0
train,clustered,50,37,202611510037,6,539.915,train/clustered/n50/clustered_n50_0037.tsp,86396479ec4ef95d01c5f9dff952bc8b760078f022da33ba0e43f51560c5642e
train,clustered,50,38,202611510038,5,762.418,train/clustered/n50/clustered_n50_0038.tsp,71a238f0add2288c6a1a7607f17053270680d210e03a60d38731a6e6dc059281
train,clustered,50,39,202611510039,5,720.245,train/clustered/n50/clustered_n50_0039.tsp,c6c333752aed8be635a44f58bbb05d5027fcf3f038a998cfa427f40f34f949c5
train,clustered,50,40,202611510040,6,304.041,train/clustered/n50/clustered_n50_0040.tsp,ee3bf3d7bd69458b3453eac0e10fe6e9bbf4a95a413a393a25c76b6525c293c0
train,clustered,50,41,202611510041,6,523.805,train/clustered/n50/clustered_n50_0041.tsp,fcf766d629fdb079b3df83bbd25807e11ff81a2b519135ce1bb683dcc202b546
train,clustered,50,42,202611510042,4,644.771,train/clustered/n50/clustered_n50_0042.tsp,a86945a979ee0536508d826f819db4ec90a2b2b961cb8b0f00b98fae24194f8f
train,clustered,50,43,202611510043,4,833.305,train/clustered/n50/clustered_n50_0043.tsp,60128c92cfe40bbe5706a4e3ef73a4fba1a5fb87c0b738a99656d35143218952
train,clustered,50,44,202611510044,5,726.479,train/clustered/n50/clustered_n50_0044.tsp,89a4e67e22bbc934c30a139526901b6a1e94f5e2d75a56cc2696d36727110373
train,clustered,50,45,202611510045,6,358.299,train/clustered/n50/clustered_n50_0045.tsp,0359379d8976f07f8d4a71f5b57b4ee0291579d04a3455fc496dcd70cb61f9aa
train,clustered,50,46,202611510046,5,473.435,train/clustered/n50/clustered_n50_0046.tsp,f2b99d1ff173bb26265fd6472bef62e7fc70d39a6e391ec26c79c0d091f4b4fa
train,clustered,50,47,202611510047,6,316.561,train/clustered/n50/clustered_n50_0047.tsp,97738dd57aa4a232af9578b5e8cdfc9cf6a195f45187b78e0ef6acc2ff67de4b
train,clustered,50,48,202611510048,4,390.316,train/clustered/n50/clustered_n50_0048.tsp,867d2c0712c5c74c4bd4593dd8ccce4f487192a91204ae60c5643fcdee966cc1
train,clustered,50,49,202611510049,4,646.081,train/clustered/n50/clustered_n50_0049.tsp,b0b18d3a5c25d468a9d56b67352093cf778b1c3afb537e64909df14bc0de9700
train,clustered,50,50,202611510050,4,663.763,train/clustered/n50/clustered_n50_0050.tsp,c64f2376f3323b185e9e65840c7e74fed852db4496505a61d0a445a8db6535f3
train,clustered,50,51,202611510051,6,647.12,train/clustered/n50/clustered_n50_0051.tsp,0191cd8af673ff28ff32c99e6b1921eca52e6ceaef912d4e0072bf5f6ba3a715
train,clustered,50,52,202611510052,5,536.029,train/clustered/n50/clustered_n50_0052.tsp,7ead4d02fad028525965b27c3c844baa64df939a5cbf545579ad161bea734967
train,clustered,50,53,202611510053,5,700.331,train/clustered/n50/clustered_n50_0053.tsp,2bab6b8820b88770a9849edcf302f68b7ab6f59e4ec8b3d16aa7a5c09541f859
train,clustered,50,54,202611510054,6,741.739,train/clustered/n50/clustered_n50_0054.tsp,8365e55c0b16bf86c3adb44819f0e291e453697499394079b3c4e57cf8804337
train,clustered,50,55,202611510055,4,331.72,train/clustered/n50/clustered_n50_0055.tsp,5716e256885c2a549628ce1cd7ca615c86c9ebf7f464365b90d8cee6693789b5
train,clustered,50,56,202611510056,4,540.97,train/clustered/n50/clustered_n50_0056.tsp,dd9827a1c128d3004b5049e6c1256ab816b3dbdae9327f73b50347849ea4eb12
train,clustered,50,57,202611510057,5,423.335,train/clustered/n50/clustered_n50_0057.tsp,642aef24a6841a4550f23316a0c62544b1d6129d43e5f410c788e66e2e091d4c
train,clustered,50,58,202611510058,5,694.419,train/clustered/n50/clustered_n50_0058.tsp,1a53a4e0dffc069f0c9eb00041bdcd2d0211fa2367e398e98eb3a8cddd66a81f
train,clustered,50,59,202611510059,4,774.04,train/clustered/n50/clustered_n50_0059.tsp,db8313329a60d7840b73f2396a7e088afc5020a7841eeac2858dc0c1c7e505ad
train,clustered,50,60,202611510060,6,701.215,train/clustered/n50/clustered_n50_0060.tsp,780a158fd3a704bd19b07a372aefdb2c9f287286c7668ff242955f3e1d00cac2
train,clustered,50,61,202611510061,4,398.431,train/clustered/n50/clustered_n50_0061.tsp,f56f420bb4634732c393e98445a57d66aaf8462e252c3ebaf7a0b8041092971b
train,clustered,50,62,202611510062,5,748.338,train/clustered/n50/clustered_n50_0062.tsp,d9d223745de551ff667be6e66168921dec11a19d0a8976540859aaf53227852a
train,clustered,50,63,202611510063,6,348.96,train/clustered/n50/clustered_n50_0063.tsp,46c2a992808eee7f611b3384d0a678850c68aa820b0f461984dddc56f7d65a0c
train,clustered,50,64,202611510064,6,637.113,train/clustered/n50/clustered_n50_0064.tsp,1f136aa149d02ec002bf8fe822a669d5f6f8c214b45b7ec7ef4b5145d74245d1
train,clustered,50,65,202611510065,4,561.447,train/clustered/n50/clustered_n50_0065.tsp,e4517e60617628b310eda74b8173c51b661ce08207ea0a97131c0ed4cac99b59
train,clustered,50,66,202611510066,6,833.353,train/clustered/n50/clustered_n50_0066.tsp,4253bf18f53f1bbb32c309f28a0fc80e6cfe0301db36829127749be54f7bafdf
train,clustered,50,67,202611510067,6,699.763,train/clustered/n50/clustered_n50_0067.tsp,139e31d37f966bb4f3197c46c515cbd765fd26cd585219ca2914d94fcef8b237
train,clustered,50,68,202611510068,5,396.681,train/clustered/n50/clustered_n50_0068.tsp,cecb2c98b4fa693df0ab08a2d0df81be7dbf04eaec4253c807a496e4fc99bc48
train,clustered,50,69,202611510069,4,322.939,train/clustered/n50/clustered_n50_0069.tsp,ac5ad99b487d23ed4b77aeae738dd02e7da0eab3adf67223539c37048d337786
train,clustered,50,70,202611510070,5,422.044,train/clustered/n50/clustered_n50_0070.tsp,bd9eba5814d4cc4486d78b3771d1d4b9b9ccab75cb6e08f299809c259df19923
train,clustered,50,71,202611510071,4,335.849,train/clustered/n50/clustered_n50_0071.tsp,1d4e12d348cae0cf492e46733f1cebebbce2e5b9330c50ba1dce2d0f39109a94
train,clustered,50,72,202611510072,6,782.536,train/clustered/n50/clustered_n50_0072.tsp,3b3af3e6144be4d52abfaa478ba5f644a677db8b71978338461e6655fea8d354
train,clustered,50,73,202611510073,5,684.97,train/clustered/n50/clustered_n50_0073.tsp,c4c6aada82de233a34d6b45c676c4d17db744f5cca9b77a6ccbd76c630528686
train,clustered,50,74,202611510074,6,732.374,train/clustered/n50/clustered_n50_0074.tsp,8fe59101f4596e2ce91ebab506be2a17085dcec32a529849e387f470e3ffa064
train,clustered,50,75,202611510075,4,702.253,train/clustered/n50/clustered_n50_0075.tsp,4b5ebfca2e2699d1ff1b0893c27d9ddf782741b2ffd8d98cec87f0d0ca47f641
train,clustered,50,76,202611510076,4,336.721,train/clustered/n50/clustered_n50_0076.tsp,5b7d1de8fa21f69b629bc7a4bd34be6d301bb2298c05d9d9cc0363fbb154a7c0
train,clustered,50,77,202611510077,4,510.166,train/clustered/n50/clustered_n50_0077.tsp,f6a9d1bc5109720c9bc8bdd5037cd966bc787ede4701ee3280792f04b543266d
train,clustered,50,78,202611510078,6,470.613,train/clustered/n50/clustered_n50_0078.tsp,d16a65383e3f2bfd2c3daafa88e023999adbd1d1b1821775c5d73c9fa6c63d4b
train,clustered,50,79,202611510079,6,505.193,train/clustered/n50/clustered_n50_0079.tsp,179cb5df25fad8097b1b2fddeddaeea5cac0338849401b3fbbb9441d0ff7924e
train,clustered,50,80,202611510080,5,789.473,train/clustered/n50/clustered_n50_0080.tsp,01351ef5edb3b3941a31e2e936917a901d1cd1474e35040af97386b89b5de1cb
train,clustered,50,81,202611510081,5,323.791,train/clustered/n50/clustered_n50_0081.tsp,9f28da46073175d25bd71c98803763978343a09adcfe7c8b732df56575d3b423
train,clustered,50,82,202611510082,6,362.407,train/clustered/n50/clustered_n50_0082.tsp,12f815c89429b3c12ef5b2ce9c10cbe4408378e3bec22155d61f298dd6253f00
train,clustered,50,83,202611510083,5,390.748,train/clustered/n50/clustered_n50_0083.tsp,5335137c22a07ab89d4c3687dd0ccdc2a62a0c0353c4e02aa7dd5ac2451404b7
train,clustered,50,84,202611510084,4,612.562,train/clustered/n50/clustered_n50_0084.tsp,3b194509b9e7b1df093e141bf719ac84792befaa7cc3e384079e9585426f36aa
train,clustered,50,85,202611510085,4,697.537,train/clustered/n50/clustered_n50_0085.tsp,0cf991db4a873912e33ccefcd7c0a7cd024ce9e00ed7932887cd0182d9a09b5f
train,clustered,50,86,202611510086,5,578.201,train/clustered/n50/clustered_n50_0086.tsp,200e89857d4d7403493ced6a3682b6ff74679805a31e829c18cff71a4f5dd0aa
train,clustered,50,87,202611510087,5,590.891,train/clustered/n50/clustered_n50_0087.tsp,dbf6a4b6b675d6eee7cc2e091d8d6e3ae85583b927451f22098ab431ecf64ca9
train,clustered,50,88,202611510088,6,570.767,train/clustered/n50/clustered_n50_0088.tsp,56067bcb023434cfa01d09ce810f35037219499b17e7a8df8fed02325b55ad20
train,clustered,50,89,202611510089,5,642.408,train/clustered/n50/clustered_n50_0089.tsp,273c97a3a9314402a3f1c9f1904f0deeb1cf05da189b355bde55632deb1a8f13
train,clustered,50,90,202611510090,4,763.01,train/clustered/n50/clustered_n50_0090.tsp,32fe7f542c79bb842bec0290cab626b6683fc2f6ce24960847702ab9bac3c914
train,clustered,50,91,202611510091,5,432.137,train/clustered/n50/clustered_n50_0091.tsp,1e4828a5d5c9aab3cbe5b406c8ac0302b329c3e5698bfcd06c1ffc6d384ead0a
train,clustered,50,92,202611510092,6,775.072,train/clustered/n50/clustered_n50_0092.tsp,2120673d9fd8e76d18b901da6ca0684ca8f60bfea39dbe4a13481ff316553dbd
train,clustered,50,93,202611510093,4,515.114,train/clustered/n50/clustered_n50_0093.tsp,7554c91d0cfa8eac373437f3bbf2aca3920b6404b9b0fe2f67d8f5a8dd4af2dd
train,clustered,50,94,202611510094,6,519.476,train/clustered/n50/clustered_n50_0094.tsp,21a29bd9795506693b772dcb06486221fea78709a9d0bd3700fe41f9f4b2d96f
train,clustered,50,95,202611510095,4,365.344,train/clustered/n50/clustered_n50_0095.tsp,8a3c68174bb52b4e66a072f87bfaa9ffa4203b4404029b7c717a52e30bd08957
train,clustered,50,96,202611510096,6,636.048,train/clustered/n50/clustered_n50_0096.tsp,057977e3ebd9c690aaa277cd0852148afe1ec04ee7c157ff3e917c53fd042d34
train,clustered,50,97,202611510097,5,335.339,train/clustered/n50/clustered_n50_0097.tsp,46371fb461d039611c8ca7953b19d24d89a20b1d42a40099d6d413f02591c72c
train,clustered,50,98,202611510098,5,662.714,train/clustered/n50/clustered_n50_0098.tsp,3096d96b7eacc2b4964bac7eecb6a058661645c5577b94de0aaad11530341cf3
train,clustered,50,99,202611510099,6,755.547,train/clustered/n50/clustered_n50_0099.tsp,4cbd848aebe80af2fb6d745a713b2dfa7fc9f2e873c983dc43d856044f2854ae
train,clustered,50,100,202611510100,5,813.705,train/clustered/n50/clustered_n50_0100.tsp,db745a09e13755400d9d519701f82a270ccffaa11c2f4bda24d5388369614b9a
train,clustered,50,101,202611510101,4,641.776,train/clustered/n50/clustered_n50_0101.tsp,6efbcbd06024579479b2a7f90c3f90b63cd68b286088f475b677cd012372a5db
train,clustered,50,102,202611510102,5,714.811,train/clustered/n50/clustered_n50_0102.tsp,085226cd8ab8072945056f871b5f90b0cd7d681f2a90afedc89aa6b7ac4ee508
train,clustered,50,103,202611510103,5,782.891,train/clustered/n50/clustered_n50_0103.tsp,e15c0a639019be8ef05e5a22ce3787db5087065bb5b5373313b70b261a4ffdbf
train,clustered,50,104,202611510104,5,326.313,train/clustered/n50/clustered_n50_0104.tsp,263f64e7b9ecc3dfe2e35224513bc9d52fd7f42f3bae453fe3ac6a8728d94be2
train,clustered,50,105,202611510105,5,830.372,train/clustered/n50/clustered_n50_0105.tsp,5f8bd36d8e661b976b26261d293dc65d31cdc34a74ce6ada8bb80937eadcad6d
train,clustered,50,106,202611510106,4,569.871,train/clustered/n50/clustered_n50_0106.tsp,a3202f3c1ea0cfafbc508799e2a7c931e13a5af75209cb642a400c6d9b2ac703
train,clustered,50,107,202611510107,5,746.675,train/clustered/n50/clustered_n50_0107.tsp,83403322692013bb86d053a6f3b18beb8c5e1d2173ba4f4210b9dfe751bc7ff5
train,clustered,50,108,202611510108,5,756.648,train/clustered/n50/clustered_n50_0108.tsp,a2d630728a775e6b1fac1ddb3942e8e42b10b2804af9d95fdb146e07d616eebb
train,clustered,50,109,202611510109,4,577.382,train/clustered/n50/clustered_n50_0109.tsp,e787f6b80089ca2b33851fe56b40673ce921b351a3c4bb845d0dbe8a1473f87e
train,clustered,50,110,202611510110,6,812.675,train/clustered/n50/clustered_n50_0110.tsp,cd2f771ed373d20e8b57c501f74019856d17e8ac00476b6d0695275928317b14
train,clustered,50,111,202611510111,4,383.673,train/clustered/n50/clustered_n50_0111.tsp,c784f221f13acce69ab535b03016a8efb62fdea59971cfe026eec7350ade5508
train,clustered,50,112,202611510112,5,514.398,train/clustered/n50/clustered_n50_0112.tsp,141860bc23e86bbd8ede1da4f2dfeb09d9f4b860b2977f21dcfea7a3f5e75bb4
train,clustered,50,113,202611510113,4,757.751,train/clustered/n50/clustered_n50_0113.tsp,fc57e86cb408f0e4507a8bd802df5383671492849c68808a3ee7a86c629f13b8
train,clustered,50,114,202611510114,6,662.943,train/clustered/n50/clustered_n50_0114.tsp,02bce5538d11ee35340253fda128494bd4018510ea8b4ffe54b45067afeec7f8
train,clustered,50,115,202611510115,5,452.511,train/clustered/n50/clustered_n50_0115.tsp,0c098dfef1d0bc712796ee5fb4efe24a8d08d9647dc687d8251e004c11f7e5f8
train,clustered,50,116,202611510116,6,599.097,train/clustered/n50/clustered_n50_0116.tsp,8a1b66241df7590e817a6d9cc1e88a7ddcd58e48e56eaebeb6abf26868564a68
train,clustered,50,117,202611510117,5,511.963,train/clustered/n50/clustered_n50_0117.tsp,f33f7c3743ec15ae35f04a1a15797e9bf5e41ad86c5d72c13344ad1db863000f
train,clustered,50,118,202611510118,6,344.322,train/clustered/n50/clustered_n50_0118.tsp,08dea813a607e4808c0accc6fbf33d74a0a56e2e9d7d1b0a2ababa0dfb138aa9
train,clustered,50,119,202611510119,6,612.927,train/clustered/n50/clustered_n50_0119.tsp,3b7de24981e49704c960e6b858eeb585af41440b5d88d992dbdb0a3764beae40
train,clustered,50,120,202611510120,6,740.709,train/clustered/n50/clustered_n50_0120.tsp,4f72808e2f67673828934b247193c4acad225c5d57e0fe4f8225f8a083a5d2fc
train,clustered,50,121,202611510121,6,524.328,train/clustered/n50/clustered_n50_0121.tsp,ce84506f156c893fe375cff9840a3de9055248d97df3083cbdbbfa65ca7c241f
train,clustered,50,122,202611510122,5,618.658,train/clustered/n50/clustered_n50_0122.tsp,beac916241214d5e21d53296c6064b2a5faf307d3fb05c3402291d41bfa679a3
train,clustered,50,123,202611510123,4,484.423,train/clustered/n50/clustered_n50_0123.tsp,bc6a75f93d0bf6de4189fd770697a254bcf8aefe6a8e5c04032558aa0f4bbbca
train,clustered,50,124,202611510124,4,382.302,train/clustered/n50/clustered_n50_0124.tsp,bde75a80c9d56eb948a6a24e18f011d5ee43658b162be7d6f06cd2f32fc9d253
train,clustered,50,125,202611510125,5,761.603,train/clustered/n50/clustered_n50_0125.tsp,bec89fc9d7e4dd82d252cc00bb8a79a63a6e6d8bd7d1e1f83e23292b3523bbd2
train,clustered,50,126,202611510126,4,544.259,train/clustered/n50/clustered_n50_0126.tsp,b17b00b77c09a714d86beab0043ba5691a3ee5d92b326706a9e93bb1d11e502f
train,clustered,50,127,202611510127,4,816.323,train/clustered/n50/clustered_n50_0127.tsp,3af4de5dd3848971bcefe3cd0de9c223207dbd7348c19bbf28adb0b80d0c2b32
train,clustered,50,128,202611510128,4,302.049,train/clustered/n50/clustered_n50_0128.tsp,041baafa10e8930d7d75d5fffecf269f0c180276c21e7f5de020718cf4c601c7
train,clustered,50,129,202611510129,6,704.738,train/clustered/n50/clustered_n50_0129.tsp,4c516b50d296b9fed81e822d74308ea2c9a1315db4191d28e13adc3aa50a0285
train,clustered,50,130,202611510130,6,746.087,train/clustered/n50/clustered_n50_0130.tsp,53a00d57a482836b277b7cdbafd32f26c1a3a09189d4a4a1d1ef13d8a6b6d7cb
train,clustered,50,131,202611510131,4,407.807,train/clustered/n50/clustered_n50_0131.tsp,f43e8148f24a77539968325aba816b8f69e18897dfc42fbe771774cd984599c4
train,clustered,50,132,202611510132,4,832.468,train/clustered/n50/clustered_n50_0132.tsp,3def758bced81bd9e73bf9f270d55366da6cb4757c6ecdb3735619aa6af905bf
train,clustered,50,133,202611510133,5,767.319,train/clustered/n50/clustered_n50_0133.tsp,0b622acf58b163fc37454f54fdb06c34281385702590e7208f9d88776ee6c29a
train,clustered,50,134,202611510134,5,404.107,train/clustered/n50/clustered_n50_0134.tsp,94ab5ef77087186aeb7ed2e07afd56b73512a5c26e652b789c282fbcc62e7fb4
train,clustered,50,135,202611510135,4,676.209,train/clustered/n50/clustered_n50_0135.tsp,ee61dca801b4e320ce8b58fe3dc7349057e5f3632f3d49d1cedc9d44a8144e57
train,clustered,50,136,202611510136,5,502.844,train/clustered/n50/clustered_n50_0136.tsp,50b0f3cbb3ee2b5858c73c388f33e9c72c4388adb48720c6dffce655bb3e36c9
train,clustered,50,137,202611510137,6,577.26,train/clustered/n50/clustered_n50_0137.tsp,2d498ce403daed663251dd2a6723046a503be4392f2f8345138ade84d78f4422
train,clustered,50,138,202611510138,4,305.715,train/clustered/n50/clustered_n50_0138.tsp,ebe4631d96319351bcba81e634937eeb63c26d5c0c51ae15f96bb34316386e6b
train,clustered,50,139,202611510139,6,765.99,train/clustered/n50/clustered_n50_0139.tsp,966aaff375d261020ee69144d58dfd0e190cac8461cf39d41617e94a7eba87ac
train,clustered,50,140,202611510140,4,616.297,train/clustered/n50/clustered_n50_0140.tsp,00c482d574373669a6337685a9cbba459a4cedcc3397109c102d4b9c5f929688
train,clustered,50,141,202611510141,4,543.517,train/clustered/n50/clustered_n50_0141.tsp,a147547cf63a7ab8043122354802481ecd70ab83721c1fe8fc20527266accd8f
train,clustered,50,142,202611510142,5,316.557,train/clustered/n50/clustered_n50_0142.tsp,e6d0db4b7f0519b3ec4f75ed0c103dbf71716e962353cc488413ae03799c1cd1
train,clustered,50,143,202611510143,4,833.168,train/clustered/n50/clustered_n50_0143.tsp,3df2a4a3e73c17759657bb6351e2b06c61f34ad72e4aa5f21d845f7f5a6f02d7
train,clustered,50,144,202611510144,4,586.196,train/clustered/n50/clustered_n50_0144.tsp,d222ebd619e55375574b5a16d832a1100a76e1021e1903194d07dc912f98295c
train,clustered,50,145,202611510145,4,597.167,train/clustered/n50/clustered_n50_0145.tsp,a78e4c1a58854d7832841fcd3b14b03fa54e0f25fd0f7e3c5b9d2d79de472fff
train,clustered,50,146,202611510146,5,625.107,train/clustered/n50/clustered_n50_0146.tsp,e4fe6ba2eea18edd87e9c59eaa082f39507e2ae6b2a4aa22cc1cc451e30b91fa
train,clustered,50,147,202611510147,4,360.224,train/clustered/n50/clustered_n50_0147.tsp,9adec07f807d541cdef1b0dc09d04d05ac829b2500acbc0dfbbe45b0423b937a
train,clustered,50,148,202611510148,6,554.299,train/clustered/n50/clustered_n50_0148.tsp,bb46bf61285a11d5a10b7050073cdda40ba28af2f822ce1a9b64d5a3c94c1bd0
train,clustered,50,149,202611510149,6,442.345,train/clustered/n50/clustered_n50_0149.tsp,2fea998e16733860ac485b3fdfdb1ea983679870e93e3c7919f288183bf18edb
train,clustered,50,150,202611510150,6,322.251,train/clustered/n50/clustered_n50_0150.tsp,0d99be34975590e31a87b159608672a36f36c10dfeb2a44307eec2730deef278
train,clustered,50,151,202611510151,5,741.718,train/clustered/n50/clustered_n50_0151.tsp,87fe2e61f7288286e3a0d90be6391f0924f128221474dcaf6e658bf4a8c0733e
train,clustered,50,152,202611510152,6,376.618,train/clustered/n50/clustered_n50_0152.tsp,e3f9c419c616ff4ac8ae71b8f84a9ba1473c0811606e87c751b0e5914ad5c7f7
train,clustered,50,153,202611510153,5,336.619,train/clustered/n50/clustered_n50_0153.tsp,e0247814d979552f249a65f3f308ec08fe64617961228ce2ca9c823945314c5b
train,clustered,50,154,202611510154,6,685.64,train/clustered/n50/clustered_n50_0154.tsp,6855f2f85b0738baa9778acbcf51d78cb4a4a0ba8e78a99af7bacdab30047325
train,clustered,50,155,202611510155,6,410.444,train/clustered/n50/clustered_n50_0155.tsp,2f9b38915cc57111980cd651a472457c442847713ed37f3fe1c4f2171942e4c6
train,clustered,50,156,202611510156,5,496.529,train/clustered/n50/clustered_n50_0156.tsp,58a4f2f2ceb608a0ddeaea9d3353895aee98d49df88dec618ba08361e79f68fb
train,clustered,50,157,202611510157,6,301.796,train/clustered/n50/clustered_n50_0157.tsp,53d924a3a52190329e1d211818c491b0bc96a6d270c8f9c948d8cc137b8e97f5
train,clustered,50,158,202611510158,6,489.338,train/clustered/n50/clustered_n50_0158.tsp,d7c66401ab1f33189893d1949c9940564617aaea477cd368f0fa169572173f5d
train,clustered,50,159,202611510159,4,802.279,train/clustered/n50/clustered_n50_0159.tsp,f72858421e31d15297203262f4ccd3373ce44c07c64f37b80cb3b80eb87ac4b6
train,clustered,50,160,202611510160,6,558.673,train/clustered/n50/clustered_n50_0160.tsp,06a706b3af71fc42918cf560dc257e7d91a7f59f79e4fa5e8428b80c8ab5931c
train,clustered,50,161,202611510161,4,369.674,train/clustered/n50/clustered_n50_0161.tsp,605c2f08f367c76d03eea18caac59505b2a68b51359aa273dcc2dd3bf80f6285
train,clustered,50,162,202611510162,6,710.107,train/clustered/n50/clustered_n50_0162.tsp,fa30e4628d3167804b77ec51713bcedfe0d75a950257af6b6b30db6ed1a9702b
train,clustered,50,163,202611510163,4,503.91,train/clustered/n50/clustered_n50_0163.tsp,dd341599e55c2bb128f8fb92ddfa978ac7f103dc5c4d3f7e5edadaccbf7fbbce
train,clustered,50,164,202611510164,5,370.999,train/clustered/n50/clustered_n50_0164.tsp,a32c9fea8accecda5578d1185a1dddab8df358263b2816911fbf1d5f27423611
train,clustered,50,165,202611510165,6,546.818,train/clustered/n50/clustered_n50_0165.tsp,28b1712dec59d16de581fd548f72a7a5e4317e15f947eb955b197c6389e012a7
train,clustered,50,166,202611510166,4,392.554,train/clustered/n50/clustered_n50_0166.tsp,d8bdf9751dd16c267612c82160284806c0594f1c4419b213ace0386d98558a2a
train,clustered,50,167,202611510167,4,777.835,train/clustered/n50/clustered_n50_0167.tsp,68f41328120447f657d0af2da8d8242598be2ae9a628702db00d467c2dbd76cd
train,clustered,50,168,202611510168,5,684.929,train/clustered/n50/clustered_n50_0168.tsp,26cb6f86868f025a56b6680707184dab83c1aa6bcc62e123fe13b0a9dbebc972
train,clustered,50,169,202611510169,4,762.278,train/clustered/n50/clustered_n50_0169.tsp,b954ca8c24b99a7adeff6f1be809f41044a530b609b726155dee1356d29e5a00
train,clustered,50,170,202611510170,4,510.618,train/clustered/n50/clustered_n50_0170.tsp,6d359ab3fa4a3b1c8d070cb3c9bb287da9d15050db59ec05ae96fb2f03c9e6ef
train,clustered,50,171,202611510171,6,809.238,train/clustered/n50/clustered_n50_0171.tsp,74dd2e9761314126fbea725eff0a2577cdf47934e6f4f19da4000b8d85ab0b17
train,clustered,50,172,202611510172,4,447.085,train/clustered/n50/clustered_n50_0172.tsp,f6ec2f22c99c286dafa090a9e0e11a286f6469cce1441bbccdead2686e6d6b8b
train,clustered,50,173,202611510173,6,391.331,train/clustered/n50/clustered_n50_0173.tsp,d9118393725159848f4dc33077a232c62e7f22d97cee780fdb8f0850b9f75dc1
train,clustered,50,174,202611510174,6,819.025,train/clustered/n50/clustered_n50_0174.tsp,bf17c7fac36ff1fe42009144465073f9efedd66081362317b8598370f152bdab
train,clustered,50,175,202611510175,4,311.721,train/clustered/n50/clustered_n50_0175.tsp,0815b3919b2a4f6a1c8bd16e8c4e5f6a597c6d21bc43256d45519de291703576
train,clustered,50,176,202611510176,6,560.725,train/clustered/n50/clustered_n50_0176.tsp,31e1dd3d6a2a8f6c021ab53b56538dc4fa9bda23bc36ea8cffff44e12abb86ae
train,clustered,50,177,202611510177,6,822.282,train/clustered/n50/clustered_n50_0177.tsp,62bc43f9064d7820fc3d3dae453eb014be418cde01911fa9d4a7b9d2a7247b18
train,clustered,50,178,202611510178,6,322.717,train/clustered/n50/clustered_n50_0178.tsp,428c7ad33517e4b514b4aac59066b5ed71f311d568dd074f7be6ed42ad4eca38
train,clustered,50,179,202611510179,6,374.343,train/clustered/n50/clustered_n50_0179.tsp,ca710518c8a8651953366ce32446f171955f5b4b9ccb26ed9318644b78bfce04
train,clustered,50,180,202611510180,6,747.989,train/clustered/n50/clustered_n50_0180.tsp,ec46b396e4635adf42227103d305adc121aea5682c6591e86c7c968639287e08
train,clustered,50,181,202611510181,4,347.3,train/clustered/n50/clustered_n50_0181.tsp,b98cf45dfe00a9768cec721aa0d1f63356ee7f406f91e512b6f5d3a0ce88bd2a
train,clustered,50,182,202611510182,6,822.627,train/clustered/n50/clustered_n50_0182.tsp,6cc90bb927361d4b784812481724a08ec348b82471725c8d9d20cca546e16baf
train,clustered,50,183,202611510183,6,504.568,train/clustered/n50/clustered_n50_0183.tsp,ce5dd6b28f530d7bb8659835e6d8457e9b13585b5953eafe2b39ab45f2b89424
train,clustered,50,184,202611510184,4,380.72,train/clustered/n50/clustered_n50_0184.tsp,fdc5d8e6a0094a732de23aba519510d79e23dc3614820454b006b743f0acbee2
train,clustered,50,185,202611510185,6,462.052,train/clustered/n50/clustered_n50_0185.tsp,68f32070a4e360b8cb8781eee4a61ad01d1f86fcdfa31324e6eed77721021ed7
train,clustered,50,186,202611510186,5,506.586,train/clustered/n50/clustered_n50_0186.tsp,59afe13dad01cacff47775d830414c607bfaf0cb12d641f3c05ff795f62c2d84
train,clustered,50,187,202611510187,4,362.453,train/clustered/n50/clustered_n50_0187.tsp,604c857984b6fdbebb183e01744abc5fe9a16b0b445a69535055ece0e01b4d87
train,clustered,50,188,202611510188,4,598.1,train/clustered/n50/clustered_n50_0188.tsp,c0a157ca7f9d7a89c318ca127f4a0a83a9d267e2f1ba8e126c43953385429298
train,clustered,50,189,202611510189,6,837.836,train/clustered/n50/clustered_n50_0189.tsp,fd55d6f88472a1fbaba460740351ca02c5fa371d75818626076e0a85ac0e9e99
train,clustered,50,190,202611510190,4,739.814,train/clustered/n50/clustered_n50_0190.tsp,92818509e6b492e4ff5376a0415dce95447a55d0939d8a4cb3ff2e4da1977cc8
train,clustered,50,191,202611510191,5,528.376,train/clustered/n50/clustered_n50_0191.tsp,4a67b103e5b962523610c97dc19504d21bd153ed24a12c604d75cd27511ad2dd
train,clustered,50,192,202611510192,5,715.697,train/clustered/n50/clustered_n50_0192.tsp,e140a14eb54d67fd85b722808846be4210262def0887827811316fea9e9c6dbc
train,clustered,50,193,202611510193,6,527.123,train/clustered/n50/clustered_n50_0193.tsp,166aba11dd65c024e992504e2a93d9b22c72c70cfc41422247d8a6484d6600e6
train,clustered,50,194,202611510194,4,699.664,train/clustered/n50/clustered_n50_0194.tsp,24f959bfb9c02bd948194ae89400dc9a3b019966870aaa5affb3ca1b1332f736
train,clustered,50,195,202611510195,4,456.559,train/clustered/n50/clustered_n50_0195.tsp,2deeabfa2b5510ecf2f52ff8f90d9a9d1c6517e0045d4c98226736397879c5b6
train,clustered,50,196,202611510196,6,475.274,train/clustered/n50/clustered_n50_0196.tsp,0dee13d8fdf4e30ab87b1e07266eba4fd42e2ac5248529670ceccda222f7f403
train,clustered,50,197,202611510197,6,663.715,train/clustered/n50/clustered_n50_0197.tsp,46c925c7a094b57ba822fdd4c0d610b2a632387c78bbccebde4c99ce2c22a8f1
train,clustered,50,198,202611510198,4,552.551,train/clustered/n50/clustered_n50_0198.tsp,9a8fe2409ca10a1d441edddc6c58df343d6f6baa8a9e861e48018ad30982a5b8
train,clustered,50,199,202611510199,6,392.133,train/clustered/n50/clustered_n50_0199.tsp,2175355784b8d5f3c8fd4535d3cf273cf84cb6fc72c058a432f70808b7e18ff9
train,clustered,50,200,202611510200,6,452.659,train/clustered/n50/clustered_n50_0200.tsp,c218da1d698423c41fe3a82548ae6da425551c59f988d263b02af0bf80404951
train,clustered,50,201,202611510201,4,497.542,train/clustered/n50/clustered_n50_0201.tsp,20c6a078d39188ff6a5df3de578cd98b4bf01b348bd4021ff5e71f5b45358142
train,clustered,50,202,202611510202,6,661.053,train/clustered/n50/clustered_n50_0202.tsp,8726e18660607038a2b1fc7b33dcf1a17cd46d51179a6860fdd34ee1e4375670
train,clustered,50,203,202611510203,4,491.497,train/clustered/n50/clustered_n50_0203.tsp,38fa48376cb328803e967ac7d7cb37b864ce99277d24f913d81b3faa53b07460
train,clustered,50,204,202611510204,6,561.823,train/clustered/n50/clustered_n50_0204.tsp,686a8b5500a9ea96049acdf0b74a3dd814a5257fdf52c5e127a3f7049cb11bfe
train,clustered,50,205,202611510205,6,451.768,train/clustered/n50/clustered_n50_0205.tsp,b79e7be183ed218f70b0367cffaf8c8e2f0741b16d9f8ff9521ec094b7f39cad
train,clustered,50,206,202611510206,6,623.508,train/clustered/n50/clustered_n50_0206.tsp,71bad82c9040c76564d2b680935c3adc8d891688cde1ad2bfdf6231a323c1b66
train,clustered,50,207,202611510207,4,613.454,train/clustered/n50/clustered_n50_0207.tsp,df12292afc8c22e2ccdec769f0e4aac57bf7ab88e77959decdff213fde3e52eb
train,clustered,50,208,202611510208,5,802.133,train/clustered/n50/clustered_n50_0208.tsp,1a7f33cc2c6afd832e2a9d9f73bb2efbd10c8f8e09099eeeffef57570396d974
train,clustered,50,209,202611510209,6,426.241,train/clustered/n50/clustered_n50_0209.tsp,47dd9f9c9c456baf8607018c2f52fb9bda28cc4e923a504bcbe2322a16b35df7
train,clustered,50,210,202611510210,6,672.665,train/clustered/n50/clustered_n50_0210.tsp,a8566c6b33aec0ee6d656f142dd05cf9cb6ed1e28151b695d6c90e7ee6907074
train,clustered,50,211,202611510211,5,776.018,train/clustered/n50/clustered_n50_0211.tsp,3286b42d899ceb424d51834e9b3855c3edc6bbf5f78ca83e9125ea30be27f444
train,clustered,50,212,202611510212,5,303.145,train/clustered/n50/clustered_n50_0212.tsp,5aea0fd8adb44386f2620aa0d6cdb0907e635eb57c6eabb1b7b9a83f7e8c6beb
train,clustered,50,213,202611510213,5,812.828,train/clustered/n50/clustered_n50_0213.tsp,56d6765644433169baa5841f4cc547ee996e7c3d75eee0ceecb0506b28be554f
train,clustered,50,214,202611510214,6,572.673,train/clustered/n50/clustered_n50_0214.tsp,9dbd4f22cd1a604a63f5a5d7ac21fc458da76fa9198921684b05acb4fe853d11
train,clustered,50,215,202611510215,6,585.579,train/clustered/n50/clustered_n50_0215.tsp,1adf4d06b9034e82a2018bcaff7d298b85587da5f21cfee1afab7c8b8aa5b54c
train,clustered,50,216,202611510216,4,704.995,train/clustered/n50/clustered_n50_0216.tsp,e2d69e5259935a32f140ae1ee91d76da6ab53ef12c375ddd29a97a77aebb9b2e
train,clustered,50,217,202611510217,4,577.775,train/clustered/n50/clustered_n50_0217.tsp,89f35102671342bb150a9fd82d5a2d646d24c811df47612caadb00af544e21ec
train,clustered,50,218,202611510218,5,540.132,train/clustered/n50/clustered_n50_0218.tsp,281f5ae78736da7a2d8d6339bdc48848d63baad5ae49f22dce10f71730e015f0
train,clustered,50,219,202611510219,5,472.417,train/clustered/n50/clustered_n50_0219.tsp,024a1498fd4ba5006daea4d4c94ebc797b5fea3fa326a4f63ead93bb2a4765a3
train,clustered,50,220,202611510220,6,457.708,train/clustered/n50/clustered_n50_0220.tsp,1552ae6de83c5073f5e22275a811eb4214413ae70a84f2bb64e04096cae4e1d0
train,clustered,50,221,202611510221,6,722.514,train/clustered/n50/clustered_n50_0221.tsp,3d06ed26f82ec6ea39a6756d8338b7cc583a49516439c41b20b16b370184a710
train,clustered,50,222,202611510222,6,454.225,train/clustered/n50/clustered_n50_0222.tsp,9077f5a14faf827802ad4d5ae06a110c6026e712071a89737a30fe097421fafd
train,clustered,50,223,202611510223,5,710.11,train/clustered/n50/clustered_n50_0223.tsp,2e691fbad9edf87b1ac96934d1205058338aaa09eb07fc4eb3b1b6a0b22c414c
train,clustered,50,224,202611510224,4,500.451,train/clustered/n50/clustered_n50_0224.tsp,18f754c317a40e4ec244fbb3a8db67352253378878a048f48f16ed6e5924e3c7
train,clustered,50,225,202611510225,6,309.669,train/clustered/n50/clustered_n50_0225.tsp,08dcc75cbad4874f4431a2f665c0786eb1e87eb7e9bf91a742e7a35e8446c93c
train,clustered,50,226,202611510226,5,558.208,train/clustered/n50/clustered_n50_0226.tsp,07cc41c3b8a8c9e40e5e45923c93f6d9656d494dd7b7a266877d8f2ce50afbe2
train,clustered,50,227,202611510227,5,725.269,train/clustered/n50/clustered_n50_0227.tsp,d33acd99d0acd1dd226391f60fd01ad5d0234acf1fbbc54204bee1f993059081
train,clustered,50,228,202611510228,6,716.335,train/clustered/n50/clustered_n50_0228.tsp,6b171e9b46008c8923c556c8a18a25fd7ebd825ce7cb42eca9b1042f1f205fe5
train,clustered,50,229,202611510229,5,379.173,train/clustered/n50/clustered_n50_0229.tsp,2becfa1b5f39ce3255adae4a889424e9737c330e1d42a047dfe0a8a5c65f46d9
train,clustered,50,230,202611510230,5,836.714,train/clustered/n50/clustered_n50_0230.tsp,2fd57bd47878fbd4be6a33f1cf5c083fdacd8772207c9fa9a97ab5079e8694be
train,clustered,50,231,202611510231,5,706.494,train/clustered/n50/clustered_n50_0231.tsp,7934904838a9f3dfd802908112ef452ac62f301722e59ec8985f3313455ce1b6
train,clustered,50,232,202611510232,5,610.719,train/clustered/n50/clustered_n50_0232.tsp,e75cc8072c4f1d7c1893ff93500905e95d8670f5bce49de47ac983604449cf39
train,clustered,50,233,202611510233,6,552.241,train/clustered/n50/clustered_n50_0233.tsp,cf3426b3db79b83d554a4e7242976df1dba2b98b18065d522659c1c10ebdcc49
train,clustered,50,234,202611510234,4,415.616,train/clustered/n50/clustered_n50_0234.tsp,61cf97fe57cbdc413466919deaa391a408d0ed5d3b77bc491dfee6df10a5df8c
train,clustered,50,235,202611510235,4,533.763,train/clustered/n50/clustered_n50_0235.tsp,5557d01ca2aa956289b8772a3a2122fa5cdcee054bbcd9dcd2cf61da19f52a1b
train,clustered,50,236,202611510236,5,564.72,train/clustered/n50/clustered_n50_0236.tsp,14ed451c3a518c2be4feb612b4cbfe073149ff62ca18accb0094caa6653761b6
train,clustered,50,237,202611510237,6,518.134,train/clustered/n50/clustered_n50_0237.tsp,2b00f715ec27f5a161d051f23f537e62e5392e3ea10a2d63b1b7c586d88ba5e2
train,clustered,50,238,202611510238,6,500.976,train/clustered/n50/clustered_n50_0238.tsp,39d412ceb91406e3e72e4940167f82a7720e4e86ac44bf1025907008bdca42dc
train,clustered,50,239,202611510239,4,556.583,train/clustered/n50/clustered_n50_0239.tsp,2fa10dfe45785919f768d917b67d994efdc43f5c558ccbd0f6bccb45370e031e
train,clustered,50,240,202611510240,4,770.298,train/clustered/n50/clustered_n50_0240.tsp,68d4ea29e863ea74bb75b0fa962b4ef7166519befd381da8157ff5bfeeb8708e
train,clustered,50,241,202611510241,6,435.647,train/clustered/n50/clustered_n50_0241.tsp,cca440dc0abf3d1501664900e792c2fb6d277de0b2874c57b8489322396ac42e
train,clustered,50,242,202611510242,4,749.2,train/clustered/n50/clustered_n50_0242.tsp,5278e5f76bcd80125551af4a2393db27d0fd6454f6dcc4ed087ffb77c52ef343
train,clustered,50,243,202611510243,4,653.669,train/clustered/n50/clustered_n50_0243.tsp,3ce7c46518d70ace68f96bb8847b59d698e5d01f2ac1907f8e50433694bc15da
train,clustered,50,244,202611510244,5,625.116,train/clustered/n50/clustered_n50_0244.tsp,1cb9a43a1d398aa5f77c7c81c6f722a4f92d27c86e710aa679ae85756fe69199
train,clustered,50,245,202611510245,5,516.27,train/clustered/n50/clustered_n50_0245.tsp,dcdde19afbd2007a3d5fefdc41c0e22ba191a5cd7d2190c818d974054072e8cb
train,clustered,50,246,202611510246,4,787.432,train/clustered/n50/clustered_n50_0246.tsp,a5d80c38d5ccbd5bcdf246ec77e8894285f25d0e1e10023bfab33780c9a16fa8
train,clustered,50,247,202611510247,5,432.99,train/clustered/n50/clustered_n50_0247.tsp,61b9c8a677fe1ed27415ae019a182ccafab0b475720e3e34fd4be8ce5a11d2e6
train,clustered,50,248,202611510248,6,488.528,train/clustered/n50/clustered_n50_0248.tsp,6f39603fcd92a83613f23cd3eba92930faa482705b0ea23c012c6e6a989c10ac
train,clustered,50,249,202611510249,6,526.236,train/clustered/n50/clustered_n50_0249.tsp,0f2d6086b4722c707e830a68b313ac45b1a6a034cd7cf16d995f1a8a8127b776
train,clustered,50,250,202611510250,4,409.924,train/clustered/n50/clustered_n50_0250.tsp,2b7d5874d73337a236043ef97c4bb7d8416aaabfddad19ded743db96e90b48f7
train,clustered,50,251,202611510251,4,596.523,train/clustered/n50/clustered_n50_0251.tsp,8515087a68d956bc8b68d4aa02da1fc6235ca897f819f6ec534dd4e1abe34e73
train,clustered,50,252,202611510252,6,450.516,train/clustered/n50/clustered_n50_0252.tsp,5b2684a10286a6c66e580c034a1054a5b21927b166e5f216a9ec498865d20f17
train,clustered,50,253,202611510253,5,788.456,train/clustered/n50/clustered_n50_0253.tsp,5901c3c70ceabab53b2c3168241fab321450b7495c320505ebd2143a314c6f3a
train,clustered,50,254,202611510254,4,691.095,train/clustered/n50/clustered_n50_0254.tsp,c6e4bfdfbe6ed0e8972ccf23e18eabb48ad5e242e893eff1061b80d0cd32ac0e
train,clustered,50,255,202611510255,4,777.264,train/clustered/n50/clustered_n50_0255.tsp,1f135d12741d1525fff04106348281d7eabedef6cb2996731905c17e5dbeca57
train,clustered,50,256,202611510256,6,477.926,train/clustered/n50/clustered_n50_0256.tsp,64f88168b7ed51baa94315ba69b1ab85f939512f0606a0125a6290ab7879b2b2
train,clustered,50,257,202611510257,6,604.45,train/clustered/n50/clustered_n50_0257.tsp,e8529d9bbc1d97f47dab8de5f272caac974091ce9dd47bc171c957112127c145
train,clustered,50,258,202611510258,5,673.596,train/clustered/n50/clustered_n50_0258.tsp,33933b14d2231a6c3f8590a49dcc5ca92c89dfbe42b2e077b8bc3421b4bff194
train,clustered,50,259,202611510259,4,843.025,train/clustered/n50/clustered_n50_0259.tsp,f47a8faae13c749445af3f56af7caaa2d6dd491d12879ac54d8f52f30986d2d0
train,clustered,50,260,202611510260,6,493.542,train/clustered/n50/clustered_n50_0260.tsp,aeee50948d55aa93d58eb8d5dc3d1aedc06fc92a848c163b9dd8609f4418d01c
train,clustered,50,261,202611510261,5,404.767,train/clustered/n50/clustered_n50_0261.tsp,5ff581fb50a0027724f1d0cfc33e374be2ef71cda1399015a5c1ae3198433ebd
train,clustered,50,262,202611510262,6,686.341,train/clustered/n50/clustered_n50_0262.tsp,1a7ae90324a230ee37af8698e9edcd095fd2cd995cb1f55937f43a857dc79d3b
train,clustered,50,263,202611510263,4,712.89,train/clustered/n50/clustered_n50_0263.tsp,48ebfc316881be09c6ade9c8aa52420eeac6bd421bc32481649c7801a5c4568d
train,clustered,50,264,202611510264,6,622.443,train/clustered/n50/clustered_n50_0264.tsp,b067f9b20babef87edcd662def56b3c87c8478abc3ad537ddb057fb6a6fd5f8e
train,clustered,50,265,202611510265,4,782.673,train/clustered/n50/clustered_n50_0265.tsp,e1dce07afe4001602043df2e5779ed6cd969e838cf2ade05bd8ddecb7aa0ad47
train,clustered,50,266,202611510266,6,846.034,train/clustered/n50/clustered_n50_0266.tsp,a5ac32feaa4156fac685217d010a9519e3e0729c38b6d7cbd04912c1cfe7b253
train,clustered,50,267,202611510267,5,441.518,train/clustered/n50/clustered_n50_0267.tsp,3ad71ffbe952d0ae1a648b4fdc879da405f0df62aa21080994c21897ce60dd9d
train,clustered,50,268,202611510268,5,373.867,train/clustered/n50/clustered_n50_0268.tsp,309d02ec0693e386f136afdc7b5cba3ec9e6373710c985e00e0d292372e85fdd
train,clustered,50,269,202611510269,6,628.963,train/clustered/n50/clustered_n50_0269.tsp,ace9b7609cee3a9954bc69cca6b16eee39f7e5b5951a3b010a5f9820e2a2cb38
train,clustered,50,270,202611510270,5,510.221,train/clustered/n50/clustered_n50_0270.tsp,f5e003d1b82158a78161500cb479829478fb5c338921a670d723362267f8633d
train,clustered,50,271,202611510271,4,741.83,train/clustered/n50/clustered_n50_0271.tsp,1ed7e3b0ba222b20aa4a9aa2c34a9211240d13c41fdc915d2ecbdd140b114223
train,clustered,50,272,202611510272,4,754.608,train/clustered/n50/clustered_n50_0272.tsp,f9a2c4ad87ca25c30909d222aac51e476206b7d8a3d32d2ff2b8267f8601b495
train,clustered,50,273,202611510273,4,478.02,train/clustered/n50/clustered_n50_0273.tsp,865bb024b6e4a0035dac3c15c747d5996af2636a6191dd9a780440d135351ed3
train,clustered,50,274,202611510274,6,722.095,train/clustered/n50/clustered_n50_0274.tsp,bc544cb4db9ea1d925fd2772777b3edae8b32bd921f14a81693db1694d5d1267
train,clustered,50,275,202611510275,5,829.317,train/clustered/n50/clustered_n50_0275.tsp,85ddf459fa005ae292bbd5aa90f7bca05e75f42592ed315d2ae57fd749262019
train,clustered,50,276,202611510276,6,783.044,train/clustered/n50/clustered_n50_0276.tsp,6d655ee3b9fe986a6e9eb2f010266b7f71c842421cca21c236ea47dbe6bbe78c
train,clustered,50,277,202611510277,6,371.616,train/clustered/n50/clustered_n50_0277.tsp,e9329f5fbde6b12f10e7894dee9b37b8970ec97fa23fd51635cf92a1f7402b42
train,clustered,50,278,202611510278,4,706.748,train/clustered/n50/clustered_n50_0278.tsp,a7f8bb156071bf8d463e0e16f205987aae2617c747b8cfa27e1c88aecd670422
train,clustered,50,279,202611510279,4,362.419,train/clustered/n50/clustered_n50_0279.tsp,efd6725f2c758aeb6f466f74ac3498031a8a07b01765716c2f75af9ca47a74f3
train,clustered,50,280,202611510280,5,646.198,train/clustered/n50/clustered_n50_0280.tsp,4657764fb8ba86797cd64252cf2348284b9fe3fccecee68a3561ec8dee434160
train,clustered,50,281,202611510281,4,325.719,train/clustered/n50/clustered_n50_0281.tsp,f9df86425a199158ef178180dae36c7415e493ec3cb60f7dde8ca5bb812b61d3
train,clustered,50,282,202611510282,4,767.479,train/clustered/n50/clustered_n50_0282.tsp,90496d972e53186e07fd0f1a7deea999e1149d9771f350e14d9b138b0d92297e
train,clustered,50,283,202611510283,6,582.215,train/clustered/n50/clustered_n50_0283.tsp,35a42ad332e33c872f41fc85a2df695dcfeb13341c327f987eaf455e278d3997
train,clustered,50,284,202611510284,5,452.326,train/clustered/n50/clustered_n50_0284.tsp,6144689a44c75e7046ae94fe669ba2f85823e5dc8baa43cc29e440ee04c13337
train,clustered,50,285,202611510285,5,819.34,train/clustered/n50/clustered_n50_0285.tsp,cae513110bdb0c99802fb8f56e5b07219361781e514d9dbcf0a32aa2eed269a5
train,clustered,50,286,202611510286,4,796.431,train/clustered/n50/clustered_n50_0286.tsp,c4d4f6bcf9911b3540ac1c53502f73931c613b3b5291c719988dfc2a50e8b579
train,clustered,50,287,202611510287,6,374.182,train/clustered/n50/clustered_n50_0287.tsp,38dd1d3a00d1f54246222e07197f7c8130eb37477c95f74666098aa0dbc460a0
train,clustered,50,288,202611510288,5,649.02,train/clustered/n50/clustered_n50_0288.tsp,74d42e7b81753f7b8f3e4fb2779c56372c8f0882eb75228b21ce2e03777acf4d
train,clustered,50,289,202611510289,5,447.598,train/clustered/n50/clustered_n50_0289.tsp,39ce43c8a917eccbbfba86a4c39c5f28f21c67d447a4148ea99d9ee8871cdbab
train,clustered,50,290,202611510290,4,455.291,train/clustered/n50/clustered_n50_0290.tsp,2213d5f4d6b4a42c8e90e869b68044b44846d3ed0d363a0e71d1faeff4adbe48
train,clustered,50,291,202611510291,6,472.873,train/clustered/n50/clustered_n50_0291.tsp,2d85159473f6f0cbdcb2f08d8dd348f3018c50abd769beafa9b792d0d91be447
train,clustered,50,292,202611510292,5,559.381,train/clustered/n50/clustered_n50_0292.tsp,0b5ea72feda98dc82d4127705b1cb71b254bffe197f4bc0c17d9bb2c9b984688
train,clustered,50,293,202611510293,5,548.769,train/clustered/n50/clustered_n50_0293.tsp,e1d5e508861621da27a459af062d3245646587a3b1d36e76d2bc74d0803f0475
train,clustered,50,294,202611510294,5,474.255,train/clustered/n50/clustered_n50_0294.tsp,18ff95d76fb36c4dd9872b326532156f3f69e850ed4fb0e5a02a31998af63322
train,clustered,50,295,202611510295,4,784.701,train/clustered/n50/clustered_n50_0295.tsp,beffd502d977e4eac2900b968cbd9eb48fc81e42849b0e5bec115e6dbc274f55
train,clustered,50,296,202611510296,6,581.062,train/clustered/n50/clustered_n50_0296.tsp,1e05cc225739cbd8e776c73617f2ccb59982cec25489809f371c407256f427c8
train,clustered,50,297,202611510297,6,646.578,train/clustered/n50/clustered_n50_0297.tsp,5706ecf5818f65f13a9fb5713306b746446ece912afbe53942cd43b28454b41f
train,clustered,50,298,202611510298,5,454.977,train/clustered/n50/clustered_n50_0298.tsp,5d1630631a6a068db7a7da54bdfcba818650238c323c487eba92bb297f4eacca
train,clustered,50,299,202611510299,5,576.101,train/clustered/n50/clustered_n50_0299.tsp,14a2d23771210cbaff4fa1ec0e544153ed3284e00502349e426d5b5b2d17ddfb
train,clustered,50,300,202611510300,5,351.063,train/clustered/n50/clustered_n50_0300.tsp,9d05f6e8297679df46f6131115f70b3521b785c950b732ece3b9d07124598806
train,clustered,50,301,202611510301,4,764.114,train/clustered/n50/clustered_n50_0301.tsp,e221fa41f645550fa44dc7869372dfbb8d83972af08227f6beafebacf79914d0
train,clustered,50,302,202611510302,5,529.527,train/clustered/n50/clustered_n50_0302.tsp,145468a0815d1af71ab34aebbb75d75304bb6638c8d0d9732a9911656a0a88b0
train,clustered,50,303,202611510303,4,426.861,train/clustered/n50/clustered_n50_0303.tsp,435bf4028c9f3277e0ab609da3a9466abd13cc45eaa7dd8a5d46fac8ea4f6872
train,clustered,50,304,202611510304,5,775.145,train/clustered/n50/clustered_n50_0304.tsp,b9718c3d29fd57c8feea122cfe9a67ffce9dfd578e70e7b34618c9fbd45009e9
train,clustered,50,305,202611510305,6,706.482,train/clustered/n50/clustered_n50_0305.tsp,5c11c5b88df469c7e5342c0999af1c436a710d01ee8009fd5dfe2cd3d3a324dc
train,clustered,50,306,202611510306,4,482.751,train/clustered/n50/clustered_n50_0306.tsp,256c5df5ca40ca60dc3a5dfa8bb3f27481c80cc79a6b7ae5ab03c204ae0b51fa
train,clustered,50,307,202611510307,5,417.79,train/clustered/n50/clustered_n50_0307.tsp,d5bf37256cff42e1597cef89f10da0c5f91abdfdc2d65d9df2e4c925ef6a6f10
train,clustered,50,308,202611510308,5,721.503,train/clustered/n50/clustered_n50_0308.tsp,feba33c2198b85f2d05a8e06b9f5d3fca55f468ab56f81cd118095f30268c091
train,clustered,50,309,202611510309,6,661.86,train/clustered/n50/clustered_n50_0309.tsp,a75597f274b253b2c333e7280c59f0300c2bcc9ae825fb066864d6a7366fd170
train,clustered,50,310,202611510310,4,358.402,train/clustered/n50/clustered_n50_0310.tsp,b3cdbc9a048a6dd8f88d8c958123a7156a36ffd53c30e1533af96611b0755245
train,clustered,50,311,202611510311,6,477.173,train/clustered/n50/clustered_n50_0311.tsp,e085d664b075af1579fa56a8ee79b8f826bb6b562b6bdddf35e15ad011734239
train,clustered,50,312,202611510312,4,842.91,train/clustered/n50/clustered_n50_0312.tsp,9a1226bac119d353263ac9d9070400e76f89f7afcff681941c46696f84b10bc6
train,clustered,50,313,202611510313,6,634.791,train/clustered/n50/clustered_n50_0313.tsp,790048e98622f90d213ee304424632a993383934ecce5807ed1a788e70508094
train,clustered,50,314,202611510314,4,633.008,train/clustered/n50/clustered_n50_0314.tsp,91f723dda6f1153d539eb06ddbc72d043780adf9f8dfdd114e95b19d1e1bae0f
train,clustered,50,315,202611510315,6,324.042,train/clustered/n50/clustered_n50_0315.tsp,862ea81926aefe9ee359f376ac325967743dd65c24c51eff70f2b33ed1946e52
train,clustered,50,316,202611510316,4,728.886,train/clustered/n50/clustered_n50_0316.tsp,ae1fd00000655a211e65b00176a455be1234c7e7fb9c51acb6a999e7375429f0
train,clustered,50,317,202611510317,4,360.053,train/clustered/n50/clustered_n50_0317.tsp,52094d1257547a05b67e174b94bdcc1452bb81574854131f3a365a32009e5048
train,clustered,50,318,202611510318,4,511.459,train/clustered/n50/clustered_n50_0318.tsp,6fa65e5a4408912fae5f9a4b496b46a732049a77914b98be1cd0bad8b30096e2
train,clustered,50,319,202611510319,4,326.763,train/clustered/n50/clustered_n50_0319.tsp,6c50f042f46283975995f08a5c93d62bb1009fed76ac9499b3bfaa0f2c21c458
train,clustered,50,320,202611510320,5,753.484,train/clustered/n50/clustered_n50_0320.tsp,e4f0a801b06258e210311e901d78a7ca9fb9daf24f198764dadf99f60694612b
train,clustered,50,321,202611510321,4,608.007,train/clustered/n50/clustered_n50_0321.tsp,80de582bec5107686da0c18eebe22fbab95b1ae84d884c27621d5be9efdcbd28
train,clustered,50,322,202611510322,5,362.817,train/clustered/n50/clustered_n50_0322.tsp,0a9b6e7ae339ccf30e62c4aeceb83aeec047212951fc24011ee8c834ab31bab2
train,clustered,50,323,202611510323,4,772.699,train/clustered/n50/clustered_n50_0323.tsp,0c24b3cc31d5b171a007b4f5ef2afece7d96b4a21b68cfcc79f7bc6a5fd8cc3b
train,clustered,50,324,202611510324,6,533.707,train/clustered/n50/clustered_n50_0324.tsp,590363ec63144ef15c1d7bb26373770ab4af8d8e692d44cebe65bbe014a77d32
train,clustered,50,325,202611510325,6,379.478,train/clustered/n50/clustered_n50_0325.tsp,8870b37828e4e4b1746bc5b62eca583adb94ec6ba2b75cc868f44704d35b9a9e
train,clustered,50,326,202611510326,5,840.409,train/clustered/n50/clustered_n50_0326.tsp,91563855400c1a765853d3eae26ce63f51794f8a0dbedbd6505daa53f94d00ad
train,clustered,50,327,202611510327,6,392.773,train/clustered/n50/clustered_n50_0327.tsp,5222d263a697b27ab7755a62aff9b0864823d805344acf1003f97c811680a364
train,clustered,50,328,202611510328,4,333.657,train/clustered/n50/clustered_n50_0328.tsp,0356efd08f37b59d87a73f77bf57f13d9d3b74c8f86d61a9bfdd5f81bdab8d33
train,clustered,50,329,202611510329,5,515.562,train/clustered/n50/clustered_n50_0329.tsp,5fe4439543432f0a48019d8147fc84c0f624b97d1a5467fe42936f5f96f83c3e
train,clustered,50,330,202611510330,6,625.467,train/clustered/n50/clustered_n50_0330.tsp,aca35413e3e8b42999ee0235e8afa2037c4196e29adbca83ff3c729b1b68b34e
train,clustered,50,331,202611510331,6,689.909,train/clustered/n50/clustered_n50_0331.tsp,f9582b3042e3c63a91083301a50e6c7cb8b9488d7a27ed9885d343349633b719
train,clustered,50,332,202611510332,4,813.465,train/clustered/n50/clustered_n50_0332.tsp,92777574cf020556cd996d6c01d701c76a060a1e7d09b1d384d28898440a3d21
train,clustered,50,333,202611510333,6,634.435,train/clustered/n50/clustered_n50_0333.tsp,683f24679906df9c44113ffbe526d05eb957f18765bd1e7911beee3905bc7c26
train,clustered,50,334,202611510334,5,724.51,train/clustered/n50/clustered_n50_0334.tsp,9c6aa500474cbbe21fd3edc5e10726e5337c1c2c43b0eca96a244e4b84126dde
train,clustered,50,335,202611510335,5,572.696,train/clustered/n50/clustered_n50_0335.tsp,7205bc7b295a7a4f987c885a48c9119065f77ea68be6f552a8ef87e34678b149
train,clustered,50,336,202611510336,4,825.518,train/clustered/n50/clustered_n50_0336.tsp,64f55fa93c2036f0ab8e12689adc3a9501d97735ff7461e71a5e25d5746f2f4d
train,clustered,50,337,202611510337,4,680.608,train/clustered/n50/clustered_n50_0337.tsp,b9b70e048be5e94e86fa0b56e82d24de160dd4fdf493367d7744c41e49384d68
train,clustered,50,338,202611510338,6,430.64,train/clustered/n50/clustered_n50_0338.tsp,c3ca8213ca29f221a99f301d3c88c757a4334cf9c52d665bf88a0fb8ddc40f5d
train,clustered,50,339,202611510339,6,688.893,train/clustered/n50/clustered_n50_0339.tsp,de026972ed18e40c08a917de537830a8008d16e7012ae640c8fe72abe26d170a
train,clustered,50,340,202611510340,4,381.542,train/clustered/n50/clustered_n50_0340.tsp,8709cc8201891dd641c1bb3b3227603b62ba171bd97fecd7b51eba6bb20e54ae
train,clustered,50,341,202611510341,4,673.17,train/clustered/n50/clustered_n50_0341.tsp,94be1c9c29137914d39f724413bde4f517d5aa4ae6b59b8f214a616cf2235b49
train,clustered,50,342,202611510342,6,702.894,train/clustered/n50/clustered_n50_0342.tsp,0e146a43b03cc9c14f09d941b2b7e5d77ed63d240123cdd33b7a2bff053ae29f
train,clustered,50,343,202611510343,4,712.275,train/clustered/n50/clustered_n50_0343.tsp,1ffaefd3223096411a698df4958e3225df5294f18ac8d4f1663655f2abb1ff30
train,clustered,50,344,202611510344,4,808.401,train/clustered/n50/clustered_n50_0344.tsp,bf90d1cf7a82e00754f469c543139a1a6f430687511136f96c8d31933c32005b
train,clustered,50,345,202611510345,6,821.991,train/clustered/n50/clustered_n50_0345.tsp,d501dd72645d1e266a54079bfcded7b041d3bc83ac8e65aaed6066a2e22174cd
train,clustered,50,346,202611510346,5,770.124,train/clustered/n50/clustered_n50_0346.tsp,7f73ef452c083fa7e2c270567e082318b0ac1de6a6566ee23967b1ca58bdc225
train,clustered,50,347,202611510347,6,709.81,train/clustered/n50/clustered_n50_0347.tsp,9f7b07f79d7c0f45cb98392f93328d35029f4a700d356aa56702951ded4831c6
train,clustered,50,348,202611510348,6,844.708,train/clustered/n50/clustered_n50_0348.tsp,e45ebdf5988f331648b310f55f208af8101d939dca73f2257bf1047ea31a8c7a
train,clustered,50,349,202611510349,6,430.836,train/clustered/n50/clustered_n50_0349.tsp,bf19eac04c85a3e65c51678fb843d47fb6879095186d741496793252e92f8ed6
train,clustered,50,350,202611510350,5,560.972,train/clustered/n50/clustered_n50_0350.tsp,0c8b0a20b6865b0e632244c5786adefdc70a69c89c9b2c645e98ef8cc023d847
train,clustered,50,351,202611510351,4,681.961,train/clustered/n50/clustered_n50_0351.tsp,a165eb3ebd6d6996aff632ede3ee8017cb2a10be19f15ba75d75474eb3170958
train,clustered,50,352,202611510352,6,345.778,train/clustered/n50/clustered_n50_0352.tsp,8019288db97209f2444c9a4097e79a5969d35f31028825eb50eb510df3884164
train,clustered,50,353,202611510353,5,720.155,train/clustered/n50/clustered_n50_0353.tsp,1bc1f406f3405d43d2aa96fe56945a1a351918a1e82cd067ce591ca7a69cbd69
train,clustered,50,354,202611510354,6,337.631,train/clustered/n50/clustered_n50_0354.tsp,dfc12b8c4586d41bd3b2cd3ca156144eee43b4752074b07ab66db5b5949640af
train,clustered,50,355,202611510355,5,672.628,train/clustered/n50/clustered_n50_0355.tsp,f635bfa18ab226830f286a84f5f5f8281bfef5d99bb8b08264379c3f4665cb22
train,clustered,50,356,202611510356,4,738.611,train/clustered/n50/clustered_n50_0356.tsp,5ec65044889a9ee9134427c00e03e3bce2b8ef29fd5666827332457a104e1171
train,clustered,50,357,202611510357,5,777.645,train/clustered/n50/clustered_n50_0357.tsp,762f38fdfbb510e536d5c1048c1a128d1a90a3e8cedd0a64a0be5d3995004259
train,clustered,50,358,202611510358,4,402.296,train/clustered/n50/clustered_n50_0358.tsp,c573355a25f26391d198df4d9b72ef2e9790697a8bbbdcd7c4ab86e15218a8ad
train,clustered,50,359,202611510359,5,808.744,train/clustered/n50/clustered_n50_0359.tsp,3c8747826e7a2c77598a6f3466816a8e05f7a2d17a4737c5edba80fee60a1b49
train,clustered,50,360,202611510360,5,739.508,train/clustered/n50/clustered_n50_0360.tsp,8113dc32a4270c7da4d6a1099461ae1c21a23da39b986418dbd2990a8d436716
train,clustered,50,361,202611510361,5,395.7,train/clustered/n50/clustered_n50_0361.tsp,a1e011e451ff7fbda1fe578a9100e21c76cef8877ab0dff9f8ae21dcd9ae1e1a
train,clustered,50,362,202611510362,4,771.404,train/clustered/n50/clustered_n50_0362.tsp,dd23fb7b38f916d2b6e5cd129e15843a4edfebdd87def94497a9b5893c878d57
train,clustered,50,363,202611510363,6,468.031,train/clustered/n50/clustered_n50_0363.tsp,07a341dd813b14b8b652cd2af415fa5c1eee3d9e3785a7ad70533602a2824366
train,clustered,50,364,202611510364,5,717.53,train/clustered/n50/clustered_n50_0364.tsp,3a4c491780dad2347a300ac021b6e547641bf1864f9eacf50ee46d6f615c6dac
train,clustered,50,365,202611510365,4,457.195,train/clustered/n50/clustered_n50_0365.tsp,c8f1bb6e6c88ef86a0ef1f980ee358f11d9c1ea2c271c0101c9e35e83844a3f1
train,clustered,50,366,202611510366,6,517.18,train/clustered/n50/clustered_n50_0366.tsp,e0769580c5b486017907f0ce538d235caf925ecbea1034ced388613e6a24071b
train,clustered,50,367,202611510367,6,425.614,train/clustered/n50/clustered_n50_0367.tsp,0ccac60877686c2e730fe4e6c17c878a33864999836505a077c5ee44d118789e
train,clustered,50,368,202611510368,4,571.113,train/clustered/n50/clustered_n50_0368.tsp,9a834d3d48f0be7f8b99b0fecef3f05ad6729f15879ce958c1f4ab9c7ffb86e6
train,clustered,50,369,202611510369,5,461.178,train/clustered/n50/clustered_n50_0369.tsp,a2db282bff898b3dd90878a225712a2ee5ed4d9d1a5d448548e7abe98e33d3ee
train,clustered,50,370,202611510370,5,779.414,train/clustered/n50/clustered_n50_0370.tsp,3f8075aef98a1f1cc65302d0ab53279ea69f548a55e21f5e54dd2e8de8d311ae
train,clustered,50,371,202611510371,5,745.816,train/clustered/n50/clustered_n50_0371.tsp,daacde4e3e2576def7448e1673d5219ea658a0a1c8055e2e5b3b014b9579f215
train,clustered,50,372,202611510372,4,487.599,train/clustered/n50/clustered_n50_0372.tsp,00286b3b06fc9e9c3915940a40717d009636415c02b4ad508b62a02f50c32b97
train,clustered,50,373,202611510373,4,478.968,train/clustered/n50/clustered_n50_0373.tsp,0ff593af3a331cba897ea991b1c227b9447115084741f803c75c338af455697c
train,clustered,50,374,202611510374,5,352.519,train/clustered/n50/clustered_n50_0374.tsp,bd3abc24d0aa02de3c67decc207eed713c19eadbc782f1b7e01694b3b4c15d5a
train,clustered,50,375,202611510375,6,583.629,train/clustered/n50/clustered_n50_0375.tsp,026c596d24aee1b44ca7bcb4a3d4acd54379e20fec5f61ab54c3a0e0aea63eb8
train,clustered,50,376,202611510376,4,407.266,train/clustered/n50/clustered_n50_0376.tsp,d4d21f1ebdafd678d6fa136f49936f7a70cc54fb0eac590d997a6146b72d9df2
train,clustered,50,377,202611510377,6,705.286,train/clustered/n50/clustered_n50_0377.tsp,f1822d1a32097f7dcf3b25e2311e147282ddb92b4da995a58d7e1e97b0727b73
train,clustered,50,378,202611510378,6,748.303,train/clustered/n50/clustered_n50_0378.tsp,50ef0c3539203a063dafec445e8e53672049bb092e46acf8c1582e59a566d5b0
train,clustered,50,379,202611510379,6,635.877,train/clustered/n50/clustered_n50_0379.tsp,491dd237620f9a0b347a27addfb40c4af3ebec74a48011cfade191b9ee1ab5e3
train,clustered,50,380,202611510380,6,588.646,train/clustered/n50/clustered_n50_0380.tsp,4bf29c631f4af488c69f6be0aea3f9e2bfe779b17bcd3cbf7d34d2ed5740f71d
train,clustered,50,381,202611510381,6,566.898,train/clustered/n50/clustered_n50_0381.tsp,b7ad881e857e7c6079b3c980a6abdd20e65c1d7e3442ac745c3c6a00ee52fd13
train,clustered,50,382,202611510382,6,370.073,train/clustered/n50/clustered_n50_0382.tsp,88925244ca3b23bca524c07ba6c216cf03322762b6a11d25c917ab0a786e9f46
train,clustered,50,383,202611510383,4,483.894,train/clustered/n50/clustered_n50_0383.tsp,ffb9c1c33a62f245b8649ea9cd90dc4fe5cb25dd9efc540180eec9ccf74b6474
train,clustered,50,384,202611510384,4,349.094,train/clustered/n50/clustered_n50_0384.tsp,da953c0390ee942efc33fe7c0a1135ccd32042103dadbc1d1e6c41305bc079b6
train,clustered,50,385,202611510385,4,411.635,train/clustered/n50/clustered_n50_0385.tsp,7454128159cb5be3009f5e424bcfab9f1767366a59cce0dfb42de1ff8e0a48e8
train,clustered,50,386,202611510386,5,438.552,train/clustered/n50/clustered_n50_0386.tsp,d700b153d0cc94118d67f50ea4ca9ddda9d7a09eb3ab9545015dcbcb10115564
train,clustered,50,387,202611510387,5,319.916,train/clustered/n50/clustered_n50_0387.tsp,fe7aa64d7deb0e00aa3021cd9e5a623020bf17a6c92cad718ff50c369b3d6bfb
train,clustered,50,388,202611510388,6,699.516,train/clustered/n50/clustered_n50_0388.tsp,0e5f9de68cbc0eda418a46b0c5d162abcb9144d813cd726b8cecf4c1d304941a
train,clustered,50,389,202611510389,6,600.621,train/clustered/n50/clustered_n50_0389.tsp,b25ac34a29327bd8d95da93c7e7519a1aa00f8537fecdfd17a303bb46dc83b3f
train,clustered,50,390,202611510390,6,401.699,train/clustered/n50/clustered_n50_0390.tsp,403145b6e603d0bbeee4ceca79120a32f57e2707fd2464a099cf8699dd7424dd
train,clustered,50,391,202611510391,6,659.858,train/clustered/n50/clustered_n50_0391.tsp,9df6dad889c30c3a7f5c53da747d48dd2fe1eef77ee1ea4a3f9de1e34c8d3995
train,clustered,50,392,202611510392,5,789.206,train/clustered/n50/clustered_n50_0392.tsp,fae1e2bfade768a229606c4e80d7f05a8ad526cdb134fc2aee655bee3f697d40
train,clustered,50,393,202611510393,6,676.407,train/clustered/n50/clustered_n50_0393.tsp,1e942165f95ef8c52002b8b018bf9cfc3291e24e94bc6ecf2f602e8e76bf2d64
train,clustered,50,394,202611510394,6,403.389,train/clustered/n50/clustered_n50_0394.tsp,2d1e4ab4337ece46b952642ec4924fa7825cb5501e15ed269fe0fce488614b68
train,clustered,50,395,202611510395,5,428.462,train/clustered/n50/clustered_n50_0395.tsp,101a6993c66f94222d384aedb4539f10af93abf80589d72963c7df3f9dce26d2
train,clustered,50,396,202611510396,6,688.484,train/clustered/n50/clustered_n50_0396.tsp,1f202f130e6c2e75bf52793181f34d5933eda8af55f459cb83b6f49a5021f014
train,clustered,50,397,202611510397,5,789.929,train/clustered/n50/clustered_n50_0397.tsp,0942025be92e180de4a06941f51a398323d8b7e2954363f030f32b9a2748c441
train,clustered,50,398,202611510398,6,695.413,train/clustered/n50/clustered_n50_0398.tsp,393755c948c7317993438c96124cf95b316c020a9c38a72d353b2db8fb1a0652
train,clustered,50,399,202611510399,6,505.309,train/clustered/n50/clustered_n50_0399.tsp,1531d25c01633069e009ddefd5b56cf71e222e397f25b583b150a9a9c9947b5a
train,clustered,50,400,202611510400,6,342.129,train/clustered/n50/clustered_n50_0400.tsp,ab04c9a5a3d701f67cac2ed3b4e37c8c13a3059430b226fe627ff7930b7b0664
train,clustered,50,401,202611510401,4,414.979,train/clustered/n50/clustered_n50_0401.tsp,d20bdf12eac8166ccd8e68a80af6b8aa94b0363000a426ca5662e82bb8aa89ed
train,clustered,50,402,202611510402,6,351.37,train/clustered/n50/clustered_n50_0402.tsp,e8324acec5ce846854754d35c30520257feaa2d6a942e20e0066df6753f14571
train,clustered,50,403,202611510403,5,415.727,train/clustered/n50/clustered_n50_0403.tsp,063c00e68e6eb99032d7bf778db935b749ce5e4f7a562063a471e8b36fc7b0fc
train,clustered,50,404,202611510404,4,774.325,train/clustered/n50/clustered_n50_0404.tsp,3ab2f83ab6e04a78491c3af9fd99969f13550edade3c26d6d7ef264bb3e2f625
train,clustered,50,405,202611510405,5,556.883,train/clustered/n50/clustered_n50_0405.tsp,e19d5dfb1c11701175079a4916300daa2ea9e5d5dc0378d12f60f0058063ec22
train,clustered,50,406,202611510406,4,665.455,train/clustered/n50/clustered_n50_0406.tsp,788a4616a0853ee17607541db755f8b300b688fdc7ff6dcb42f6e1effd2dcee8
train,clustered,50,407,202611510407,6,461.922,train/clustered/n50/clustered_n50_0407.tsp,0b59366fe1eccc99973433c21fe81c876db7afe9e5139705d9072152fabe4e3a
train,clustered,50,408,202611510408,6,437.492,train/clustered/n50/clustered_n50_0408.tsp,4fd83315f7004679e7d66c7d40bada9f8d5a83df3a8bcd5dd5945c6d8b00efdb
train,clustered,50,409,202611510409,6,595.812,train/clustered/n50/clustered_n50_0409.tsp,68d74bcef7e180c84c534ca3b0572b647fa525e540fbbda174a34eb944b65aac
train,clustered,50,410,202611510410,6,739.498,train/clustered/n50/clustered_n50_0410.tsp,76ba4ec574046a02031835a8ed033001ba77f1586c76ffc9a0777e440264b3d7
train,clustered,50,411,202611510411,6,317.566,train/clustered/n50/clustered_n50_0411.tsp,88194eead31e59d9eba9b6ce467a97ae46f1a90566305b3d20d76ab4e7570a2d
train,clustered,50,412,202611510412,6,506.871,train/clustered/n50/clustered_n50_0412.tsp,5f8d3989a9283edeb14a9da3e25a03c9b0d353072f3de4c632c70548a943763d
train,clustered,50,413,202611510413,4,637.458,train/clustered/n50/clustered_n50_0413.tsp,ea009b7b00f8bd79e4ac203e341c6963f77176066059f19a030f800bc8c243b1
train,clustered,50,414,202611510414,6,826.415,train/clustered/n50/clustered_n50_0414.tsp,58d8e83e6274753df1d90e2417f1ca716ba206fd1caa9a70ce86dbec2659fef0
train,clustered,50,415,202611510415,5,820.386,train/clustered/n50/clustered_n50_0415.tsp,49f69b3ed2b70dfc0b18eb32d05d375369ccffd7e2ed22c4480c5a940072fc58
train,clustered,50,416,202611510416,6,556.322,train/clustered/n50/clustered_n50_0416.tsp,679c7101ee897e707b615672245d78d36a645f65828231d4452b2b7d6c02c073
train,clustered,50,417,202611510417,4,658.922,train/clustered/n50/clustered_n50_0417.tsp,9d569b4d259828072a0d0254eae591f6ab173a2b852f281f9128bd492a25c0de
train,clustered,50,418,202611510418,5,711.431,train/clustered/n50/clustered_n50_0418.tsp,91d577a4e928546071ac87b4f5a90f50c48b0519bd1c6a07cad4933c5975dd7e
train,clustered,50,419,202611510419,5,578.648,train/clustered/n50/clustered_n50_0419.tsp,07521ff148960618e1579a920e998fec67901faee83894250b448d0a2864da28
train,clustered,50,420,202611510420,4,500.982,train/clustered/n50/clustered_n50_0420.tsp,b1a75510baf589420967d74e04de566b37624032506d80d468348b9f67538e4c
train,clustered,50,421,202611510421,6,509.677,train/clustered/n50/clustered_n50_0421.tsp,0a775315d431c71979a6900c6cd5cb6f2e8e075c90c200b853d9120343d142ab
train,clustered,50,422,202611510422,6,300.942,train/clustered/n50/clustered_n50_0422.tsp,3b7bc4a0e9beac11b3280974aef906e07065c19de74d864647dc8bb9233756d9
train,clustered,50,423,202611510423,4,555.833,train/clustered/n50/clustered_n50_0423.tsp,cc1ae2b81c792ef0477809d46b7c49cde6925b0ad3ddc91f161e8e9262473838
train,clustered,50,424,202611510424,5,324.251,train/clustered/n50/clustered_n50_0424.tsp,29ba4a4cfb27ba839550441cb6a676bbfb9b07a20d548a8860a89408984a25d9
train,clustered,50,425,202611510425,5,424.762,train/clustered/n50/clustered_n50_0425.tsp,878b0a701422a0df2cc891fe54accf7c290eeb026d92d12640141338d9f4414b
train,clustered,50,426,202611510426,4,794.93,train/clustered/n50/clustered_n50_0426.tsp,f0bc2c27fee4f8bbe311233b9f68753cafcd03b6051f4d3e590f1f7edeb8b2ef
train,clustered,50,427,202611510427,5,704.719,train/clustered/n50/clustered_n50_0427.tsp,b1db39530cb10bb32ea5c950c75fb73d7dd6e844675463adb7d4d8a6519168cf
train,clustered,50,428,202611510428,5,470.336,train/clustered/n50/clustered_n50_0428.tsp,5a333ec8bac3376125e5a239c6abf85dee73d7969339c7af523385116afff324
train,clustered,50,429,202611510429,4,745.151,train/clustered/n50/clustered_n50_0429.tsp,40cbbbfb3ebe9518eda6224888f1fa93ab88e3ad6764e7370256da9c3664f285
train,clustered,50,430,202611510430,6,510.103,train/clustered/n50/clustered_n50_0430.tsp,ed877720fdcc92ed699e5a5986b5143fb263c42242e0fc77eb3b5b782569509f
train,clustered,50,431,202611510431,5,690.33,train/clustered/n50/clustered_n50_0431.tsp,e2fc7f756aa2a7666a00aed727bdbf42a28352e391ba4ea9f5339454ec0c7d56
train,clustered,50,432,202611510432,5,788.686,train/clustered/n50/clustered_n50_0432.tsp,08c86371faaefef0a3c723e7b01b9ab7a2602f90833fc811c1773cc5c1be7f7c
train,clustered,50,433,202611510433,5,440.556,train/clustered/n50/clustered_n50_0433.tsp,4a2b9dfa832fe7bfbeb30d6e76747807e27b55e7d826d5e4df98d1699c4a7dc0
train,clustered,50,434,202611510434,6,461.907,train/clustered/n50/clustered_n50_0434.tsp,7d69c3808f01074c934caa2450df31a5022b5458421e134130f2f8527cb55317
train,clustered,50,435,202611510435,4,332.318,train/clustered/n50/clustered_n50_0435.tsp,8826217c26a46833e7361eeacb89d73d2822f88caa3ef88561e83b7a467af385
train,clustered,50,436,202611510436,6,704.812,train/clustered/n50/clustered_n50_0436.tsp,7160a5f1bba9cc86beb1d12ff8d62bf9bdb136d54bf8138ea20ef86bff45d98d
train,clustered,50,437,202611510437,5,565.985,train/clustered/n50/clustered_n50_0437.tsp,9424598a5e1d41ad48af678d2226a28206f9145ed762f822e9cdefe887319297
train,clustered,50,438,202611510438,5,788.682,train/clustered/n50/clustered_n50_0438.tsp,b83fcdc630e4d34cc76784bebce2e75b055334b50ad8116ba603a5d5b01e3e78
train,clustered,50,439,202611510439,5,743.458,train/clustered/n50/clustered_n50_0439.tsp,2c1410647ab4fe60019ac28f998a33f1d0f42516c3941a92e42767cb345df823
train,clustered,50,440,202611510440,6,321.673,train/clustered/n50/clustered_n50_0440.tsp,2fe5365a005cc8378eaaabd3dc272878ecc07ef73060f2b59565f937b5a53bad
train,clustered,50,441,202611510441,4,500.784,train/clustered/n50/clustered_n50_0441.tsp,5ca5370f3c257bef093de3babd604f230673a09f2f2d9f9b9d6ee3e6897614ca
train,clustered,50,442,202611510442,6,712.844,train/clustered/n50/clustered_n50_0442.tsp,4e6612fba285a264960eb80304814d6689cc4c6b383ad4c4374f9fcf1d98c2bb
train,clustered,50,443,202611510443,4,442.317,train/clustered/n50/clustered_n50_0443.tsp,a2a74eebc003d0a47604bb30a213fc97611f2a2cdf20246c23849d5f16a4ce7a
train,clustered,50,444,202611510444,6,629.991,train/clustered/n50/clustered_n50_0444.tsp,726d9bc97500ab58f7c298d139f18db56078c6b2499d7279a73550a55643f362
train,clustered,50,445,202611510445,6,842.709,train/clustered/n50/clustered_n50_0445.tsp,f9b72a0ceb1a313467e3c5b90c99964d47ff1b91ca4af29b7c06b8651d2acf57
train,clustered,50,446,202611510446,6,729.507,train/clustered/n50/clustered_n50_0446.tsp,bfaac12cba862c752a90765b8bac279da6d667d65b478485a1204a9e57bcb228
train,clustered,50,447,202611510447,5,617.124,train/clustered/n50/clustered_n50_0447.tsp,459496e0148b9526f99b630bbf33f869266a14fe0bcb2952cc61ab6d0e764ae1
train,clustered,50,448,202611510448,6,602.243,train/clustered/n50/clustered_n50_0448.tsp,bbaa8a4d1ec66d85922c875ac8453918fa2af81cb6e5567fc142caab0aa237d8
train,clustered,50,449,202611510449,5,818.034,train/clustered/n50/clustered_n50_0449.tsp,a6364aab46b6b25e33b39907eb50f10260b6bd5eb7339a8ce35a8ec6c2b75a18
train,clustered,50,450,202611510450,6,380.776,train/clustered/n50/clustered_n50_0450.tsp,c2e7837cf25bbca38c85112940e2ad8ab23dc315a63d35929a52064a36fad7a6
train,clustered,50,451,202611510451,5,768.741,train/clustered/n50/clustered_n50_0451.tsp,f293e6f07bdd6070e07c3051b8da044104419ac8ede6e4f440e69ef34f59c159
train,clustered,50,452,202611510452,4,376.454,train/clustered/n50/clustered_n50_0452.tsp,38b2e8d35fa75290bef40f80ac22f2b33221114420b5e4a8f07d4d8ac90d3c0c
train,clustered,50,453,202611510453,5,679.413,train/clustered/n50/clustered_n50_0453.tsp,8659e043fe8513b705d5ec92bd933af42cd36f66d3e833bb32864ff4e9266c50
train,clustered,50,454,202611510454,6,747.271,train/clustered/n50/clustered_n50_0454.tsp,8750e981c59e3e767b0386ea50645e21f0698cf06b2016c6b52bbdf74358e349
train,clustered,50,455,202611510455,5,831.064,train/clustered/n50/clustered_n50_0455.tsp,18e6d218cc9993a3cfa34c90438a25737535463005033f5390751038f8a85df9
train,clustered,50,456,202611510456,4,771.031,train/clustered/n50/clustered_n50_0456.tsp,151831f733db72d837edcc86083f988942ed79abaf74ed0cbc09a6057564830f
train,clustered,50,457,202611510457,4,713.383,train/clustered/n50/clustered_n50_0457.tsp,dea929b99102de5770f6453725917cdb881430b4561f9b3181284fa73d97f99d
train,clustered,50,458,202611510458,4,748.833,train/clustered/n50/clustered_n50_0458.tsp,84dff8efd2bf8babba604400ca6469e93329d2c95444cce9fcf97e1e5772b098
train,clustered,50,459,202611510459,6,332.517,train/clustered/n50/clustered_n50_0459.tsp,e559e8cd68850822a46f6d8c88cdedc742933e695b094eb04d3c68f53f7b56a4
train,clustered,50,460,202611510460,6,610.877,train/clustered/n50/clustered_n50_0460.tsp,1764451bc2d1de2dfa49c716f34318cdf12c51831ef4b8f4825372b7334f124c
train,clustered,50,461,202611510461,5,833.425,train/clustered/n50/clustered_n50_0461.tsp,ad03f06ac74e41345c6d59d8f4d5732849832d5a9e8ee37c49675caf9ca897f9
train,clustered,50,462,202611510462,4,432.084,train/clustered/n50/clustered_n50_0462.tsp,201099485ed5a3eb83dd3ed7375c267cbb5315377ae87f0abeb9e9c169edcf2b
train,clustered,50,463,202611510463,5,746.252,train/clustered/n50/clustered_n50_0463.tsp,740682d9571d609a76c567517cecd80cf4bd51bac7e11a4208f01689edd003e7
train,clustered,50,464,202611510464,5,836.908,train/clustered/n50/clustered_n50_0464.tsp,afced221942e853be60bde987f1ef47c6ae79da5f11c89373a887fbcd2b46448
train,clustered,50,465,202611510465,4,773.032,train/clustered/n50/clustered_n50_0465.tsp,6459e4668e6dbda89eb813cd301806dc5d2035dcb2f9788143b1bd807bf0e828
train,clustered,50,466,202611510466,6,846.315,train/clustered/n50/clustered_n50_0466.tsp,1ec7995d06ac224a783a19d15c58bf9f83fa80c29c7986e5e9342e6be7e6510a
train,clustered,50,467,202611510467,4,591.593,train/clustered/n50/clustered_n50_0467.tsp,b4a80ad4bb0ec9835f637c9e3e07bbc7b2eca50808bda8cfd6996f023a41d0d5
train,clustered,50,468,202611510468,6,703.09,train/clustered/n50/clustered_n50_0468.tsp,2355aded3b9042de3ce670436f3cb33d606460cd4bcf6ac944133dae6f391b54
train,clustered,50,469,202611510469,4,415.48,train/clustered/n50/clustered_n50_0469.tsp,43bba2b7ece3804922d8e0703a1f2dbe31af08e22888cc30f7aa3bb516a236fe
train,clustered,50,470,202611510470,4,417.829,train/clustered/n50/clustered_n50_0470.tsp,7c80b6c2dc91717a11d96bb2db5410d7bbf7d640c4279a055ec9c58c7c0757a7
train,clustered,50,471,202611510471,5,300.461,train/clustered/n50/clustered_n50_0471.tsp,db7b5fbcf2a81d4c08500780f5ac9e47f405e7655f74ff79d7d7cc13919def2d
train,clustered,50,472,202611510472,6,570.545,train/clustered/n50/clustered_n50_0472.tsp,44017854db79f54f7d43251a48a21229c86ddc77a2feedb4be68902ca1a91d58
train,clustered,50,473,202611510473,5,717.652,train/clustered/n50/clustered_n50_0473.tsp,a84e8bc722a0575627d0ead66afef4347d115fa376e587dd37a4fd0d01b8e1e6
train,clustered,50,474,202611510474,6,616.634,train/clustered/n50/clustered_n50_0474.tsp,6d41ca0c244415bb12cc85e611e70c4ab354bb80f9df9bfdeebbe7cd1060eff1
train,clustered,50,475,202611510475,4,368.761,train/clustered/n50/clustered_n50_0475.tsp,4e6cc3d8bdc391e986a8ffa9845a184a135c8f56cf6a9b5b70fb2042b9419b69
train,clustered,50,476,202611510476,5,582.04,train/clustered/n50/clustered_n50_0476.tsp,98503df9d55c40d039d22618e0c25b08b0cfada4b07a9ebfa010932eb20fa188
train,clustered,50,477,202611510477,5,695.8,train/clustered/n50/clustered_n50_0477.tsp,6bd6b0b7e976eb1ea5cb1f74f2481d4f9c3902febe3f9d434b499f0a12fe7450
train,clustered,50,478,202611510478,4,536.539,train/clustered/n50/clustered_n50_0478.tsp,7ade1f1fdf2580d75be390a319127a4af87c86b6271458fff81e1498709ab08e
train,clustered,50,479,202611510479,4,325.718,train/clustered/n50/clustered_n50_0479.tsp,2e14766bd67abec911f085390f7419a2c449c886b31ca11603cd898870ad1f45
train,clustered,50,480,202611510480,6,804.658,train/clustered/n50/clustered_n50_0480.tsp,42e2602274835de2fe2c5184627cd22867f6cfe0d4ff01254b2faa66d0acd530
train,clustered,50,481,202611510481,6,327.692,train/clustered/n50/clustered_n50_0481.tsp,678f0e6805018a41999be81634cc28fe588109c37fe3da5386dc6152d56d164f
train,clustered,50,482,202611510482,6,436.659,train/clustered/n50/clustered_n50_0482.tsp,7b0c7aebd2f1ac9d218162841448f3e3e046daf2b8aacb3fe47b95a55c2adb3d
train,clustered,50,483,202611510483,6,688.904,train/clustered/n50/clustered_n50_0483.tsp,30985625b28598397ba032754e2d63eda0160c7c44434e9dc08ef62614f192d9
train,clustered,50,484,202611510484,6,337.361,train/clustered/n50/clustered_n50_0484.tsp,8d83c1207a8620862e7d35341db91a6907dfa80f92c34b47613fefaa39257723
train,clustered,50,485,202611510485,4,701.169,train/clustered/n50/clustered_n50_0485.tsp,043172f0adaff381c33690f894fb6c1758073d22c1b69111269c281f2a35f6ef
train,clustered,50,486,202611510486,5,408.338,train/clustered/n50/clustered_n50_0486.tsp,c65bad1f6279b53388621a26d45fb34cb53c4e674ccc237f42dfda7a6919058c
train,clustered,50,487,202611510487,5,847.738,train/clustered/n50/clustered_n50_0487.tsp,f585ffc17ec8d1f6eae2aa9e35dc5d739e983272af66bc879dcde3663d2277b2
train,clustered,50,488,202611510488,4,368.755,train/clustered/n50/clustered_n50_0488.tsp,1da51140740fb0ed34ad251fa9dd0a88d7f37774ce64574030169673a8173e06
train,clustered,50,489,202611510489,5,355.842,train/clustered/n50/clustered_n50_0489.tsp,fa7597d4751bcece80dbd8b9ffc94931e7639faec52a96c9a41104dde510efef
train,clustered,50,490,202611510490,5,427.214,train/clustered/n50/clustered_n50_0490.tsp,1ef51705830cd406896f8fde01ea9fd9a1ba638fdd0a429b53717d41701624f4
train,clustered,50,491,202611510491,5,757.034,train/clustered/n50/clustered_n50_0491.tsp,8010b633af6fc2ff16ea37afe97ddfb5e6840f7ca126d9babbcbd43b358a9bd4
train,clustered,50,492,202611510492,5,787.414,train/clustered/n50/clustered_n50_0492.tsp,eed9a63a3cbdc53cacea511de8aaff0536a530c218577e27b3b52198ff41be07
train,clustered,50,493,202611510493,6,455.624,train/clustered/n50/clustered_n50_0493.tsp,2cf099bb7596a3cac8fb17d0b53ff9975e96303254387326d6ef4cbf60f6e20f
train,clustered,50,494,202611510494,5,832.642,train/clustered/n50/clustered_n50_0494.tsp,421bb63063584caa46538653174108c81c1bbd3841690cd8fd2d0699940e2d0e
train,clustered,50,495,202611510495,4,612.877,train/clustered/n50/clustered_n50_0495.tsp,e58275eb1478835678bc0031935e7e0f1200863e1fd6e13fc1c4ecce8f57fdca
train,clustered,50,496,202611510496,5,793.432,train/clustered/n50/clustered_n50_0496.tsp,bac71d5d5002d10126226bc03e17283ee1ddd2a0acf403c847824d3f163af9e7
train,clustered,50,497,202611510497,6,503.903,train/clustered/n50/clustered_n50_0497.tsp,688831d9a4b2688efa1a739e4d03bb4cb872b8d66b79891689ef3acf9fb77e2f
train,clustered,50,498,202611510498,5,488.137,train/clustered/n50/clustered_n50_0498.tsp,123dfe38aec8e96e8ff1a7baac4744a9beaaf622eef9cc7f52406e39d5ab886b
train,clustered,50,499,202611510499,4,648.478,train/clustered/n50/clustered_n50_0499.tsp,b37bb9e5cf6b74a175df65f3d138d39a12bd6ea0081b0a9d6c77fa25c50abe7b
train,clustered,60,0,202611610000,6,619.889,train/clustered/n60/clustered_n60_0000.tsp,4deb0a4704bb271318963258f8875352f81e5544b7132e0544b5bd1b79711891
train,clustered,60,1,202611610001,6,382.525,train/clustered/n60/clustered_n60_0001.tsp,f4375c5b84f81acce441c27b16f55965edee0598e6f0e3dfcb3708f7c976582d
train,clustered,60,2,202611610002,7,781.011,train/clustered/n60/clustered_n60_0002.tsp,8e44fec5c57342830e905f2c251cd38266f2d6b15ca1bf4dcbf1687a8c2799c5
train,clustered,60,3,202611610003,4,844.91,train/clustered/n60/clustered_n60_0003.tsp,a1e88e8499fe3b516ff56582367fbec393ed18555c0dbc6dd61f625015659629
train,clustered,60,4,202611610004,5,545.834,train/clustered/n60/clustered_n60_0004.tsp,18da12984595586f5599e76fda421dfa08d42a62a32149e600baa20a9ef8b537
train,clustered,60,5,202611610005,5,485.021,train/clustered/n60/clustered_n60_0005.tsp,9f86887c765db7184948660fc29a50afeeee8b71b8314641bce65d66f0204f96
train,clustered,60,6,202611610006,4,749.35,train/clustered/n60/clustered_n60_0006.tsp,471c0d52d40a8519a33997efb9683dd3e28ec00bdbd6a45df2c291f4dae16a66
train,clustered,60,7,202611610007,7,694.845,train/clustered/n60/clustered_n60_0007.tsp,4f8a74aa12a04f0d3ad8a31dd34f7d786e1a9a0b3fef04a4822a546dbcbfd6d2
train,clustered,60,8,202611610008,4,374.598,train/clustered/n60/clustered_n60_0008.tsp,c7d0d0b1f86d264a52c7afed75361832b9f9b7a75ac295ba7a8f91e8aa6375a1
train,clustered,60,9,202611610009,5,458.184,train/clustered/n60/clustered_n60_0009.tsp,5c013921584a51cd3f592b39e4270df448df07d0834cb64717599fccd63a7486
train,clustered,60,10,202611610010,5,832.843,train/clustered/n60/clustered_n60_0010.tsp,2932bfbee9a4837cf947a325f70ca0a0206392d84b7f04d038c02b97ba0b2037
train,clustered,60,11,202611610011,7,325.961,train/clustered/n60/clustered_n60_0011.tsp,f83ad30e6e47d8dc240eac245091cd4f8161324451f48728e487cc475b93e6f7
train,clustered,60,12,202611610012,4,834.049,train/clustered/n60/clustered_n60_0012.tsp,d62eb3b1b57511053359f125dcb6052d068885442db41c50daf1479afffcc219
train,clustered,60,13,202611610013,5,595.931,train/clustered/n60/clustered_n60_0013.tsp,3dd62236cb16e594fd54d2ba42975a1d4ed279751adc0ab30d6dcff125c7c141
train,clustered,60,14,202611610014,4,348.764,train/clustered/n60/clustered_n60_0014.tsp,c5d43690820f0bf149ba62a965bb7688841589020879b89dc0b2d3c8f6fd6c3a
train,clustered,60,15,202611610015,4,447.472,train/clustered/n60/clustered_n60_0015.tsp,0d01f1ebde5cb32caa9dc7e041510d99da48d40ff36e086800d79711342dfd93
train,clustered,60,16,202611610016,7,327.169,train/clustered/n60/clustered_n60_0016.tsp,830e24608a1d9a1b803dc57d116384f4dc3631f8867cca526b58e101b1f34d1d
train,clustered,60,17,202611610017,6,339.555,train/clustered/n60/clustered_n60_0017.tsp,f74349e438bf628efac2fd7b61e0aa5e956585d6f6a238d7019566fbe8a1d97a
train,clustered,60,18,202611610018,5,637.326,train/clustered/n60/clustered_n60_0018.tsp,9b6ec18a6d89cf81e02ebc197e849eeb90863d1531b564be7b8d6e6976f2561c
train,clustered,60,19,202611610019,7,362.152,train/clustered/n60/clustered_n60_0019.tsp,ad178086b33e0467cdcd2f7d00208c541f21d4c0676b78f785455d9e694e5ff0
train,clustered,60,20,202611610020,5,692.532,train/clustered/n60/clustered_n60_0020.tsp,572d05b2d9f957f2cd1248c0d5728425603322128a39800ab0bc3a7ef0f2e375
train,clustered,60,21,202611610021,7,802.262,train/clustered/n60/clustered_n60_0021.tsp,1ef38408cc6fc32a48d8d75f8f3cd1bdfa54b632215d7d8112bd74f8dc5caf48
train,clustered,60,22,202611610022,6,753.403,train/clustered/n60/clustered_n60_0022.tsp,88b1466bd2c7d4d2f673d938ca5f7d5b83bfada8bd12a3df56331aefc7d87438
train,clustered,60,23,202611610023,5,691.597,train/clustered/n60/clustered_n60_0023.tsp,43a63127e83766f243556637c547218cf0635fefad29f133948696f2d167aa96
train,clustered,60,24,202611610024,4,567.222,train/clustered/n60/clustered_n60_0024.tsp,815e6c1cad40bad4497bb01510d1e0a726702f5aeedb0ca4103816fb3209228e
train,clustered,60,25,202611610025,5,361.353,train/clustered/n60/clustered_n60_0025.tsp,a285f214af7d87d83be7bc665986970f4b53adce66b22ef32bdfb6ba8767e6f2
train,clustered,60,26,202611610026,5,659.826,train/clustered/n60/clustered_n60_0026.tsp,8760086ff5bff8bd8897ff5d2e627fdbe455f45bbf130930c064c6845609aa84
train,clustered,60,27,202611610027,4,421.85,train/clustered/n60/clustered_n60_0027.tsp,e46e2b070f540369472b8e6b7096db2a14fc4613d14f0572f70d3353a1eb4f08
train,clustered,60,28,202611610028,5,714.315,train/clustered/n60/clustered_n60_0028.tsp,3e8f13a37917f52030f85bd4b028b7cf7c85b0c167e44899e6a83c301381cb88
train,clustered,60,29,202611610029,7,401.512,train/clustered/n60/clustered_n60_0029.tsp,f15bc3760e30589536aebf001263e130f44c5fb28207f07989c98515c91cc319
train,clustered,60,30,202611610030,4,697.277,train/clustered/n60/clustered_n60_0030.tsp,6807f601f17dba7e92df99dd1c32f0a2af83d4e429ce2896f3b265b31dbd55eb
train,clustered,60,31,202611610031,6,578.906,train/clustered/n60/clustered_n60_0031.tsp,21247f7586cfe285b8e1e10c331d9ce8308d2658f414a47fefe9ad321516ccfe
train,clustered,60,32,202611610032,4,392.149,train/clustered/n60/clustered_n60_0032.tsp,c2995a85951924e6e21169a8c0286cae189e7bccf145194f396e92e30039be27
train,clustered,60,33,202611610033,4,563.551,train/clustered/n60/clustered_n60_0033.tsp,47625a52a2301b4cb23ffa8a9156df17ca94d1c77eba98ee9f1e3bf779f0c2b3
train,clustered,60,34,202611610034,5,563.22,train/clustered/n60/clustered_n60_0034.tsp,f9d8d7d18d054c1685ddccfa5edc20870fc03d42ede18e88e928391fa604ad19
train,clustered,60,35,202611610035,4,843.775,train/clustered/n60/clustered_n60_0035.tsp,c4704700f3001a6ca78a73a48ff44bd165cf4e31a6c819cbe3cd979c2057dfc0
train,clustered,60,36,202611610036,7,723.88,train/clustered/n60/clustered_n60_0036.tsp,e78790db6e089e983df95dc6364725467d320d6b304b6535193dc0166f339dd9
train,clustered,60,37,202611610037,4,393.181,train/clustered/n60/clustered_n60_0037.tsp,922eddec26aa0986c3e7f3951a4a6556efa651cebdcffb712dbe3555c32bba07
train,clustered,60,38,202611610038,7,381.131,train/clustered/n60/clustered_n60_0038.tsp,94e2dd1a6c58c18040ab88a9d662193d58cd28404c765085f9f96fdda6bd274f
train,clustered,60,39,202611610039,5,482.128,train/clustered/n60/clustered_n60_0039.tsp,2934ae988117c47b962af49e4a9455d2f87660209dc927c25f26171fdbf26fca
train,clustered,60,40,202611610040,6,779.026,train/clustered/n60/clustered_n60_0040.tsp,d6cc4484652313d0a1c130fabf9f6e02f56c1ad994c6de3470f9b6d8294962c7
train,clustered,60,41,202611610041,5,784.259,train/clustered/n60/clustered_n60_0041.tsp,1468c7d1f4ccf65b60c051f4ec6d9fd0bf6e1d6373a8e60ed6b26ab96e91cd51
train,clustered,60,42,202611610042,4,622.497,train/clustered/n60/clustered_n60_0042.tsp,8bce9c987ad17e36f9a5828251c755cf3131f549ac4b24f274d47eeb3ecb2185
train,clustered,60,43,202611610043,4,571.169,train/clustered/n60/clustered_n60_0043.tsp,919ce69b6c9083e235d589f8192bc028f6fb6a143a1beeec6dda4341c91c7853
train,clustered,60,44,202611610044,6,604.684,train/clustered/n60/clustered_n60_0044.tsp,04540d488a9c995f0b0abebe0f620a75b13fcc01a3fa0435378767b895f8cfa7
train,clustered,60,45,202611610045,6,698.678,train/clustered/n60/clustered_n60_0045.tsp,de974db32ec791295db5df04f83e6b1b0abc22c6f321b4d97cbd52be000d2521
train,clustered,60,46,202611610046,7,695.646,train/clustered/n60/clustered_n60_0046.tsp,224ee82c12dfb7c2639645114d2b03a945275d5a1be24c296e1eae4b629eda07
train,clustered,60,47,202611610047,4,443.699,train/clustered/n60/clustered_n60_0047.tsp,ea33134161bb7b52e8b9ba82712346c8db517e8f386f5a4c31d9a7d9c78d8bd7
train,clustered,60,48,202611610048,5,648.242,train/clustered/n60/clustered_n60_0048.tsp,13c4df061d9031adfe4386a206612edffca17cbed439db1f87805d21b3cf46a6
train,clustered,60,49,202611610049,4,567.743,train/clustered/n60/clustered_n60_0049.tsp,5094bfbf79f2764762bc037fb4832a18799ad7089f57086114205ddc1f4806bd
train,clustered,60,50,202611610050,7,611.753,train/clustered/n60/clustered_n60_0050.tsp,955e6aaa9a0d97a639789260f245fa984e97e6c7a95211c6d9381136928787f3
train,clustered,60,51,202611610051,7,848.963,train/clustered/n60/clustered_n60_0051.tsp,7e8e88224653d34768e9ae8601f0990056c32ed1ae3a9eaa0737b988c0411e89
train,clustered,60,52,202611610052,5,590.323,train/clustered/n60/clustered_n60_0052.tsp,1cf48ae0329162b425005a39678d71aa94374d00f4956f08bd7c2e01b7d6d447
train,clustered,60,53,202611610053,4,379.382,train/clustered/n60/clustered_n60_0053.tsp,f763f71f11edc39c097aa49344d02727545b0469bd5a6a47f12a9135e67754b0
train,clustered,60,54,202611610054,7,837.951,train/clustered/n60/clustered_n60_0054.tsp,228b49a31e0aef3c7d55b9d040df62ce5f08444b51551fb8650408214d7cf817
train,clustered,60,55,202611610055,5,822.496,train/clustered/n60/clustered_n60_0055.tsp,a34fba762bc5c93a7dd0330a6ac3c373d3580892bacb6a7b27584d770eddb7da
train,clustered,60,56,202611610056,7,491.176,train/clustered/n60/clustered_n60_0056.tsp,244f73ba994d86ecd22d8c5806eb561a74a52128c24db60129000e4cc9422ec0
train,clustered,60,57,202611610057,6,395.485,train/clustered/n60/clustered_n60_0057.tsp,6438aa02ee0c92debc66c4d6e1644f0aa7a70fea6355e3cef18b9ebdf47e9056
train,clustered,60,58,202611610058,7,799.369,train/clustered/n60/clustered_n60_0058.tsp,00c505071d718f24f5699b744082ab0493fb3d532a96e42e311dfc80e9f1003f
train,clustered,60,59,202611610059,4,460.745,train/clustered/n60/clustered_n60_0059.tsp,d8b0cdb29215835a718aec99198dd0ab85baa82281e288176f78d7e240702795
train,clustered,60,60,202611610060,7,587.908,train/clustered/n60/clustered_n60_0060.tsp,b6688be24da5ccc18386dc5b02e24909720d11bf334eebc6905ed76a273787c6
train,clustered,60,61,202611610061,4,718.382,train/clustered/n60/clustered_n60_0061.tsp,a3cdf97b8e24ad5ea8f06e52e473a567e103a1160c8c87804c72865bfeb6e7f5
train,clustered,60,62,202611610062,4,597.211,train/clustered/n60/clustered_n60_0062.tsp,8f3b2bfb47e7e6001e36b683f59fb2b00f6aadc6b9800abd5627909a4967b2a8
train,clustered,60,63,202611610063,4,408.8,train/clustered/n60/clustered_n60_0063.tsp,907b6e1fdc6c9f17c83a614a61a32405b857c4e34c2d4c294b562ceb981a5c5c
train,clustered,60,64,202611610064,5,365.204,train/clustered/n60/clustered_n60_0064.tsp,45484ed2f8d4367af98c7db837bab765a45ec2fa1e9c4836bcb8ae041c5a3feb
train,clustered,60,65,202611610065,7,570.324,train/clustered/n60/clustered_n60_0065.tsp,2802817392ae8dcfcf7f486a47853155dbd2efbf5b56e08206d910f82a1eb216
train,clustered,60,66,202611610066,5,709.903,train/clustered/n60/clustered_n60_0066.tsp,a081c3664024090a031a12b20a29328cf3d140179418a1890afcc4642214effa
train,clustered,60,67,202611610067,5,818.509,train/clustered/n60/clustered_n60_0067.tsp,444104766e0fcad7bf485e4982cb05ca9eb473d2ef5f3b7447ff4e6cfa9a7473
train,clustered,60,68,202611610068,4,312.808,train/clustered/n60/clustered_n60_0068.tsp,e4912d0e782009293fdab1634bc0007bf30138b57f0528a539adc6f6edf564ad
train,clustered,60,69,202611610069,7,720.919,train/clustered/n60/clustered_n60_0069.tsp,28397b61f16bc9c9ad061b9d6bcfd4accf6c73c0675422c6bec7614a2cf11207
train,clustered,60,70,202611610070,6,328.743,train/clustered/n60/clustered_n60_0070.tsp,ab8a4ad995e50cdc5bd5457f979149715aa023eca2952cffd667970730266ffd
train,clustered,60,71,202611610071,6,848.87,train/clustered/n60/clustered_n60_0071.tsp,a739ceb0f89ad3d23e1bd929a1efab3b6893989bf8ca6d184478c7d78509970e
train,clustered,60,72,202611610072,6,574.604,train/clustered/n60/clustered_n60_0072.tsp,088b0764deee82a484636eca9f3c6ca4c17d6fe1d1e68b582899b255ef7b89f2
train,clustered,60,73,202611610073,5,632.854,train/clustered/n60/clustered_n60_0073.tsp,5d439ef30e3ac68b1d727e95c6704e253c4c63c9c9c4dc154434c64fce935406
train,clustered,60,74,202611610074,5,386.334,train/clustered/n60/clustered_n60_0074.tsp,2d551ce08f6bbe99c03aca2086ceae1df927714109554ad30cec89a4a483d712
train,clustered,60,75,202611610075,7,814.811,train/clustered/n60/clustered_n60_0075.tsp,e9176cf7b2520efaebde864267d14801306f801413aafb4301d096dd89958141
train,clustered,60,76,202611610076,7,490.87,train/clustered/n60/clustered_n60_0076.tsp,b27d66846a317994f9b0be5b0a4fe2bdc1a04cf4e53a97587acc28090c96b7ad
train,clustered,60,77,202611610077,7,423.404,train/clustered/n60/clustered_n60_0077.tsp,11467c72c3febefca144012e5354f43d2698c09b471f632c92550b8b0298b03a
train,clustered,60,78,202611610078,4,722.758,train/clustered/n60/clustered_n60_0078.tsp,502e81ca2b7c2ec18ad237d4740211c8970660405a9c88efb67249d5b19e8f69
train,clustered,60,79,202611610079,7,342.631,train/clustered/n60/clustered_n60_0079.tsp,288a6e6ad1da0766340423825bfc62ccfa5ef40ad8100758e96a036982953f33
train,clustered,60,80,202611610080,4,597.867,train/clustered/n60/clustered_n60_0080.tsp,68f592fef6f4732b091f5edceace9d2dea4f32d49b72f56bceb798a88a0acd2a
train,clustered,60,81,202611610081,6,630.59,train/clustered/n60/clustered_n60_0081.tsp,8d3f570eb95fc358ca1d80531065967bf82384ba42de9d1c77efcc35a5c0823a
train,clustered,60,82,202611610082,6,577.566,train/clustered/n60/clustered_n60_0082.tsp,26e395ab00baf8128e918c809920a275c4d396fd3bc8a6f2eb4b23c1f7bebbc3
train,clustered,60,83,202611610083,6,739.528,train/clustered/n60/clustered_n60_0083.tsp,281db7c36b79fb58053637677401cd691640693ecf21cc34bf847003770cf626
train,clustered,60,84,202611610084,4,846.15,train/clustered/n60/clustered_n60_0084.tsp,bc6473ec64fd85dba7591c631861a02dbb4fb91408a39b2a8ced5f1e80684b7f
train,clustered,60,85,202611610085,4,387.912,train/clustered/n60/clustered_n60_0085.tsp,b1ff9830bd55727759537f5d755bc8d906f9d305598473c3be3df362734c12e4
train,clustered,60,86,202611610086,5,535.582,train/clustered/n60/clustered_n60_0086.tsp,cbd68f2d15df8ade6582aee24c2108de3a9f430ad20fc384de9f0b35c05d750e
train,clustered,60,87,202611610087,5,354.31,train/clustered/n60/clustered_n60_0087.tsp,c039adda9a9e2e4485fc528c1aa4c585d9c42f2c39f2d8111e16dc9eaf7a317a
train,clustered,60,88,202611610088,6,318.396,train/clustered/n60/clustered_n60_0088.tsp,fe6b1d26520249ef0e13fb5f670fdf6bb3946b5718edcb3ae3ef70e05bfde5a4
train,clustered,60,89,202611610089,5,822.948,train/clustered/n60/clustered_n60_0089.tsp,856fa3fd4e6d9657bf7a4cc7a73ad50b7dfce9df835a7a169dc82e1e048074e8
train,clustered,60,90,202611610090,6,531.934,train/clustered/n60/clustered_n60_0090.tsp,61257a2390d2c3693b49856e164f01fdae8dd937209607654f3531304610af07
train,clustered,60,91,202611610091,4,687.587,train/clustered/n60/clustered_n60_0091.tsp,c6338b1c046f66da23ff6a2603b0072c39a9e90d3f53b035e54f6c9da20257d2
train,clustered,60,92,202611610092,4,692.823,train/clustered/n60/clustered_n60_0092.tsp,da98183ae5991a55f665129df27563f7f5814e1804a491b1b694559578bbe2fd
train,clustered,60,93,202611610093,5,704.495,train/clustered/n60/clustered_n60_0093.tsp,694259d530413ca24c4b93cb7c6b5094ff93f1553bd7397b40a11f452a43fb72
train,clustered,60,94,202611610094,7,609.971,train/clustered/n60/clustered_n60_0094.tsp,6beaa103726ca59e0cd48632c3599f85f0925f995adc2e307e582c03d60901e9
train,clustered,60,95,202611610095,7,431.752,train/clustered/n60/clustered_n60_0095.tsp,f2e35823a40291d82cb9eb88390757e29324b52e859b035a550928c7b6c878ee
train,clustered,60,96,202611610096,5,540.007,train/clustered/n60/clustered_n60_0096.tsp,e0a7a88452a510a3f589f0285877e0f50500675feb1bb5df1f4a5ca383f8c9e3
train,clustered,60,97,202611610097,7,688.588,train/clustered/n60/clustered_n60_0097.tsp,87a2e9fa46167182fa4862032e7fd15303d4222ac9869ec33dd9d0daca6435c3
train,clustered,60,98,202611610098,4,542.482,train/clustered/n60/clustered_n60_0098.tsp,031d43641cef14573f566c6bcb30e194c838f7d9267b3e6d1ef268a3c915c5eb
train,clustered,60,99,202611610099,7,602.594,train/clustered/n60/clustered_n60_0099.tsp,6613ceb279b398b8694c7d606b42ff01322b3df983fec27f77727695588d08fd
train,clustered,60,100,202611610100,7,592.929,train/clustered/n60/clustered_n60_0100.tsp,418c4cadede98bf8f1d676e711bc1b87231863706336392cf7b8a072d6bf0d71
train,clustered,60,101,202611610101,4,489.424,train/clustered/n60/clustered_n60_0101.tsp,7ce937ff3c8704efd50e3a07b880b1fc9163599e6303f9de6b2775a328b7620e
train,clustered,60,102,202611610102,5,677.617,train/clustered/n60/clustered_n60_0102.tsp,07259cb2caf0ead764e7de8741b52c75476535d7935d2998f5b0409dd968ad8e
train,clustered,60,103,202611610103,5,490.364,train/clustered/n60/clustered_n60_0103.tsp,d01b7165215baa499c4b6b99dd7bffddc23c9abf5badb94206090f82c1426a45
train,clustered,60,104,202611610104,7,314.397,train/clustered/n60/clustered_n60_0104.tsp,9cb1cdc0a02697e42191bd7d6411eaa7880f382f80a25e837828883d6d755d3b
train,clustered,60,105,202611610105,6,780.425,train/clustered/n60/clustered_n60_0105.tsp,dd109ed9da00ed5987c27845027d8f67fc0b3da29c92df34f5090a5381444f81
train,clustered,60,106,202611610106,4,781.891,train/clustered/n60/clustered_n60_0106.tsp,c3caff2e52d10f9090708bff36c3969a410fdc77abaff7421f465257e02bd125
train,clustered,60,107,202611610107,5,449.592,train/clustered/n60/clustered_n60_0107.tsp,7bbc999deb61e65c415200c3cce835873ceb9d76b542329ef9aee447fc0785e7
train,clustered,60,108,202611610108,5,593.965,train/clustered/n60/clustered_n60_0108.tsp,b8a629dbf494a96e4e2fcb9237ab786bf6f0de5bb6d59c6a403fd9d103488bd9
train,clustered,60,109,202611610109,7,848.52,train/clustered/n60/clustered_n60_0109.tsp,69ac7284ceca0bc154f738777fc1fe1ba32dc2ba68a3ba87bcb915c2187b822f
train,clustered,60,110,202611610110,5,480.331,train/clustered/n60/clustered_n60_0110.tsp,1d4cb251e80953da1b64a77dcf6975fbde6ee143c4a22996fb024b247e414028
train,clustered,60,111,202611610111,4,452.932,train/clustered/n60/clustered_n60_0111.tsp,b354695822ec35a4fbaf2ba3cfa7609cb008298eb083409303a686f9f591b899
train,clustered,60,112,202611610112,7,527.14,train/clustered/n60/clustered_n60_0112.tsp,01901085aa3587c1ae5bda2479d58ce1c0d6ce828395adcac691353f36bcc8b3
train,clustered,60,113,202611610113,7,306.542,train/clustered/n60/clustered_n60_0113.tsp,d230426210e868e87774f0ea8a7c5918f3083eedfe67548d44d23a6b634156cf
train,clustered,60,114,202611610114,6,791.18,train/clustered/n60/clustered_n60_0114.tsp,15a311e709f92c80807ada75ecee479f7d129bc2b79e43ffdadd613f8195f36b
train,clustered,60,115,202611610115,5,743.192,train/clustered/n60/clustered_n60_0115.tsp,5a3bd4a65f6397e5ac37c227ad3e86d28fed56070dd76f4c0aad8ddf34783df2
train,clustered,60,116,202611610116,7,526.937,train/clustered/n60/clustered_n60_0116.tsp,48beb929455612857e7baa0232bf8116481657feabe98ff148e8bf67d4b61fd0
train,clustered,60,117,202611610117,6,583.634,train/clustered/n60/clustered_n60_0117.tsp,296cf33a2b2be549b0d4e14f9efaae147ba9dad5374ae4f5a93cb6c03d497be9
train,clustered,60,118,202611610118,4,525.95,train/clustered/n60/clustered_n60_0118.tsp,2caeda187f0deee7f64a234cc0d5dfa6751311323e699acd6714c042408c6358
train,clustered,60,119,202611610119,4,613.572,train/clustered/n60/clustered_n60_0119.tsp,3940349b2f46ce0f6ad9a1385ecc2005f6369d397ae7d222b9eb3162dedff0d6
train,clustered,60,120,202611610120,7,726.721,train/clustered/n60/clustered_n60_0120.tsp,181df8adc0a502ef37f42c2da2d59d99362686237186ab4538eb34dba397c812
train,clustered,60,121,202611610121,7,524.8,train/clustered/n60/clustered_n60_0121.tsp,0818f8c082d9c9e33eef327559983675eb27c69e7fc21b25368255441f26c039
train,clustered,60,122,202611610122,6,655.647,train/clustered/n60/clustered_n60_0122.tsp,98ee2b2fc94f68916c4dc3e0aefa7a713a068ea0b549f657cbc08c4da927fa4f
train,clustered,60,123,202611610123,7,800.935,train/clustered/n60/clustered_n60_0123.tsp,6e431831a2cfce7a95a59f7c550e384fdd0fb9e4dd59828aff49203489a1fcdd
train,clustered,60,124,202611610124,5,825.05,train/clustered/n60/clustered_n60_0124.tsp,fadb0d1765b3d96df2e0671999a3e5ae3d760f939ac2ec4093e92d2299758ffe
train,clustered,60,125,202611610125,5,837.651,train/clustered/n60/clustered_n60_0125.tsp,d9c129101f8d5ebb89bdcd7018be0137c924ac92ed28ebfc292cf3a838e7d52a
train,clustered,60,126,202611610126,6,514.942,train/clustered/n60/clustered_n60_0126.tsp,9b94508aa5bfa441f9585108cd80bb929f05d60735ae687b9cecdadc7bcef422
train,clustered,60,127,202611610127,7,737.799,train/clustered/n60/clustered_n60_0127.tsp,80dabe2738be401dbb0237e90224b68e4fea6d21337b26d8a72ffc1d3633ddc7
train,clustered,60,128,202611610128,6,539.436,train/clustered/n60/clustered_n60_0128.tsp,fe2933ed707778b0ddb90f2d6800dc416b6509275a75d07c407096f395bac987
train,clustered,60,129,202611610129,6,723.052,train/clustered/n60/clustered_n60_0129.tsp,5b9976631023ab705ed1c1f040d587570920281d1dab9ffade3d48e54963196a
train,clustered,60,130,202611610130,4,782.904,train/clustered/n60/clustered_n60_0130.tsp,28d64ea63420daba0f3ca17e712e364f5f33c9327d6ce692c7a2697b13f869d3
train,clustered,60,131,202611610131,7,670.858,train/clustered/n60/clustered_n60_0131.tsp,3d1208826736f3552c6eeb4a0aaa23b87bd78f3fb76c5178984d3383efbc87e8
train,clustered,60,132,202611610132,5,530.45,train/clustered/n60/clustered_n60_0132.tsp,b03bbf026d7a2e62ca482941cb3038bad561e9f8ba7f66d4d16abc6e57a25a66
train,clustered,60,133,202611610133,4,822.967,train/clustered/n60/clustered_n60_0133.tsp,c47a685e8d72c37095c249745cd47bab5a0e67aac24ff30abb41f03090e2d0f7
train,clustered,60,134,202611610134,6,627.888,train/clustered/n60/clustered_n60_0134.tsp,0728fb24ef260d0b9333c08d6b3e6cc101085e26e662a32e882b5d14a662b4a6
train,clustered,60,135,202611610135,5,488.059,train/clustered/n60/clustered_n60_0135.tsp,e402645543642220e47d43a0d66d6eff506485ba877505e4f23a855fda3de9bc
train,clustered,60,136,202611610136,7,424.491,train/clustered/n60/clustered_n60_0136.tsp,9cfee1f37b55868e3b0efb1fd1d5f0b5c7c86b9690a71a8758d66de8cfaeaf9f
train,clustered,60,137,202611610137,4,391.634,train/clustered/n60/clustered_n60_0137.tsp,d58e5fefd97ddac4bc97cae872d279d81a6b0111efacd1fe6393b06fcec1eff7
train,clustered,60,138,202611610138,5,507.257,train/clustered/n60/clustered_n60_0138.tsp,ac10fce9c49983b350a35408ead3175e462119ce1d6548658e5915f27079a065
train,clustered,60,139,202611610139,7,462.043,train/clustered/n60/clustered_n60_0139.tsp,74fbc13026209ee2bafbe714ed1eba5e2f86770038cca45885faa7b97e9dd65a
train,clustered,60,140,202611610140,5,574.289,train/clustered/n60/clustered_n60_0140.tsp,83aaaca06a4457f4687b9c61f4a12061d76f4197ebf37cff2b2eee3dba9ffdfa
train,clustered,60,141,202611610141,6,830.491,train/clustered/n60/clustered_n60_0141.tsp,37324c406d9c6dfe47157cd46f50fc1cc96074fe7cb8ee5993baa4e9bd3fa3cf
train,clustered,60,142,202611610142,6,387.665,train/clustered/n60/clustered_n60_0142.tsp,ac217c5a760e9ed506177542812368d25d6581feb961fc210b5271ebcf323aae
train,clustered,60,143,202611610143,5,374.72,train/clustered/n60/clustered_n60_0143.tsp,9dc6a70fcb54d2d65362e4aecc98a3c5562a90f5cdf40be8d2c92d92dee3a32d
train,clustered,60,144,202611610144,4,742.115,train/clustered/n60/clustered_n60_0144.tsp,ab09801505323456e338afe1f6d7a37e0dc7993af544cdaed05c4a7a56169d97
train,clustered,60,145,202611610145,6,489.152,train/clustered/n60/clustered_n60_0145.tsp,f7428d9514966c5a4238d00f711048cfa76c1315e8fdec1eb63f89351db1e241
train,clustered,60,146,202611610146,7,478.849,train/clustered/n60/clustered_n60_0146.tsp,3a19c9e58a00880a188c6bd3c2005e9000f8e87b3aa0687062df6698609a9154
train,clustered,60,147,202611610147,6,749.05,train/clustered/n60/clustered_n60_0147.tsp,946d619a18934cb085cf6ce8205491f97ecb7e423ecdd9c5056b2e345bf46525
train,clustered,60,148,202611610148,5,553.802,train/clustered/n60/clustered_n60_0148.tsp,76906622f02556b225ee71903073a094a768cf43075ac897559e36f22ab11058
train,clustered,60,149,202611610149,6,388.033,train/clustered/n60/clustered_n60_0149.tsp,58f22a8c5be6ebbb15d9a9a0ec7c6bc72c7f2760c8701a5a9001bcd470c8ec2d
train,clustered,60,150,202611610150,4,583.496,train/clustered/n60/clustered_n60_0150.tsp,4cdd9f06883a6998511c2c6e6682d00fe16fcde26642076dcd6d36712f736f79
train,clustered,60,151,202611610151,4,816.666,train/clustered/n60/clustered_n60_0151.tsp,489f5499241ba132dc83a5609a2d3285bd3658434bed55f7ff4d22e34237ac3c
train,clustered,60,152,202611610152,7,727.762,train/clustered/n60/clustered_n60_0152.tsp,fac07b65fb7295b5762ad495dd189b881afce6d3d360806373a7395f3ad474b1
train,clustered,60,153,202611610153,5,757.369,train/clustered/n60/clustered_n60_0153.tsp,e27b4fd01366099d984f922cd7ec0d4dc0018c800d0c3a2f051d4095d4bdbd1a
train,clustered,60,154,202611610154,6,775.193,train/clustered/n60/clustered_n60_0154.tsp,f3e7e047b39cb443c21f98a855b9f5cf7d6b223c5b922d6a32724354a2a84c34
train,clustered,60,155,202611610155,4,337.919,train/clustered/n60/clustered_n60_0155.tsp,031dfaeea077c0fa986571e995a8a038d1819fea282a997af9271b150f7e9462
train,clustered,60,156,202611610156,6,763.807,train/clustered/n60/clustered_n60_0156.tsp,e664a27d733dc5a4eb64e0e1b6193fbb024e343ad624403183f52d81045bfa25
train,clustered,60,157,202611610157,7,702.993,train/clustered/n60/clustered_n60_0157.tsp,1ee71a7349f3259293b65511d9b0ec43f8de56d37643c81766e6d66d6d34df5f
train,clustered,60,158,202611610158,5,530.728,train/clustered/n60/clustered_n60_0158.tsp,dc00a2c8085af5c6be52e4872fc4beb4d2e36a1e286357debedfba7c75fa78fd
train,clustered,60,159,202611610159,5,399.711,train/clustered/n60/clustered_n60_0159.tsp,743ba7f133f89c5db0673494840aed8a7a4bfa18f84a809e6ab7c981fe83c568
train,clustered,60,160,202611610160,5,785.425,train/clustered/n60/clustered_n60_0160.tsp,8fedf3b784c0008bb9c3e0183c5f4b3ac5d4ec2f2e8c939b8480346914cd6d09
train,clustered,60,161,202611610161,7,477.276,train/clustered/n60/clustered_n60_0161.tsp,47e07649b818e4256c1799dfab0f029cd7751a82c4f4fc4e92727b7a182091d2
train,clustered,60,162,202611610162,4,491.008,train/clustered/n60/clustered_n60_0162.tsp,eb155f571c56098f0847cb6e0ce0f83a1dbd5be08e91938a6de0693394b281b3
train,clustered,60,163,202611610163,7,601.976,train/clustered/n60/clustered_n60_0163.tsp,40d4e8393fb777efaedd53637013ff5c089dbb94d340915b9ca0a50d58c4b1ba
train,clustered,60,164,202611610164,4,761.245,train/clustered/n60/clustered_n60_0164.tsp,c0096340c4911a75d1a2bab9e077632e3c469f78ecd994f181581fda4be4acdd
train,clustered,60,165,202611610165,6,681.075,train/clustered/n60/clustered_n60_0165.tsp,1fb961013bf5e3b10578f916e23b031130c941c881665eef5125e99796d41a6a
train,clustered,60,166,202611610166,4,464.773,train/clustered/n60/clustered_n60_0166.tsp,59c4d79367424c58db505a70875e2be39fa2f4fa964d4af6b5a85b4b499658c9
train,clustered,60,167,202611610167,4,312.095,train/clustered/n60/clustered_n60_0167.tsp,764a35a008013ff7ce18f922e2e345f1df020c4f8f94385d9561fb7aaa7b961c
train,clustered,60,168,202611610168,6,749.899,train/clustered/n60/clustered_n60_0168.tsp,d475cf15771161018909f6cfa08efe188b171bf3f6ed54cdf6ec350f1d1ec29b
train,clustered,60,169,202611610169,4,499.956,train/clustered/n60/clustered_n60_0169.tsp,0358cb6c53cf633a5736e5ac6b9347211a103b1aacc866e145951c20496ec509
train,clustered,60,170,202611610170,6,474.356,train/clustered/n60/clustered_n60_0170.tsp,97621b74195b289366b1be6b3fcb130826c8fb40b52b7ab391da574bbe32b4ab
train,clustered,60,171,202611610171,7,634.548,train/clustered/n60/clustered_n60_0171.tsp,20f4ae11c5bd658751d84424026c1563d9671c21324fbb91adaaca77e81ea1c6
train,clustered,60,172,202611610172,4,426.735,train/clustered/n60/clustered_n60_0172.tsp,6d7203ac2a2b58c15a103320d1b9bbd2744bc5f2d09a41784de50f219cf9d5c7
train,clustered,60,173,202611610173,5,627.143,train/clustered/n60/clustered_n60_0173.tsp,939f1d53d9f2e6a8b39f0da1ff8426d639bc084b2200a1f760fb76635e26e576
train,clustered,60,174,202611610174,7,531.622,train/clustered/n60/clustered_n60_0174.tsp,e46d73d34d72393b1a1a74545037e53460088a77b8b76ea66a9e5a4e887e94b0
train,clustered,60,175,202611610175,7,572.482,train/clustered/n60/clustered_n60_0175.tsp,8b1aef768e5f9726653667c838d48d7ced416c8333976f87b781bc3ae638e65d
train,clustered,60,176,202611610176,7,404.943,train/clustered/n60/clustered_n60_0176.tsp,98f85a149a467ee3e09762db0f8cbe7b1466517ebe89017546bbcb87f151bf68
train,clustered,60,177,202611610177,5,629.039,train/clustered/n60/clustered_n60_0177.tsp,0a2eb468a47787d1a465cfed9c140e725cd208dc1a3539da0cde80aabb18d4c5
train,clustered,60,178,202611610178,7,469.577,train/clustered/n60/clustered_n60_0178.tsp,d8579e7b4af637f429394bf967fe086268de39a8ebe87d9c8295045f7996abed
train,clustered,60,179,202611610179,4,559.018,train/clustered/n60/clustered_n60_0179.tsp,d4ac5f409e5b9eca1ce27fecadc7f39f13fac56efa87e7f60ebde97faad573e1
train,clustered,60,180,202611610180,5,373.302,train/clustered/n60/clustered_n60_0180.tsp,5bc33bda980e641f2ee05690cf5a921d632a99ecc8d59738953b8edc37792716
train,clustered,60,181,202611610181,7,621.423,train/clustered/n60/clustered_n60_0181.tsp,22d20837c8420f322e19c963d7a872c1e88d4e5a40d8efb8fe0ede6d1b0b4569
train,clustered,60,182,202611610182,5,693.352,train/clustered/n60/clustered_n60_0182.tsp,a460cb4faa53558cabd15d0656bcd695872af78da5ddf943cef6261d9fe944c9
train,clustered,60,183,202611610183,7,353.289,train/clustered/n60/clustered_n60_0183.tsp,b78be5fadc733d25064559f6d38995e5ff33bc172c23dfa0b3169ec442f78b02
train,clustered,60,184,202611610184,6,695.016,train/clustered/n60/clustered_n60_0184.tsp,38b8a9a89efae38c6279b5869b8fedff151b51d11fbc10d745d7d62db60f4903
train,clustered,60,185,202611610185,6,734.19,train/clustered/n60/clustered_n60_0185.tsp,77cd857ef086347f155026a90a1dc7a64c6fa9bbfd2e2b784f1898eeaa698f40
train,clustered,60,186,202611610186,5,487.144,train/clustered/n60/clustered_n60_0186.tsp,95a016abbf6fe8cc78b85918ff23fcbabe9f2701bfe68ec2ee822f2d1c6d1f22
train,clustered,60,187,202611610187,6,367.893,train/clustered/n60/clustered_n60_0187.tsp,16bcab6a1c72ec3b510fdd22b8cae608e81565e18acbd60dd4097ac222e80d90
train,clustered,60,188,202611610188,4,639.399,train/clustered/n60/clustered_n60_0188.tsp,0134e411de0140fa0c1e429bab6d4a8053c953aa6c5865d0e72938d3b4441cff
train,clustered,60,189,202611610189,7,594.409,train/clustered/n60/clustered_n60_0189.tsp,27003a55c1c29877254bbd88ce6e8a7355d1b6f92be86fbf5696d3c9eafe19fb
train,clustered,60,190,202611610190,5,775.428,train/clustered/n60/clustered_n60_0190.tsp,c8399665f0b846800779fafa38807d056e9ba11295666225cb4027163dbe8698
train,clustered,60,191,202611610191,4,519.469,train/clustered/n60/clustered_n60_0191.tsp,fc825e77053ba507d4f64b581206588cc3a5fd5877fc56cfff4dd9beee0bbb2d
train,clustered,60,192,202611610192,6,312.344,train/clustered/n60/clustered_n60_0192.tsp,15d6c5f6ac1b10b0a098800a5c5299c1061cbb4d934229a1e0fd597794679db6
train,clustered,60,193,202611610193,7,525.996,train/clustered/n60/clustered_n60_0193.tsp,ddbcf4e04a41bfdb9482e4b833f57bc2399beeb221c536d09b9309b5b2c1b799
train,clustered,60,194,202611610194,4,649.882,train/clustered/n60/clustered_n60_0194.tsp,202fc76d8a931d5730f0658d0294bd2fea244e6b36c0d26702c6f12edc909358
train,clustered,60,195,202611610195,4,726.631,train/clustered/n60/clustered_n60_0195.tsp,8cf2410b7e3653b64f8b66067cec718a527fc222ec061cd12791115eba88ead5
train,clustered,60,196,202611610196,7,673.982,train/clustered/n60/clustered_n60_0196.tsp,bfc4486d408e5a42133f86991d8b6167155e7b402f638f7c8e44cf865070be21
train,clustered,60,197,202611610197,7,469.113,train/clustered/n60/clustered_n60_0197.tsp,23b5ee682cc79e2d9e944f84a96b019193ad7f90642b8a4f68aab286782fdb2b
train,clustered,60,198,202611610198,6,817.92,train/clustered/n60/clustered_n60_0198.tsp,bab2f4ce882cd4fc64acba4bcefaf4a5e9659d98c7ebc4cb7325f9912b4af62a
train,clustered,60,199,202611610199,4,439.121,train/clustered/n60/clustered_n60_0199.tsp,d8d586db28db35f1db5232ff5935ee6eb08e2bfa01459f1a9f347483c94cc3ff
train,clustered,60,200,202611610200,6,441.72,train/clustered/n60/clustered_n60_0200.tsp,4ffb2a0cfd11a2fe8a4ea64863c9498c4ee9d6b4dc81db27d6ebd5631a95f09c
train,clustered,60,201,202611610201,7,680.455,train/clustered/n60/clustered_n60_0201.tsp,a6ebb5e0c2bb2b8ddbb26f6f256b4176af81801724608a1c3479f06202f15ca2
train,clustered,60,202,202611610202,5,429.748,train/clustered/n60/clustered_n60_0202.tsp,42ae5a7f3180820d0201fef4507a3d6a660bc1d5f8f34531fb45ae094b099363
train,clustered,60,203,202611610203,6,480.088,train/clustered/n60/clustered_n60_0203.tsp,b8440a9e361c921405b2102781fb0e57d3abab5c7b70ca4f88fbb194653c0da5
train,clustered,60,204,202611610204,5,467.219,train/clustered/n60/clustered_n60_0204.tsp,5ac75ab8029004a281e860cdb84533213da6861c57f1ca92c3d08dca8ebc85be
train,clustered,60,205,202611610205,7,665.213,train/clustered/n60/clustered_n60_0205.tsp,ae2df24ebbf0d310f17eebe47f05b571147a260739738ff38302b1778b710f64
train,clustered,60,206,202611610206,5,763.509,train/clustered/n60/clustered_n60_0206.tsp,03d9ef09ef0a49d385b3c30653c1c1bf32c903a110a56615c35be549c095c56c
train,clustered,60,207,202611610207,7,584.239,train/clustered/n60/clustered_n60_0207.tsp,f00bcf86851679279b86eafde5b91b6514c33497cf86714a40ff6b081943900c
train,clustered,60,208,202611610208,5,692.375,train/clustered/n60/clustered_n60_0208.tsp,06427c9ad80187023c0a8101cfc765cea0c491d293c3eac8b473e523a23b50b7
train,clustered,60,209,202611610209,4,634.699,train/clustered/n60/clustered_n60_0209.tsp,676b2f06c6522b10ac8e5830709097bb70f82f93c1178d738a69b2da5fe47a21
train,clustered,60,210,202611610210,7,616.303,train/clustered/n60/clustered_n60_0210.tsp,92a8befd067231bf5b5d5e948a3b977252966d77365bb1146b3d0078bc6096d0
train,clustered,60,211,202611610211,4,707.037,train/clustered/n60/clustered_n60_0211.tsp,2f502e961514f77c83f55519e209296fb18822706f9637fd8ca8d019b70ead63
train,clustered,60,212,202611610212,6,584.311,train/clustered/n60/clustered_n60_0212.tsp,cb4630debc825ab1a083e858a0b3e5401403b38b36cb55c8d53a5cd9d0dc25be
train,clustered,60,213,202611610213,5,746.337,train/clustered/n60/clustered_n60_0213.tsp,50ecab93b48b88336972d4e21927515075bd49d3e3857f12c75d22a813ba4b99
train,clustered,60,214,202611610214,4,382.629,train/clustered/n60/clustered_n60_0214.tsp,049dd0c6aa0014af90a12e416a64140c798157ba64e2fd2ca35f4f4d7dbce56a
train,clustered,60,215,202611610215,4,725.105,train/clustered/n60/clustered_n60_0215.tsp,6269293473edcd27ef37302efa1084bd1a965aeb84b7ca2f087d226956fe8208
train,clustered,60,216,202611610216,6,471.985,train/clustered/n60/clustered_n60_0216.tsp,ae0554f1eed7d52222f0c2fbebe4e402f516a8a6f0aafe39c2620f93ff21aa71
train,clustered,60,217,202611610217,6,606.715,train/clustered/n60/clustered_n60_0217.tsp,968ffddb4cc660b2a8c7dba7ea36e56e15a357a535a738226356bb7a8039ced7
train,clustered,60,218,202611610218,5,541.453,train/clustered/n60/clustered_n60_0218.tsp,86db9d3f874f1461af186462c6b0df4ccfba1c518a089d3f4884b651424d89db
train,clustered,60,219,202611610219,7,679.115,train/clustered/n60/clustered_n60_0219.tsp,d08ff30ea6f77c1fcfbb851d72fd101c58c9327145a3df124b126b0f45e83569
train,clustered,60,220,202611610220,7,327.591,train/clustered/n60/clustered_n60_0220.tsp,6d879c57492e030e86de9bd3a5e8d45b22ce59e5019319b06db6608394181722
train,clustered,60,221,202611610221,6,388.79,train/clustered/n60/clustered_n60_0221.tsp,214dbbd4af2c2e8e15c6fe251a1f669fda400b029816dcc8d5097fc7181bb366
train,clustered,60,222,202611610222,7,736.862,train/clustered/n60/clustered_n60_0222.tsp,5fc354f11fc7f93e00b7d22b2ca0770e4d1c46da476da77b736b7dfd745d6373
train,clustered,60,223,202611610223,6,797.201,train/clustered/n60/clustered_n60_0223.tsp,8e12fdecd0494a37388f56e988adcdb2df566f23cff97724df4c8ef0a978c3ef
train,clustered,60,224,202611610224,5,824.489,train/clustered/n60/clustered_n60_0224.tsp,41b9e8459f5be5350b8a6e14874617c59a61d4cc5b3d4a7c7a4e8110fbb2ad5f
train,clustered,60,225,202611610225,5,511.413,train/clustered/n60/clustered_n60_0225.tsp,ea5d03d9ef6da159a69bc3473f1acbf0c557da816b659ae140c20d3cfc57059e
train,clustered,60,226,202611610226,5,833.086,train/clustered/n60/clustered_n60_0226.tsp,bef55268dcd64ad4f322ce62778696d46290e0d274fbf8fc940500190d62f2ad
train,clustered,60,227,202611610227,6,471.847,train/clustered/n60/clustered_n60_0227.tsp,4effc84d60f644bf138da968392e6998b614b47bf2eb2c34ace4a55bb1c89a3e
train,clustered,60,228,202611610228,6,717.012,train/clustered/n60/clustered_n60_0228.tsp,463fb4856c6076d75fdcb387ec3eacbbaf9c8b544fc18296820dfe2ba29eb500
train,clustered,60,229,202611610229,6,599.285,train/clustered/n60/clustered_n60_0229.tsp,9e9faae59d86c6516bce0ed16d937b311bf37dc2c112910924d9028aaf4605c0
train,clustered,60,230,202611610230,6,660.355,train/clustered/n60/clustered_n60_0230.tsp,bc7eea5dfd6688212f82737bb7c79c7a24dd9010e169b5002d3a61d02dd189f6
train,clustered,60,231,202611610231,4,543.605,train/clustered/n60/clustered_n60_0231.tsp,2bc72760c1b0ab07c633b334412b74225b3c5374070301825e2634df3666dfe2
train,clustered,60,232,202611610232,6,601.264,train/clustered/n60/clustered_n60_0232.tsp,bfa1b6eb6988d0b7718985e23029b2babd66647050221e58690ec2c36ca40349
train,clustered,60,233,202611610233,4,651.374,train/clustered/n60/clustered_n60_0233.tsp,1575bf1a6fa46392c07b705a9fc1dd1434816915d5e99699fd22730c2809f7fa
train,clustered,60,234,202611610234,5,508.873,train/clustered/n60/clustered_n60_0234.tsp,21dcda8ef4553b32a057559d751e5156360102dcb2d428d1a5b31a1ef461ba15
train,clustered,60,235,202611610235,4,578.272,train/clustered/n60/clustered_n60_0235.tsp,816137fd871aec7d5e4c62bf12cb35731acbd117e500b178a4c1680fe8fec325
train,clustered,60,236,202611610236,7,543.403,train/clustered/n60/clustered_n60_0236.tsp,e67506f7777a55ebc9b676476f26760066a5c3c3464a1441fabee68cf4f6ec39
train,clustered,60,237,202611610237,5,600.908,train/clustered/n60/clustered_n60_0237.tsp,a7a65c9e6adcf2ab0e969ec46c9b4bd4e12c4405f0f056ab11268196088c7531
train,clustered,60,238,202611610238,6,330.403,train/clustered/n60/clustered_n60_0238.tsp,59295b3fee1513ca4ed2e2c563a42bfad3cc514fe16d3e115a40a9665f758bcf
train,clustered,60,239,202611610239,6,318.777,train/clustered/n60/clustered_n60_0239.tsp,29d9754e9f1eae794e9e1f04321b9564f004948d886e1e4a1899d6c9cff41801
train,clustered,60,240,202611610240,4,501.851,train/clustered/n60/clustered_n60_0240.tsp,cde2749daffa46be02222647190c2f7af5c39cafd63c292c8dd54ecc3f2f28b3
train,clustered,60,241,202611610241,5,546.456,train/clustered/n60/clustered_n60_0241.tsp,b728d5647fb02ea7515473d14946368ee48b2c8a9e863bb7ea1430df9a88e604
train,clustered,60,242,202611610242,7,812.179,train/clustered/n60/clustered_n60_0242.tsp,6b747e1a918b64d4a11a39265f565dbee7691c6af2696855f895118852d47e1a
train,clustered,60,243,202611610243,5,352.308,train/clustered/n60/clustered_n60_0243.tsp,44fc189506b08dc4602210588fd2745efe5917d2b88274ae43cda437fa75f01e
train,clustered,60,244,202611610244,4,665.421,train/clustered/n60/clustered_n60_0244.tsp,0b4a7915025af058cd898e516bce69144c41227bcf0f98df31a2e3cd32163893
train,clustered,60,245,202611610245,6,725.518,train/clustered/n60/clustered_n60_0245.tsp,e174b45c586d3fde493e2fc9cfc3daf6495ee37527be6dc505609cadf9aa9ef5
train,clustered,60,246,202611610246,6,759.137,train/clustered/n60/clustered_n60_0246.tsp,85e3cde3fb0b1b173db6f2c56c05b589944e85a2161fafebfe21be035d41c0ce
train,clustered,60,247,202611610247,5,657.559,train/clustered/n60/clustered_n60_0247.tsp,23fe4f4f56583504ded1285beb5fa804a4e3fd339857215eb018549267bd2bb8
train,clustered,60,248,202611610248,4,697.506,train/clustered/n60/clustered_n60_0248.tsp,0e2aff3e3dae4dece6d3c3d84bbf302a50e5dbd2013b4ab0cbba32498f0475d0
train,clustered,60,249,202611610249,6,767.7,train/clustered/n60/clustered_n60_0249.tsp,fbdda86d0b7677e835f0fae529414595d2ecdc4b0850b0c0682da02f34d6fb20
train,clustered,60,250,202611610250,5,657.223,train/clustered/n60/clustered_n60_0250.tsp,06d0b1247923b674a3e66b61eb81694a2dd9594a1097bd7f1f3b0107d3b0cbe6
train,clustered,60,251,202611610251,4,364.218,train/clustered/n60/clustered_n60_0251.tsp,497a17d962ffaa227df7588b77623884974b87838ae1bf7130d103d5c6cb8e54
train,clustered,60,252,202611610252,4,597.022,train/clustered/n60/clustered_n60_0252.tsp,af069b5b643fb2de010ce3ba313653cf755fef91a2a3f50f8cc1170e67572955
train,clustered,60,253,202611610253,7,766.993,train/clustered/n60/clustered_n60_0253.tsp,b91aeca96e6fd771e70f5610bab02cc24fe78a81c309677cf6d960d7a9e814a9
train,clustered,60,254,202611610254,6,521.491,train/clustered/n60/clustered_n60_0254.tsp,cdadaf330943b34d231332854214ad1cd51e2b07946e1d161ce8afe5b4b2cadd
train,clustered,60,255,202611610255,7,631.905,train/clustered/n60/clustered_n60_0255.tsp,04b14af6b59c0610f31e86f14ecb059ab15aad47e196722e9ff39102aae18094
train,clustered,60,256,202611610256,6,325.566,train/clustered/n60/clustered_n60_0256.tsp,f36381f5e83ec9c10058618fc197105c65fbe042744e57a21e0b895576b3d43c
train,clustered,60,257,202611610257,7,776.832,train/clustered/n60/clustered_n60_0257.tsp,d0bb4892cf95be1402abeaef584220dd729e977d655eb6f4c1e6c5256a6e87d2
train,clustered,60,258,202611610258,7,745.97,train/clustered/n60/clustered_n60_0258.tsp,169c7f38349a4939e183970355bd6c78765ef0b499ad9d05f31c5d26343bb52e
train,clustered,60,259,202611610259,5,678.607,train/clustered/n60/clustered_n60_0259.tsp,e4c9c257c2cc6873ee8d46eee31332fb3920be2bf632949d44c470c2caa6fbbb
train,clustered,60,260,202611610260,4,342.705,train/clustered/n60/clustered_n60_0260.tsp,648962f095b990f37731814a00e01182ac5e6ed6b9af3a91c1bb203e66fcc78e
train,clustered,60,261,202611610261,5,440.099,train/clustered/n60/clustered_n60_0261.tsp,3d59497d0afe00dd4977f3f617236849c44704a45f6d83e7261f0565a0048851
train,clustered,60,262,202611610262,7,831.273,train/clustered/n60/clustered_n60_0262.tsp,2ba9dd801be78e7bfaf31f283d19e485837807f9d6bd5dbc730bac7a7fc2fe02
train,clustered,60,263,202611610263,5,446.14,train/clustered/n60/clustered_n60_0263.tsp,d5ec8c156578d8d8b4500766ee6481f6deeafdec9fbf682b7c9ca5e6b89553cc
train,clustered,60,264,202611610264,5,810.058,train/clustered/n60/clustered_n60_0264.tsp,0f935a5070f3f6447096150d8cd88d8d9612e5b3b54dba1a0a87a4ce400a50d5
train,clustered,60,265,202611610265,7,697.051,train/clustered/n60/clustered_n60_0265.tsp,b92e6aad0b529f758d586c918fe7885f190dd7bf666f4b994073226098cc9ab8
train,clustered,60,266,202611610266,4,561.675,train/clustered/n60/clustered_n60_0266.tsp,02d797ca545db61a6b5eb613c5025eb7bf2b267ea46b791737b58a0d93e2b740
train,clustered,60,267,202611610267,4,616.439,train/clustered/n60/clustered_n60_0267.tsp,5e47a7c882486e93e82c3f75fbb2a4ee9bc72e9682f9adce26b9d06f9f497153
train,clustered,60,268,202611610268,5,348.691,train/clustered/n60/clustered_n60_0268.tsp,f2deb16ce253c4570a2c664c0a8b5392d8ff406eb6ba4e082c732c96dc67a929
train,clustered,60,269,202611610269,7,572.992,train/clustered/n60/clustered_n60_0269.tsp,9f41a681043dfb0f1d2d079773cf556525af54f2c892fe68f71d4857b0fdef19
train,clustered,60,270,202611610270,6,748.088,train/clustered/n60/clustered_n60_0270.tsp,2ffc7dc38993b148051ce201fd75620383bb39135dac3d798f221b222a43a3fa
train,clustered,60,271,202611610271,7,499.753,train/clustered/n60/clustered_n60_0271.tsp,0b6436b0b5a5486112a160613ac913f36e96f248843f344ccb1da7a7d83c0111
train,clustered,60,272,202611610272,7,355.539,train/clustered/n60/clustered_n60_0272.tsp,03d9e61a7187d8098213ef66ab186d513d1b5f42d46353f9df4c00224ae0285d
train,clustered,60,273,202611610273,5,521.602,train/clustered/n60/clustered_n60_0273.tsp,62c08ec24f538af19ed1dd5126d1d54214732690b146d10c0567b9459c3c528c
train,clustered,60,274,202611610274,4,814.779,train/clustered/n60/clustered_n60_0274.tsp,47c2e86c594d51a48396ccbf7b2cfbc663d9d7db3b51588f51e26ab14921ba35
train,clustered,60,275,202611610275,5,625.615,train/clustered/n60/clustered_n60_0275.tsp,a7fee04f76f466334e87e335552908721c02d3f443918e50f50f6abf917ad6f8
train,clustered,60,276,202611610276,7,821.602,train/clustered/n60/clustered_n60_0276.tsp,ef0d96a12a40299d326a5c915dd7954e96ff48b4dd56a733667e9c8e80d66ea3
train,clustered,60,277,202611610277,6,567.526,train/clustered/n60/clustered_n60_0277.tsp,c5fb0f425d3d53494a168cfc204af6ec579dbfec116c887b938fcd4dac0c4300
train,clustered,60,278,202611610278,7,644.918,train/clustered/n60/clustered_n60_0278.tsp,b928515bf2e2e0cfe3c59d1e57b406c1a980d9d5021cd42b8998ba4dc18ab424
train,clustered,60,279,202611610279,5,492.809,train/clustered/n60/clustered_n60_0279.tsp,d7435daab0f883c3a714c7a1ca7e2965dfeb659f4dc286b1ae9c24bfd7be4056
train,clustered,60,280,202611610280,4,608.616,train/clustered/n60/clustered_n60_0280.tsp,cb7fb92c736bd37f536fb18cd4a713394ff5832357e80572f5daf672dd73ffa0
train,clustered,60,281,202611610281,6,696.574,train/clustered/n60/clustered_n60_0281.tsp,ae63320cf2db5ea04a0c700e72c3d90cdd89df2673741eb93bbc6f4cbb6fb9e9
train,clustered,60,282,202611610282,6,522.387,train/clustered/n60/clustered_n60_0282.tsp,8a35a2d296490026fcfe4011a49cbe49407180fcb26e92319424a17d3ef2891e
train,clustered,60,283,202611610283,4,428.761,train/clustered/n60/clustered_n60_0283.tsp,e4d349aaa0d75be0bf3a66fb073c4522732ced5210ffe27ad76ae0967e030544
train,clustered,60,284,202611610284,4,828.301,train/clustered/n60/clustered_n60_0284.tsp,a6c070aa086ddac4542be576bddd36e3a9cfbc769eea630daaf4831cbc7cc6c1
train,clustered,60,285,202611610285,4,802.696,train/clustered/n60/clustered_n60_0285.tsp,3ede022d49eb93bd647edc1f513c19092c66f8e46f358f97ef67e65a952c5114
train,clustered,60,286,202611610286,4,785.361,train/clustered/n60/clustered_n60_0286.tsp,fe06fbb077ed05a5996f977444ab7bc2d38253447c362757940b8d7e00dc979d
train,clustered,60,287,202611610287,5,652.642,train/clustered/n60/clustered_n60_0287.tsp,79a3c5c41a939ac557030433a4fe90a555cc41728edba520f8c6f530e990dcc8
train,clustered,60,288,202611610288,4,535.764,train/clustered/n60/clustered_n60_0288.tsp,74eeca023908181f33f553ea700490e5459c658f6b53250a9aba748a8495fa4b
train,clustered,60,289,202611610289,4,630.972,train/clustered/n60/clustered_n60_0289.tsp,4460e2fbdea84ca417b74bef7a6866ce98687ceb947721e18f288b98c2421896
train,clustered,60,290,202611610290,4,744.881,train/clustered/n60/clustered_n60_0290.tsp,74ced9c31f7c65ed1db05953fc7ef89aab5cc89a1a77f3df318c96b61272885e
train,clustered,60,291,202611610291,4,332.254,train/clustered/n60/clustered_n60_0291.tsp,f6eddedf3b38e1852536bcda4177dcfbb57247877a605ea97cc48d0a0fe2b514
train,clustered,60,292,202611610292,5,385.567,train/clustered/n60/clustered_n60_0292.tsp,f4754afe728969f3557e5b698cb795c9027b4f9b1bb1fb633c6fbc989e97141f
train,clustered,60,293,202611610293,6,649.85,train/clustered/n60/clustered_n60_0293.tsp,928373afa362d1e02df44c0a0d8772e8838d2aa1451c40a1aff1402cbdf48243
train,clustered,60,294,202611610294,7,451.467,train/clustered/n60/clustered_n60_0294.tsp,5e9f5259e13a8010516e9cca8642099a9ef4190567fcb3a7f6ccd8f51934feb1
train,clustered,60,295,202611610295,5,849.239,train/clustered/n60/clustered_n60_0295.tsp,239e4884bdd262e5b0229a7519e26cb3d02f2bff21fafbcbae2e95550178023a
train,clustered,60,296,202611610296,6,377.426,train/clustered/n60/clustered_n60_0296.tsp,79339974569ec8357613cc2250b9af0cc931e7426105ac03e716b7eda79fd8c3
train,clustered,60,297,202611610297,7,746.844,train/clustered/n60/clustered_n60_0297.tsp,4ee6646af08721e2ea706be6224b8f3f67d94b40df96ba0db161ce78e9d79f77
train,clustered,60,298,202611610298,6,321.278,train/clustered/n60/clustered_n60_0298.tsp,8029a99b7ef5a88e79c13908748a8740166bf5fe350ea002cc427bfa14664d03
train,clustered,60,299,202611610299,6,707.857,train/clustered/n60/clustered_n60_0299.tsp,7b1f5900a7d7548f03bee60e48a0c252514183e4e8396c5c0a73b1361750fb22
train,clustered,60,300,202611610300,4,450.373,train/clustered/n60/clustered_n60_0300.tsp,c6b8032bafb6d9cbbac0db099beecab338ea5c672f8327fd0edf92dc74f03f4c
train,clustered,60,301,202611610301,5,376.186,train/clustered/n60/clustered_n60_0301.tsp,726129063442cd0dfeb58426d3d4cd210ee95625f60763ebfe61105874214cfa
train,clustered,60,302,202611610302,7,614.457,train/clustered/n60/clustered_n60_0302.tsp,33ee66c3e01643073decfb7e158c11eac82d5299286d6cf22480e5120daf473b
train,clustered,60,303,202611610303,7,791.019,train/clustered/n60/clustered_n60_0303.tsp,2fed698e21308756e9dacde4bb1cb121f4a663c50314a0efd53b0b33cc306f02
train,clustered,60,304,202611610304,6,367.897,train/clustered/n60/clustered_n60_0304.tsp,1d92c890e91173ffb5e24c6d7628e2bcc7416878ba24df00e10d778c734dea0f
train,clustered,60,305,202611610305,7,809.162,train/clustered/n60/clustered_n60_0305.tsp,5e50c877305c24fae2598710d4dc3ace729178b7d02f22fbd64ec0b7b096b43b
train,clustered,60,306,202611610306,5,347.189,train/clustered/n60/clustered_n60_0306.tsp,6d65fbc68841efe14207f0dd070e0e7899bbedbd5d9cc3bb6b8db86cdf951fd5
train,clustered,60,307,202611610307,6,457.744,train/clustered/n60/clustered_n60_0307.tsp,c5d6707fe2a7ed0e6ff8adc9a9bbb59772e791d263059a543b151a725f43ef50
train,clustered,60,308,202611610308,7,612.019,train/clustered/n60/clustered_n60_0308.tsp,e3ae7875e3b48289726e005aedd2686cf5790e842116e48ba22708f02d8be551
train,clustered,60,309,202611610309,6,634.714,train/clustered/n60/clustered_n60_0309.tsp,8f959d9286340c823e3810e948b4f0a280eb9a145f3f730b307cc104c4632d45
train,clustered,60,310,202611610310,5,326.013,train/clustered/n60/clustered_n60_0310.tsp,734952c2e05811ead82968484178c7bcc502296f75b29605a95552da7d89717e
train,clustered,60,311,202611610311,4,381.599,train/clustered/n60/clustered_n60_0311.tsp,95efb82b03f20cb4e3d0558b52c932f0578debe656b8411ede511455f9fa893a
train,clustered,60,312,202611610312,7,341.48,train/clustered/n60/clustered_n60_0312.tsp,a4093f21b1f965abd48ed046a663a2425054aee03f496a574b4284caa14505b0
train,clustered,60,313,202611610313,4,661.053,train/clustered/n60/clustered_n60_0313.tsp,d69f347c75ea6dbd7f2c5113ba78061d1d5494a96e8b2e8fa5230bd2739ae067
train,clustered,60,314,202611610314,7,843.232,train/clustered/n60/clustered_n60_0314.tsp,261139c04a26c037dd7ea966ffe5a2e83a5a34e284b95ea31b358798b9247e6c
train,clustered,60,315,202611610315,5,739.768,train/clustered/n60/clustered_n60_0315.tsp,aa7185995968eab663e36c67463ea8715403592513f502d98862e66fd0a976cc
train,clustered,60,316,202611610316,7,729.224,train/clustered/n60/clustered_n60_0316.tsp,d6b5c4e4ac9d585d4e4da10abe6b4505d36b5a95d713c077567522aa7336c359
train,clustered,60,317,202611610317,7,512.124,train/clustered/n60/clustered_n60_0317.tsp,34ff46626c5d521f05b84c918969b12cd17dcfc47e9fb0ef2c8de62bd681fcdb
train,clustered,60,318,202611610318,7,363.366,train/clustered/n60/clustered_n60_0318.tsp,970aaa1f4117d50ea246fe65b44012c90108f0a704c6401ac868140d8c1fb81f
train,clustered,60,319,202611610319,4,778.728,train/clustered/n60/clustered_n60_0319.tsp,fd6f27b7129588de9a220e66ec5d99027567bfc083ee201e04bc6a1b196437d7
train,clustered,60,320,202611610320,7,716.448,train/clustered/n60/clustered_n60_0320.tsp,8152c549af202a0858a332bfbf7adfe60147eb09c2ace6f33137910a72fc82d6
train,clustered,60,321,202611610321,7,743.246,train/clustered/n60/clustered_n60_0321.tsp,ac0a4d24ac5d4220905eea6183de4417de0ac83ea45bc07f6e6168037bc3e82b
train,clustered,60,322,202611610322,4,742.421,train/clustered/n60/clustered_n60_0322.tsp,5801bbc37d3f479cd64c7722f8a0107cdce35ae751d70051665cc7be49e5b06b
train,clustered,60,323,202611610323,7,351.263,train/clustered/n60/clustered_n60_0323.tsp,db99fe12da6b8fee82235c33fc3b6b63c91331462d0d2983a6bddd7b241c2170
train,clustered,60,324,202611610324,7,741.677,train/clustered/n60/clustered_n60_0324.tsp,caad165d5964a86248d2b81ba1621c85bd8a8491abe174014f0b92209492c1e5
train,clustered,60,325,202611610325,6,448.221,train/clustered/n60/clustered_n60_0325.tsp,5a638fdb950dabe14cf8a5e9b149b3c6f1e849ebc754a545c4fea9db468a9292
train,clustered,60,326,202611610326,5,588.267,train/clustered/n60/clustered_n60_0326.tsp,30a5c5c5e7efea7be3321bf1b131af5a214506fd71ff0df1d85319963767e46a
train,clustered,60,327,202611610327,4,457.587,train/clustered/n60/clustered_n60_0327.tsp,bdfdc5091c9c9f42883fe8f2ed1f1cb6c1391a8449c474de738f0265009cd47b
train,clustered,60,328,202611610328,7,712.337,train/clustered/n60/clustered_n60_0328.tsp,dbb29980f02bdc8810e252412d90121ad19cc101613e3a5a7a47f216f3380cec
train,clustered,60,329,202611610329,4,656.827,train/clustered/n60/clustered_n60_0329.tsp,3f125fb03bb8b82097c5d065d45bf02e19802e1fa4f29c98d8de793794974a93
train,clustered,60,330,202611610330,4,338.876,train/clustered/n60/clustered_n60_0330.tsp,becbb73605abdefcb8fba9b76b1fe736b7773ac8049e50e5758338904908bb02
train,clustered,60,331,202611610331,6,598.284,train/clustered/n60/clustered_n60_0331.tsp,1e0a8843b681484efe608f8ad4fb99483543272e872ea57c897c0afce89d248d
train,clustered,60,332,202611610332,7,748.632,train/clustered/n60/clustered_n60_0332.tsp,53b3a1cfb0a0974068dbc601c6fcfc15e631d3ad23cfb17e5e24d33fd2e1d618
train,clustered,60,333,202611610333,7,645.825,train/clustered/n60/clustered_n60_0333.tsp,e42ed1e9f4b2f93f53a490015819d8303aba8f5a6f9d54b658d25133c6fa9684
train,clustered,60,334,202611610334,4,754.442,train/clustered/n60/clustered_n60_0334.tsp,121ff6ea090632cddd0983bfee7913d250649d2c98574d2b42e9a9579db07302
train,clustered,60,335,202611610335,5,725.008,train/clustered/n60/clustered_n60_0335.tsp,b46b8d4b561406a805cb0f4eea13e7f25023caead8a8c72c13c34e8b6c66b66e
train,clustered,60,336,202611610336,7,614.881,train/clustered/n60/clustered_n60_0336.tsp,691c4e71c5e1cee990de4be8259c4fd76af21cadfb1285a29a66f73f201a21e4
train,clustered,60,337,202611610337,6,558.626,train/clustered/n60/clustered_n60_0337.tsp,e0d239b87b985338158c719f5679f424dcbe6e2b88f7a9aa1319fff2aa1e9a2d
train,clustered,60,338,202611610338,5,784.157,train/clustered/n60/clustered_n60_0338.tsp,4bbdfc99fa9669df775c952501a08068f05de50f37984b0926e51e5131c9875b
train,clustered,60,339,202611610339,4,557.612,train/clustered/n60/clustered_n60_0339.tsp,b706a2c090a52edba234c201076170b4ccc531118ae02e701e43ed37322250ec
train,clustered,60,340,202611610340,7,523.623,train/clustered/n60/clustered_n60_0340.tsp,7005037ed89ed45a43451cb3feef944f410cd722f68f3fece37b7479c05032be
train,clustered,60,341,202611610341,7,840.878,train/clustered/n60/clustered_n60_0341.tsp,3d8d08df5af4e319b9165c220568ac14b848c6a19438472f4ba702574e09ea6b
train,clustered,60,342,202611610342,7,729.677,train/clustered/n60/clustered_n60_0342.tsp,ebb58d78612bf17d48f78ab2b8391c6bda9da9879bf95faefbf999f8c8142140
train,clustered,60,343,202611610343,7,304.117,train/clustered/n60/clustered_n60_0343.tsp,2c37af05f39c7b3f3edd3a51afccee178869d75436f151c2707ea7e25a415f94
train,clustered,60,344,202611610344,5,526.179,train/clustered/n60/clustered_n60_0344.tsp,1e7332dd1a32bd9326a68cd947b131d9743594c5b353a2b6b536a76f59ee57c3
train,clustered,60,345,202611610345,6,666.97,train/clustered/n60/clustered_n60_0345.tsp,384351926e5f0b5722e561f115c715cae6b9437b1e4900f0664c26cd56db772b
train,clustered,60,346,202611610346,5,447.395,train/clustered/n60/clustered_n60_0346.tsp,f3d91ddc3d08585108a036202f4e9710747daee705e6449f24e371462da3392e
train,clustered,60,347,202611610347,4,693.608,train/clustered/n60/clustered_n60_0347.tsp,536263f4daf5a77f40be8b58d4319ab5aa029d9bf35b9fee226bd113e4f93273
train,clustered,60,348,202611610348,5,621.523,train/clustered/n60/clustered_n60_0348.tsp,166910d01a3b65f6a0770f2e7601a3b4829e8b40404e70b6f27bebbeeba7760c
train,clustered,60,349,202611610349,5,681.469,train/clustered/n60/clustered_n60_0349.tsp,4b337e4480e712a679a3ce7eb13a3053141fc8cc3c4832b468d76271929f649c
train,clustered,60,350,202611610350,7,452.898,train/clustered/n60/clustered_n60_0350.tsp,a452145137dc78b2c90a8d98bf5d541927f18c52ebf5948736f74421fb40a669
train,clustered,60,351,202611610351,5,508.286,train/clustered/n60/clustered_n60_0351.tsp,1a39dcfa4d4da6456376847ca9f7a3aff4dccfcf1c03c8e826045348a9268388
train,clustered,60,352,202611610352,5,570.627,train/clustered/n60/clustered_n60_0352.tsp,324820614ff251fbbfc9532b42217aeff68911baf1a71623368e9e34d6095b3b
train,clustered,60,353,202611610353,7,640.047,train/clustered/n60/clustered_n60_0353.tsp,02f735bfa1d4d9774b1047a53562a6e052c2e77d384a714b99dc15c4b9e466b9
train,clustered,60,354,202611610354,5,757.099,train/clustered/n60/clustered_n60_0354.tsp,f450407460941ed0bbffe370677717d6a56ce8c805e0a6daa9ac2216d64286ff
train,clustered,60,355,202611610355,4,346.534,train/clustered/n60/clustered_n60_0355.tsp,82156e51e3a2352b4be34e1cbd3829a5e679cfcb3af862643e0e3432646184f8
train,clustered,60,356,202611610356,5,824.077,train/clustered/n60/clustered_n60_0356.tsp,c2724f97e1528a2b91c29952447310c8b4f3c5e1d236080115bc4d100590d474
train,clustered,60,357,202611610357,7,377.85,train/clustered/n60/clustered_n60_0357.tsp,eebbf14a73ab4a18a04f1139706fa26ccd13a848a2ac7a509c3598e0847b274d
train,clustered,60,358,202611610358,7,422.153,train/clustered/n60/clustered_n60_0358.tsp,935a9ddb11c0901263e9147148297989b53da3aee77ae01750905a7d1ca52ca8
train,clustered,60,359,202611610359,6,647.894,train/clustered/n60/clustered_n60_0359.tsp,25df5b29666b01760eecfc6547d6d1fb196eef0000ce2877ff8e729638b24cb6
train,clustered,60,360,202611610360,5,452.28,train/clustered/n60/clustered_n60_0360.tsp,6051397266f1a6357307951f0f9e7a696b98dd019545830ac62cc21dbc903d3d
train,clustered,60,361,202611610361,4,734.714,train/clustered/n60/clustered_n60_0361.tsp,3e45d6b891003b299f47338499db45aeee36ad0bb74a7e09ad801802e44e69a1
train,clustered,60,362,202611610362,7,424.11,train/clustered/n60/clustered_n60_0362.tsp,31dd5755e351446f2f1c006830847e4f06dffda331f7dd8ada84c2395c4e4721
train,clustered,60,363,202611610363,4,505.897,train/clustered/n60/clustered_n60_0363.tsp,2c91f8b80b44ae26670b5961813518afc77321e322ba7f1e62b57dab2c603490
train,clustered,60,364,202611610364,7,317.772,train/clustered/n60/clustered_n60_0364.tsp,10da1a35d98701f20dba7d6deef2eeae6f9180ef51c7708aa9a02296f83c3e8e
train,clustered,60,365,202611610365,6,620.629,train/clustered/n60/clustered_n60_0365.tsp,6c4b18a91fef759b6435877c0ba345232d799859e52a6e7cc6a9b2e0657695c1
train,clustered,60,366,202611610366,5,300.783,train/clustered/n60/clustered_n60_0366.tsp,d40c2ed889aee9945c7317386f1cdb1203070da98b27a0f2f89a09b5c52767e2
train,clustered,60,367,202611610367,5,776.82,train/clustered/n60/clustered_n60_0367.tsp,0a6c802801aeb9caad2a506d9bd9eb651420573c443bf5c62983ac4241353abe
train,clustered,60,368,202611610368,7,505.752,train/clustered/n60/clustered_n60_0368.tsp,05d907bdd31a75feac3d2d21f24772d555b69a4d1846297ebd99141ec9db4b78
train,clustered,60,369,202611610369,6,643.071,train/clustered/n60/clustered_n60_0369.tsp,45a33f0ffbc2159431dad52b710a6c923eb0bf79b118d6cde8656930cc377337
train,clustered,60,370,202611610370,6,356.904,train/clustered/n60/clustered_n60_0370.tsp,39679fb506991e716924b90cc5ba01dba951e5ac8457deb5a84fe426409c6c67
train,clustered,60,371,202611610371,6,725.768,train/clustered/n60/clustered_n60_0371.tsp,6b38286822ca6a77bc10d089e4375ad70bb0300d6f6ec400fea86206d5c3227f
train,clustered,60,372,202611610372,4,517.206,train/clustered/n60/clustered_n60_0372.tsp,cdc6b3d812058a825ff4a85e15db6bfdcac746f925276acbbc9b28dcafe5c101
train,clustered,60,373,202611610373,6,333.67,train/clustered/n60/clustered_n60_0373.tsp,b6768e1789027edf9c4555ace42d4aba3f818dea0926151c9005f128c8965d7c
train,clustered,60,374,202611610374,4,814.479,train/clustered/n60/clustered_n60_0374.tsp,8a2642717b1e957a3c29819194714baf4555c9fd461cec9584db41e9d7c7759b
train,clustered,60,375,202611610375,4,624.343,train/clustered/n60/clustered_n60_0375.tsp,4569b9ded5fa6996d7c91dfa7317981238ecbd12638e0c36b00c25394070b94c
train,clustered,60,376,202611610376,6,584.502,train/clustered/n60/clustered_n60_0376.tsp,d7ae2479f7bf58001ef6f8b1cdccd06a0b3b843b3266362e294de45fe7716394
train,clustered,60,377,202611610377,6,625.238,train/clustered/n60/clustered_n60_0377.tsp,2ddf17573d57dfe7f9a40b03135bd9a273bb37f9f5b8efee99cbab368205f336
train,clustered,60,378,202611610378,6,502.628,train/clustered/n60/clustered_n60_0378.tsp,3b948f5117eddfa420cc1db4754e00230c8c1b6e0f2aee84c11b41a0ec7f98a6
train,clustered,60,379,202611610379,7,840.879,train/clustered/n60/clustered_n60_0379.tsp,fda0a20c187097afd7950de2869075bb6479801da762c59833d2d0c69ce74519
train,clustered,60,380,202611610380,7,690.845,train/clustered/n60/clustered_n60_0380.tsp,80c9a13e80f13b68bb51b1e18685d11e15a3cc7b3106a498628ab2ac0156486d
train,clustered,60,381,202611610381,6,581.473,train/clustered/n60/clustered_n60_0381.tsp,69a23b7e285293183bebfa51042b2f0a5e4360c50a36eaee28603b2151bd4130
train,clustered,60,382,202611610382,4,837.628,train/clustered/n60/clustered_n60_0382.tsp,63eefe2965925836e1959e583c7b8362fcae390b101c605675d8bc57908920ba
train,clustered,60,383,202611610383,6,700.813,train/clustered/n60/clustered_n60_0383.tsp,20ad20da10dd955ee54304910e6f9c8719c0f7d753de62ea3637bae37bd08d2d
train,clustered,60,384,202611610384,7,608.022,train/clustered/n60/clustered_n60_0384.tsp,2ac4f19b434b3d048a380025f9668f282a298b69d61710c9fd6b5caa10995d49
train,clustered,60,385,202611610385,5,384.329,train/clustered/n60/clustered_n60_0385.tsp,c49a8e4fad310019d9d4e6c693148adabe1dbef25222e7d98bd1d828c554ee77
train,clustered,60,386,202611610386,6,678.258,train/clustered/n60/clustered_n60_0386.tsp,e9843f95644d596fe9d6d885cf89e87ca34adc584f1c47c132f3bff38acbc9a2
train,clustered,60,387,202611610387,5,602.98,train/clustered/n60/clustered_n60_0387.tsp,53010592e5068bda9e5e537cbc00c913fd80d29f16b2e0dcdc90c04a5c352452
train,clustered,60,388,202611610388,5,569.805,train/clustered/n60/clustered_n60_0388.tsp,8da6a5105eebb969a16ad7d19167e945bd5a823fe62447ae57c71e5f1b8fa1de
train,clustered,60,389,202611610389,4,786.694,train/clustered/n60/clustered_n60_0389.tsp,d0e7e562091ac55842935f64a17355478922126b46a3e60563cf5ee23fa0138b
train,clustered,60,390,202611610390,6,389.774,train/clustered/n60/clustered_n60_0390.tsp,437e2b2d7d66dde040308070e47ad772176be23026d2a8a49324efbbf0638187
train,clustered,60,391,202611610391,4,620.262,train/clustered/n60/clustered_n60_0391.tsp,10aa0b80f1cd50569ff41bde2b3fc80955ff9206e88e9669b9453cf4782671d0
train,clustered,60,392,202611610392,4,667.791,train/clustered/n60/clustered_n60_0392.tsp,1ad8d9eb9d4b338bae6ed0199c658fd09c9ec7261a196ab35f4b084cc50b02c7
train,clustered,60,393,202611610393,7,715.182,train/clustered/n60/clustered_n60_0393.tsp,d04b6e94b4f7d1370523aaf00a28d82c45daf89c75e2b94e461281744de0d5e8
train,clustered,60,394,202611610394,5,849.897,train/clustered/n60/clustered_n60_0394.tsp,7b24252a540e6b76f7f7912f6a36a0d9fd81328c48a56a9228a83ede20c7f590
train,clustered,60,395,202611610395,4,684.242,train/clustered/n60/clustered_n60_0395.tsp,9c03812b283fe3baf162e27df49dc8606418c719736a678a3fef0b1539a0e4c6
train,clustered,60,396,202611610396,7,337.972,train/clustered/n60/clustered_n60_0396.tsp,a95aab7a542d6196802e7d7e757417404fe125ca6eee78acccf87a6e9f6dd89c
train,clustered,60,397,202611610397,5,642.492,train/clustered/n60/clustered_n60_0397.tsp,cb9b512e104173c8698d4bba4f524ad6c90d8a14bef72de9aa9027f1987c8fc9
train,clustered,60,398,202611610398,7,463.973,train/clustered/n60/clustered_n60_0398.tsp,4045e9ca789b46af3a18efbbaeadda6c3775e0fd1cee91297f5ee265886cb513
train,clustered,60,399,202611610399,5,383.197,train/clustered/n60/clustered_n60_0399.tsp,6367c373cad299e955d07e8f6193e6a47b96ce4ccf54b17163228189efdb6b99
train,clustered,60,400,202611610400,6,386.183,train/clustered/n60/clustered_n60_0400.tsp,79463e7de415c1144aee2f2a3f7d28f41e49d01b9208ce8b6d93aae805dab789
train,clustered,60,401,202611610401,7,448.72,train/clustered/n60/clustered_n60_0401.tsp,5040e048e4157e23f7b0c2c169f6821789c7bec485d8fa4ec56bfdee1322eab9
train,clustered,60,402,202611610402,6,559.6,train/clustered/n60/clustered_n60_0402.tsp,5cb6bc6491919de880de106ce5134115fbafcd7f35d7dc9eac343cdf9063ce39
train,clustered,60,403,202611610403,7,698.99,train/clustered/n60/clustered_n60_0403.tsp,169f426f827e423699af50ced53d3069cfac966c83e44395e535be56453545c9
train,clustered,60,404,202611610404,4,838.205,train/clustered/n60/clustered_n60_0404.tsp,72d6c5db220e087ab3d4b7385ff0a0180accfc5040980bb028f978b5638b6d8d
train,clustered,60,405,202611610405,5,641.266,train/clustered/n60/clustered_n60_0405.tsp,5f35098d9722bae4446e658830595796a77ade1a71feb2332552f775aae62544
train,clustered,60,406,202611610406,5,360.704,train/clustered/n60/clustered_n60_0406.tsp,e15b03a4f6e70a4257b8bfba5c5285a793b9122d74f277fcb250836274f463db
train,clustered,60,407,202611610407,4,823.743,train/clustered/n60/clustered_n60_0407.tsp,dc1f9831f48366bad9ed75c58dac516593b29ffe343569a0baeb18ff74bd09b7
train,clustered,60,408,202611610408,6,673.673,train/clustered/n60/clustered_n60_0408.tsp,f211ad52f28bb5ed80fe4f4cfc8cb7289b7fc28337d65fa134db898793bf4c4d
train,clustered,60,409,202611610409,6,425.61,train/clustered/n60/clustered_n60_0409.tsp,3f9654b19f0aa97e92e5358a97db143ef60c62469e1f8b5638490146f937aca0
train,clustered,60,410,202611610410,4,807.643,train/clustered/n60/clustered_n60_0410.tsp,54f6e459984143c19b925bd6fa47b90dd5a2e92422e3e25e875a4c63ee5025e3
train,clustered,60,411,202611610411,7,674.206,train/clustered/n60/clustered_n60_0411.tsp,57a28eb2355b3c14bf1373dff5aa924eb69ddae466b6fc2863c6f746a70c94c8
train,clustered,60,412,202611610412,5,591.263,train/clustered/n60/clustered_n60_0412.tsp,f67e40a30ba6f474ef5ab9039a9b8745506e7a9368f22147a95a1487f8ea8b6e
train,clustered,60,413,202611610413,7,338.945,train/clustered/n60/clustered_n60_0413.tsp,97314d429f6be542185e56aff95bd69e22db53cf455bb696109e58f3c20d7a39
train,clustered,60,414,202611610414,5,765.834,train/clustered/n60/clustered_n60_0414.tsp,add5a4c69ba3d25ae10439fcd8cfb27947d6e677f2a57879ecc486be008f4bf4
train,clustered,60,415,202611610415,7,442.916,train/clustered/n60/clustered_n60_0415.tsp,06520973f8eeeb6dfbef99f4062a9b4abf293ad467327aa73eae438310dbc3a5
train,clustered,60,416,202611610416,6,319.082,train/clustered/n60/clustered_n60_0416.tsp,8345af3b893d806038c96e90fcf086169c747bb20d4652e89f23b4fa7f07155c
train,clustered,60,417,202611610417,7,346.638,train/clustered/n60/clustered_n60_0417.tsp,f475183cc0833d7d773791a76f673b6abf22fb589f2ac7bef8ebcf29e9b81cd9
train,clustered,60,418,202611610418,6,590.546,train/clustered/n60/clustered_n60_0418.tsp,25123c13b0d911ff88af5f42fb7c3bdb28f5978716749d9ddd65039d8bc3c5d3
train,clustered,60,419,202611610419,5,715.04,train/clustered/n60/clustered_n60_0419.tsp,e4ad6dca760819c355bd6e845f03e7817d938514ef3d76437c5364907551129c
train,clustered,60,420,202611610420,6,840.766,train/clustered/n60/clustered_n60_0420.tsp,e07732dc790be39e3a626ff4ae5c20ca6a039b153bce448fc981b09155969db2
train,clustered,60,421,202611610421,6,314.728,train/clustered/n60/clustered_n60_0421.tsp,e7d510806eb23ef26f01b656c885883a2bfe2f5a90923e1e8b8963dfd604ddcc
train,clustered,60,422,202611610422,6,446.523,train/clustered/n60/clustered_n60_0422.tsp,1a6a7c63aa44569db8e89303422394550cf0f06728262a4fb00e257f10cd6f40
train,clustered,60,423,202611610423,6,374.531,train/clustered/n60/clustered_n60_0423.tsp,e2923ec7c110a9cc1c7e9961f921614d80a1100910f7b9d62d179d302c21b9b1
train,clustered,60,424,202611610424,4,419.336,train/clustered/n60/clustered_n60_0424.tsp,f438d695cc25b6e89f3521fd914efb0ecf6ee9964b77db0cbb94fd8267e7bc2e
train,clustered,60,425,202611610425,5,444.025,train/clustered/n60/clustered_n60_0425.tsp,d1936e4596893d3638cf96929bfd84cdfad1b725893ac5f0abd68a3593c47904
train,clustered,60,426,202611610426,4,554.22,train/clustered/n60/clustered_n60_0426.tsp,7a2ce76d55ccf98498fc8a0dbac5753b84b02c918d9ee940799615f4e7dbc7d7
train,clustered,60,427,202611610427,7,451.11,train/clustered/n60/clustered_n60_0427.tsp,51d1355e2ab2a735cc804e3e4142c238d1d0e515ddc16b5911d679731a0cf636
train,clustered,60,428,202611610428,7,562.607,train/clustered/n60/clustered_n60_0428.tsp,385a08857ff8ea367774f4566f98f348c706a9d0319b819d9686b0aea9b0d678
train,clustered,60,429,202611610429,4,649.25,train/clustered/n60/clustered_n60_0429.tsp,b9ea60d969200db28091a9aebda68872eae229ebe6d06297754a3c4ab7dccc0a
train,clustered,60,430,202611610430,7,635.529,train/clustered/n60/clustered_n60_0430.tsp,14eba66634fd43a35e3eb7f29657bdcd9a96d3c072dc62c3ebe2520427c2a2ce
train,clustered,60,431,202611610431,5,694.21,train/clustered/n60/clustered_n60_0431.tsp,fe952c3362396ce4c648cfe8d8c5ad0f7890522a0d88735ea23575ad3dc5983b
train,clustered,60,432,202611610432,6,472.803,train/clustered/n60/clustered_n60_0432.tsp,d27995c568fbfa7391847c752f7de845fe70116077571d7b0d444a0f98b8857b
train,clustered,60,433,202611610433,7,357.324,train/clustered/n60/clustered_n60_0433.tsp,3c57affea133b80369bc97208c755f39813b77ddaf719ec2a0fe1036decf4822
train,clustered,60,434,202611610434,4,640.168,train/clustered/n60/clustered_n60_0434.tsp,8ef286d6dd96e394fce518c0b452f1d5e2cb4532db8280d8849b3b91da2a264a
train,clustered,60,435,202611610435,6,468.757,train/clustered/n60/clustered_n60_0435.tsp,10a0bab27f3bee165d4dfe1ef400e12ca082915153f76c44ae325228f83013d7
train,clustered,60,436,202611610436,5,382.104,train/clustered/n60/clustered_n60_0436.tsp,1207368808f36f1a70b55ba6a7552e42a46e9c58a9b98d122d65a93a6f8bb57b
train,clustered,60,437,202611610437,4,582.876,train/clustered/n60/clustered_n60_0437.tsp,4f10381dee95a42c619692c4755b2b8b57ebde77bcc30d393d7d35ba1215b67f
train,clustered,60,438,202611610438,4,752.192,train/clustered/n60/clustered_n60_0438.tsp,2cfbe875c6dea51ce8d0ca8c5c78e48a19b5802137360badc4417a70c820aeeb
train,clustered,60,439,202611610439,4,357.753,train/clustered/n60/clustered_n60_0439.tsp,3a92adc76ababe2d8fde9db47e054e2637c7144767b375427580700dc098f010
train,clustered,60,440,202611610440,7,557.515,train/clustered/n60/clustered_n60_0440.tsp,e3d8ee1cf3f408a5c8de3827a13997b305f6adcbc3b39b97bf44f0c713ca783d
train,clustered,60,441,202611610441,4,659.852,train/clustered/n60/clustered_n60_0441.tsp,768a6de996409a6064ec15d1a1c0f03f3cc7bd2b1dd2408afb16acf34889267f
train,clustered,60,442,202611610442,7,428.144,train/clustered/n60/clustered_n60_0442.tsp,f206957335aa24123f9918fe6b3ba6a4e324d0014c94a4b952fa8ac2aa2db7ce
train,clustered,60,443,202611610443,7,532.784,train/clustered/n60/clustered_n60_0443.tsp,8f58277e123df14022196bddf4c47ef4268b89b96e8002f3525de1068f7b8926
train,clustered,60,444,202611610444,5,351.311,train/clustered/n60/clustered_n60_0444.tsp,258704310a901d06be6dac7fc20cd685bead497e64739b0d2d317564094d04d1
train,clustered,60,445,202611610445,6,609.888,train/clustered/n60/clustered_n60_0445.tsp,48db080f430d98b9b1f136f0a158738117dec372b39da90613db72190cfccea1
train,clustered,60,446,202611610446,6,818.172,train/clustered/n60/clustered_n60_0446.tsp,7d817144c20aaf9692e5f1def0f8a72140733f947b44727187274434d83e5495
train,clustered,60,447,202611610447,6,561.432,train/clustered/n60/clustered_n60_0447.tsp,6299a3dca45855a91d174dcfff820ef4b465b081f702b3fa03da29b72b55e01c
train,clustered,60,448,202611610448,5,325.447,train/clustered/n60/clustered_n60_0448.tsp,9068f838781745b6b5e7b00ba19948243c30c983ff15a9201a505fb0bd5b7287
train,clustered,60,449,202611610449,6,821.493,train/clustered/n60/clustered_n60_0449.tsp,52be2c148c1ac00d984b008852d8fd5aa9c5c77dfbac6959b53924db46158337
train,clustered,60,450,202611610450,4,393.034,train/clustered/n60/clustered_n60_0450.tsp,a3d772619b127c27c15f2068c450c6035294c0c966c885247f7baa2f37c25ffd
train,clustered,60,451,202611610451,6,654.962,train/clustered/n60/clustered_n60_0451.tsp,b227393720de60ac02ad22fc54773763012e1d9a90ccf564a4d7992da1e641b4
train,clustered,60,452,202611610452,4,672.949,train/clustered/n60/clustered_n60_0452.tsp,85ce2c950de2eb8cac9b619d654e81729219c6fc8ad8bb43ced3d9683edcfa8e
train,clustered,60,453,202611610453,5,612.86,train/clustered/n60/clustered_n60_0453.tsp,02636696fe789af266ea4477af417e25576286d06909da65412894dbc05250a4
train,clustered,60,454,202611610454,6,390.073,train/clustered/n60/clustered_n60_0454.tsp,a3e19afa2a5bd6408ccea28d81ce2bc7ede1a5ac9d17f896066acdd2f4ae23a2
train,clustered,60,455,202611610455,5,576.852,train/clustered/n60/clustered_n60_0455.tsp,85f81cc96a1dfbf31485c503174abbed2f603019ab67c7b746ff7a4f73b749ad
train,clustered,60,456,202611610456,6,585.049,train/clustered/n60/clustered_n60_0456.tsp,c9b2fe5e4e8b4d05364d13d6bf0cb031408449bdc3491394989d9328a2846003
train,clustered,60,457,202611610457,6,392.638,train/clustered/n60/clustered_n60_0457.tsp,248615a7ef904b3f15271da35662f77da3ff30c2d82706ef9ef3836728067ecf
train,clustered,60,458,202611610458,6,668.686,train/clustered/n60/clustered_n60_0458.tsp,165b6842c9713393864b78380e5a837e75a6ac8179d9e268c7eccb69955230cb
train,clustered,60,459,202611610459,4,473.067,train/clustered/n60/clustered_n60_0459.tsp,4a1475bf7d00c83dd7b7882300d4c50c0bdbe37ce0c89f02058cbaf90bb95a8b
train,clustered,60,460,202611610460,4,443.615,train/clustered/n60/clustered_n60_0460.tsp,7835716a7145e754f657388895e4091d13800b816e035ddafe5cf501e154a451
train,clustered,60,461,202611610461,7,443.413,train/clustered/n60/clustered_n60_0461.tsp,96ed90d6c2cb29157bbdc55bcacdbbd3b1eb0a5d6036414f71be5fbf2ecdb35e
train,clustered,60,462,202611610462,6,822.357,train/clustered/n60/clustered_n60_0462.tsp,744c43e195d6eb9e03fa5189e926be22d263549c2a79dc9617c117a532728963
train,clustered,60,463,202611610463,4,808.52,train/clustered/n60/clustered_n60_0463.tsp,344766db3d6d1b4de68234a208e7c2abf9be5489252d2f33e0a9bafc082a5643
train,clustered,60,464,202611610464,7,785.456,train/clustered/n60/clustered_n60_0464.tsp,3ef096b408f85e493633dc0bd83b5ab4561fd8f055852a755f87d152ed673bfc
train,clustered,60,465,202611610465,6,520.575,train/clustered/n60/clustered_n60_0465.tsp,dbe749896c1fc2d859ea2e32a793ce8f6779929d9ac62b34eb5a5bdb259471f2
train,clustered,60,466,202611610466,5,456.436,train/clustered/n60/clustered_n60_0466.tsp,a124b6b256861813730572e8f2da941972ff4f180bd815e3fefd6a141be04e4d
train,clustered,60,467,202611610467,6,391.606,train/clustered/n60/clustered_n60_0467.tsp,1577907aa1701b9eee4274a8c261d625d7f1e85f313725501d29197d2c17ea67
train,clustered,60,468,202611610468,6,604.452,train/clustered/n60/clustered_n60_0468.tsp,9f30e9f7a605fbd17e4ec747104a063c9b3de056a6a9755f17d271bf369c2b12
train,clustered,60,469,202611610469,7,480.441,train/clustered/n60/clustered_n60_0469.tsp,07200813deb2547f003c26186ed6d35d259289a3a9eb74f6a6bc318d4fa05ff4
train,clustered,60,470,202611610470,6,402.054,train/clustered/n60/clustered_n60_0470.tsp,26124896440ddfd4187ee5bdcaca61420bcf31c49b15f9c74b4cd4ab7f8a6b7c
train,clustered,60,471,202611610471,7,603.108,train/clustered/n60/clustered_n60_0471.tsp,3ea9a1ca3ae23d637978782da4ea9e24b227e14b4030dcadc514cc0faba75407
train,clustered,60,472,202611610472,6,689.78,train/clustered/n60/clustered_n60_0472.tsp,f9ed03488a9f737783b155a6ea8a1cf960c6c8821435b7e0d49d3e9698e5efb1
train,clustered,60,473,202611610473,4,432.468,train/clustered/n60/clustered_n60_0473.tsp,df2efa1aea74ec13b4a0fbf7733e59f6bd352502b44c8e6ad74641620ee08b4d
train,clustered,60,474,202611610474,7,773.046,train/clustered/n60/clustered_n60_0474.tsp,cd756c8fbe92638151143543950f4bbdc8caa142c6021b7ba0a89802ffcf666d
train,clustered,60,475,202611610475,5,722.068,train/clustered/n60/clustered_n60_0475.tsp,026bf8ff37ce46ed4d92c9b330ab4021d6f0777e199d9e9feed4b0bae26b47c2
train,clustered,60,476,202611610476,7,470.306,train/clustered/n60/clustered_n60_0476.tsp,de54d7882453ecbc76d88feb68b4ffddbdf93153daf246f98c1f5816242ce6c0
train,clustered,60,477,202611610477,4,535.018,train/clustered/n60/clustered_n60_0477.tsp,4cda04afcad45e44ac548f2f3240fa5f3b8c27eab0c70517ad842dca37ed9208
train,clustered,60,478,202611610478,6,346.273,train/clustered/n60/clustered_n60_0478.tsp,06ff70d71fc1929335c47ec4336fa1651bd5f10a96d445b6cee988611d633f76
train,clustered,60,479,202611610479,4,501.73,train/clustered/n60/clustered_n60_0479.tsp,c3d8323b3b98495e03c937ad5fdafdb4240fc2280f7d3462446bb0279d16174e
train,clustered,60,480,202611610480,7,695.687,train/clustered/n60/clustered_n60_0480.tsp,807e88636e686d7ec9a5c3ca567d0b8483cd180cb596c77d0e0330acb6ed1dba
train,clustered,60,481,202611610481,7,430.253,train/clustered/n60/clustered_n60_0481.tsp,231e9061f0966b423ced1d3e3ce026bbc939be3dbac8f66c6027d8b1cd3ef317
train,clustered,60,482,202611610482,5,389.745,train/clustered/n60/clustered_n60_0482.tsp,adc352719c8fa1d4cab20183e3183d7e6ded2707b2118c854ca374b468d79029
train,clustered,60,483,202611610483,4,776.919,train/clustered/n60/clustered_n60_0483.tsp,fc2ee4e457949b7fc8f6fa93a224f5f94b973a821fb7dc7c3888627d2f72e89b
train,clustered,60,484,202611610484,5,794.449,train/clustered/n60/clustered_n60_0484.tsp,b530e37989d9aa6d08176dc356d352402136d496843156e963171a2a82963548
train,clustered,60,485,202611610485,4,664.888,train/clustered/n60/clustered_n60_0485.tsp,466ba40a9a3d0b6379a3485d46218849cd9b531cba7e30179466a66f1e33e722
train,clustered,60,486,202611610486,4,699.472,train/clustered/n60/clustered_n60_0486.tsp,87a084b567b029846da01c949cecc97c90d16c36f2b35b11b7ac24d0274df779
train,clustered,60,487,202611610487,6,605.638,train/clustered/n60/clustered_n60_0487.tsp,50e81020b463a06c26c81a18a1c93145c4d34379ce1f841df18d3bb7da78f6e3
train,clustered,60,488,202611610488,7,517.253,train/clustered/n60/clustered_n60_0488.tsp,663568cd7d73cfe73395dfb8a758c6c4bb9356161c9a51c087c9c208a1942157
train,clustered,60,489,202611610489,6,533.517,train/clustered/n60/clustered_n60_0489.tsp,0b946ebbdf02a25091d5fe28d5abaaf798afb0fe481ee935f7c3d850a98572cb
train,clustered,60,490,202611610490,4,655.725,train/clustered/n60/clustered_n60_0490.tsp,dd1792509943f0d466599b5279666433acb72a3fc39b5ec41ad94c6e25b7a5ba
train,clustered,60,491,202611610491,7,541.613,train/clustered/n60/clustered_n60_0491.tsp,89e33826dd04e1bdf822edb67de830694776543b1022087cd716127b7bbf9826
train,clustered,60,492,202611610492,7,740.432,train/clustered/n60/clustered_n60_0492.tsp,63b39b2359eacdf1aa48e7a8e692553700d696b32bb2f03d6dc33d3eb7bbeca0
train,clustered,60,493,202611610493,5,561.9,train/clustered/n60/clustered_n60_0493.tsp,299ec383088f83f863dd8379b07d24d8a6d5ed222d2f408acdc9accd2f29d6d7
train,clustered,60,494,202611610494,7,543.356,train/clustered/n60/clustered_n60_0494.tsp,56bcfcec711d85080a05832f136cf958f046218d0f92d8448195a18510a50dd3
train,clustered,60,495,202611610495,4,303.413,train/clustered/n60/clustered_n60_0495.tsp,b6813297eba500c843496ddcdc924f50153f61e1b3e2529c1ba9d4fa71ed6ee4
train,clustered,60,496,202611610496,5,693.997,train/clustered/n60/clustered_n60_0496.tsp,b36a98c2cbf1e0df346df60dffa26ca1c71d74cd9cc9b29f510121fe689164e3
train,clustered,60,497,202611610497,4,675.953,train/clustered/n60/clustered_n60_0497.tsp,d63ba0ba9d26c3c7ad64eae8b541876a58e6a7a5c939a36bbcaae29e725518a8
train,clustered,60,498,202611610498,5,336.839,train/clustered/n60/clustered_n60_0498.tsp,8462cd07be2e553075bd2bf212847fc33a97f4c84ee02d562eae8bef52723c17
train,clustered,60,499,202611610499,5,797.146,train/clustered/n60/clustered_n60_0499.tsp,1c435e6aa668ce5fa97fc9b602ca896fa3ed16bfdb8a9d8eae84e75b1a597de9
validation,uniform,10,0,202700090000,0,,validation/uniform/n10/uniform_n10_0000.tsp,355b4a4332548bec91da4caf86885923a05f2dcb32ec567bae9b02371e0b50c8
validation,uniform,10,1,202700090001,0,,validation/uniform/n10/uniform_n10_0001.tsp,7910407a4655e355ec0b356ab392c200fb45c4fa35131ca5d7a9d0c424dfae03
validation,uniform,10,2,202700090002,0,,validation/uniform/n10/uniform_n10_0002.tsp,6443cce9c40eab7a0fafc24e4630cc5b3e47f1e4f3cb29b5effc9da559022782
validation,uniform,10,3,202700090003,0,,validation/uniform/n10/uniform_n10_0003.tsp,38af996862a2aa8ba8d974780093b8c34315331cb5b09636d920b9d39551f7ca
validation,uniform,10,4,202700090004,0,,validation/uniform/n10/uniform_n10_0004.tsp,3bac58bbff670c8989ed68cb4467a470d9ea4335af95519bb64a28bdcc4f3bb0
validation,uniform,10,5,202700090005,0,,validation/uniform/n10/uniform_n10_0005.tsp,511171da0310977791b656680993ae72afa7e5212c8dfb50e2d63e53d2d29416
validation,uniform,10,6,202700090006,0,,validation/uniform/n10/uniform_n10_0006.tsp,f16ebef40dcc6bb7b92e55864b60d873cdac8fe8fb9e90328f0afa80eb83e0e7
validation,uniform,10,7,202700090007,0,,validation/uniform/n10/uniform_n10_0007.tsp,8fa56593cd554301eb0ca12ccd2683752bf71eb29a65a017f39244d8525b2114
validation,uniform,10,8,202700090008,0,,validation/uniform/n10/uniform_n10_0008.tsp,0d93b6a5f4e374be258363e1e93678224238cd5c966a7e49da46eb603d76a3b2
validation,uniform,10,9,202700090009,0,,validation/uniform/n10/uniform_n10_0009.tsp,e3aae9e51d53aabb430e9b8cbb8a1ea2234a19b1d3c97389c35bf2fa57d9617a
validation,uniform,10,10,202700090010,0,,validation/uniform/n10/uniform_n10_0010.tsp,1b4bd83cc9d14f86ea7e587de80e64bb7c0141eb4977d87c2ddcc3d1e1664e32
validation,uniform,10,11,202700090011,0,,validation/uniform/n10/uniform_n10_0011.tsp,b00b70df2294e175766a262ddb9bd4a5d2a81207203a6ff35e8335732b86403b
validation,uniform,10,12,202700090012,0,,validation/uniform/n10/uniform_n10_0012.tsp,9129170e882b2640c546e56d286b1c9b1ace2264b40b6f59e82bc33a1a513867
validation,uniform,10,13,202700090013,0,,validation/uniform/n10/uniform_n10_0013.tsp,545915f4e08a408548942ac89d7279c7b068e021126d90b43fd2d348d86754c0
validation,uniform,10,14,202700090014,0,,validation/uniform/n10/uniform_n10_0014.tsp,af65db57b7a238d330cb2f4889c6b92545d45b015765e37e13f9244b2f235f04
validation,uniform,10,15,202700090015,0,,validation/uniform/n10/uniform_n10_0015.tsp,3d45ca8befa6bc35bb04de786907eeacd6ee57ca4ab2e8786a54d9263e9eadaf
validation,uniform,10,16,202700090016,0,,validation/uniform/n10/uniform_n10_0016.tsp,a9b0c3eaefa6a80e417c65e89859e8f83707e99c161d5712739af244b44fdb72
validation,uniform,10,17,202700090017,0,,validation/uniform/n10/uniform_n10_0017.tsp,9ffdb81c01d7a906b1a781985ed16f973db18709a43bf5e532cf58c8e92cf278
validation,uniform,10,18,202700090018,0,,validation/uniform/n10/uniform_n10_0018.tsp,0dbac0a1b659103ced5742104114976589840bcacc0bce2ae07ec433633de62e
validation,uniform,10,19,202700090019,0,,validation/uniform/n10/uniform_n10_0019.tsp,de7cc9befd12916cd8196d1695fc81c3448d16da082aa1b08dfef37da052ed6a
validation,uniform,10,20,202700090020,0,,validation/uniform/n10/uniform_n10_0020.tsp,86f8fa47fbb32aae4e426695551a6f303383cea0e9f4fc6e60af685eb0fafeb8
validation,uniform,10,21,202700090021,0,,validation/uniform/n10/uniform_n10_0021.tsp,31e1592dfc243c3efe022c9a4a0887c0c0ed27e101938d22525ee6681b841fee
validation,uniform,10,22,202700090022,0,,validation/uniform/n10/uniform_n10_0022.tsp,9bfc6fdc0d96cb11d208b8cfafbef68ddd95ff1870bf0c3a8c15520f0ad7190c
validation,uniform,10,23,202700090023,0,,validation/uniform/n10/uniform_n10_0023.tsp,7652cb00216eca6f5b67313af03e9fdf2de0f863a7bbd952dfc8de0ef47bce0a
validation,uniform,10,24,202700090024,0,,validation/uniform/n10/uniform_n10_0024.tsp,2c78e53e4c701da272b9a231178e76bef2f8ef3d3b1e2fa036d9a7c54c436ef6
validation,uniform,10,25,202700090025,0,,validation/uniform/n10/uniform_n10_0025.tsp,a3f3c646028b1e3c1cc869ee6035e381dbe7b831eb63e1a9adef7c3d110a73c0
validation,uniform,10,26,202700090026,0,,validation/uniform/n10/uniform_n10_0026.tsp,a6afd427020f8fde991d86a69ea8cc11ea1c23faa58379f57fd90ae660d7d55d
validation,uniform,10,27,202700090027,0,,validation/uniform/n10/uniform_n10_0027.tsp,c4c171c5011f08881d2d1d1aa60983c11db7f4d46b24fe7fe9d496bdc07547bb
validation,uniform,10,28,202700090028,0,,validation/uniform/n10/uniform_n10_0028.tsp,2a2025dde6d84743d2f27c15f19cdd0e4cd4f69462941c9dbb2803cefea069dd
validation,uniform,10,29,202700090029,0,,validation/uniform/n10/uniform_n10_0029.tsp,a288bca701d5206487c0448992add21fa8970da7806ac211a1ba007d7ab6f02b
validation,uniform,10,30,202700090030,0,,validation/uniform/n10/uniform_n10_0030.tsp,64b91cfeb69e9f6c01ee087b6fce52bc03aa01489cc92cf9351faaa3d6ecfe7d
validation,uniform,10,31,202700090031,0,,validation/uniform/n10/uniform_n10_0031.tsp,c33cfda61cdf89b79d80b40ddbf8431d5ced343ca836c3b74ea3715f067f3104
validation,uniform,10,32,202700090032,0,,validation/uniform/n10/uniform_n10_0032.tsp,bb59513d36b9b5e84b001d1b77d145df850dd689f4e53f8d1f3cdcaf1337d6cf
validation,uniform,10,33,202700090033,0,,validation/uniform/n10/uniform_n10_0033.tsp,637e433c6b127be744cd475ac37ddbdab0a9d0832ad55710895827ea0aef634e
validation,uniform,10,34,202700090034,0,,validation/uniform/n10/uniform_n10_0034.tsp,facbce33953d4ac597001d8af908a4b99e87d3b2381894cf70e4866a668fab8e
validation,uniform,10,35,202700090035,0,,validation/uniform/n10/uniform_n10_0035.tsp,657b2de82e1d404c0c7b89893f2af075eac186a04137aaec51c1d2f89aaa5b9e
validation,uniform,10,36,202700090036,0,,validation/uniform/n10/uniform_n10_0036.tsp,ee5fe351bc4a346aace6bd33c0d600c81a6bc276476bb0d4091fedacae02cb84
validation,uniform,10,37,202700090037,0,,validation/uniform/n10/uniform_n10_0037.tsp,16d3deb962258c650891872d77c24cd50f06d63f33b2849f7e4fc9373d039268
validation,uniform,10,38,202700090038,0,,validation/uniform/n10/uniform_n10_0038.tsp,f663ae695728c9cbf1191b3d1fa977b576cbbb2ea2f84bfb799498f6f9750471
validation,uniform,10,39,202700090039,0,,validation/uniform/n10/uniform_n10_0039.tsp,0b3ae757f8d5b70eba7c73fdcc6296ed692b636ebf5044a0908ae9db1a3522e2
validation,uniform,10,40,202700090040,0,,validation/uniform/n10/uniform_n10_0040.tsp,5e7cdaf037ff25af7f4b43017ad5d1efa8a95984df050f1fbadd7412b8f4c3d6
validation,uniform,10,41,202700090041,0,,validation/uniform/n10/uniform_n10_0041.tsp,49303279882002f9c22adc7983c0893ad9170769e5959fa8a15082462cbd34e1
validation,uniform,10,42,202700090042,0,,validation/uniform/n10/uniform_n10_0042.tsp,cf65922be6c8ad0b027efa10b07c7258086330e1c602f6e5c1828b09808ac297
validation,uniform,10,43,202700090043,0,,validation/uniform/n10/uniform_n10_0043.tsp,0a4a9540b29d62293067b9ded0e79fd4393639261e527e784ac7cc7b0bf4e51d
validation,uniform,10,44,202700090044,0,,validation/uniform/n10/uniform_n10_0044.tsp,a441287ffabfd208f9128536b9e96be3221392ec9ceacfe385f936bff27c8950
validation,uniform,10,45,202700090045,0,,validation/uniform/n10/uniform_n10_0045.tsp,1980991029c3f6a014781b4706da5ed4c9c59a48cee34f3901dc6d0944c4fa35
validation,uniform,10,46,202700090046,0,,validation/uniform/n10/uniform_n10_0046.tsp,b47eee9249918e7a915827489e72b97c38eb77adeb1986d71f4e5a6ec8f7fdb2
validation,uniform,10,47,202700090047,0,,validation/uniform/n10/uniform_n10_0047.tsp,d4e80a46b80490fb65f9134e954f51d5e173fecb5d596fe4d6f2d84f3ea1dc46
validation,uniform,10,48,202700090048,0,,validation/uniform/n10/uniform_n10_0048.tsp,f9769e6d0783dc397d69f4712d126d814cbaf1a5df3217eedf18e46ac342cd8f
validation,uniform,10,49,202700090049,0,,validation/uniform/n10/uniform_n10_0049.tsp,61e51012b8a729b7be6b363136ec8be9b8414b0973606e93addb4c830ab2390b
validation,uniform,10,50,202700090050,0,,validation/uniform/n10/uniform_n10_0050.tsp,6a8d782ea653c1f662700fb22fd95f16c3b43c615ef48217f091b122be262346
validation,uniform,10,51,202700090051,0,,validation/uniform/n10/uniform_n10_0051.tsp,8a84429f4404f2db1886f1e482d91d30e7ec5759cf09b81d8b3511a40b6cd756
validation,uniform,10,52,202700090052,0,,validation/uniform/n10/uniform_n10_0052.tsp,4f30c348a514ad47790775a7c5a0d4c959c0eaf22fb70e6f74eafb6f54a5a827
validation,uniform,10,53,202700090053,0,,validation/uniform/n10/uniform_n10_0053.tsp,5bbceac2d2ebb5abc3cc164a88e9a908439a57f58f549ef31465175bd05e8f63
validation,uniform,10,54,202700090054,0,,validation/uniform/n10/uniform_n10_0054.tsp,9b9c885d5ccd7133828955c7978d1ea0c506fd20e6fd83d555ee9a92ae817dc9
validation,uniform,10,55,202700090055,0,,validation/uniform/n10/uniform_n10_0055.tsp,e087b9bb2f614876fab50e145d6f465869b70d80152fc56a10363a62bf7f870d
validation,uniform,10,56,202700090056,0,,validation/uniform/n10/uniform_n10_0056.tsp,464933495b43f47ecbf5fe16bb5206c50af710b09eaac933c630d2179a90b553
validation,uniform,10,57,202700090057,0,,validation/uniform/n10/uniform_n10_0057.tsp,2014c58a9d1d561225993ae13ea9c810c56693d0983ac8b41b8c58ade52b4caf
validation,uniform,10,58,202700090058,0,,validation/uniform/n10/uniform_n10_0058.tsp,b762ec6bd4ab9572ac501865bb53084e29e4364e8ba8203ec330f45d412e5000
validation,uniform,10,59,202700090059,0,,validation/uniform/n10/uniform_n10_0059.tsp,6ab85398918cb32a06031b4f7650d6f2b7ee1e7cae5e0b92745d25705e015fdf
validation,uniform,10,60,202700090060,0,,validation/uniform/n10/uniform_n10_0060.tsp,14d80abad9f9820be9c4329deabb1ce1dcaa0c123716a079e53bef53070bcd85
validation,uniform,10,61,202700090061,0,,validation/uniform/n10/uniform_n10_0061.tsp,fa2cad143328f742d328720b2d298a4c3ac87a8a686e6c0df0aef882c7ca0ea7
validation,uniform,10,62,202700090062,0,,validation/uniform/n10/uniform_n10_0062.tsp,624c4a66f6f58db228c4970a3f1016aa58b5e05aad79e356712dd51ad988202b
validation,uniform,10,63,202700090063,0,,validation/uniform/n10/uniform_n10_0063.tsp,a9aea05dcaf098e32e24ca05c3b78aabe91ee9d5b5b3e2dafe730513bbd1be1d
validation,uniform,10,64,202700090064,0,,validation/uniform/n10/uniform_n10_0064.tsp,2634b9d10dfd5cb28d04fd3bcd2c48b009a355d81fd8fda558c6f9699b01fc0f
validation,uniform,10,65,202700090065,0,,validation/uniform/n10/uniform_n10_0065.tsp,fc2230d63b6a62e7c129cace7360a10bd0ab2554b94743348cf814ddb7282919
validation,uniform,10,66,202700090066,0,,validation/uniform/n10/uniform_n10_0066.tsp,0001557407d156a9a00470f2553f0693b2864fd04990e4b11db91bfb3478da66
validation,uniform,10,67,202700090067,0,,validation/uniform/n10/uniform_n10_0067.tsp,f453adee714454b517a24e6ce5c42df5e8c5c07f662e7fbff9d0b9083a6233d1
validation,uniform,10,68,202700090068,0,,validation/uniform/n10/uniform_n10_0068.tsp,82a8eb74283c80d7abcb448e0bdea095e5685bf28ed6a7fea79c506c29591cca
validation,uniform,10,69,202700090069,0,,validation/uniform/n10/uniform_n10_0069.tsp,576e886511fa423c18d3ba2b3765e16477ded5aef2e87385f51c299f6f1d2dfd
validation,uniform,10,70,202700090070,0,,validation/uniform/n10/uniform_n10_0070.tsp,ea989961775513a499c7420a0eb7856116a96df0122a3c590c22a61291e25a2a
validation,uniform,10,71,202700090071,0,,validation/uniform/n10/uniform_n10_0071.tsp,45f486efe5430935593ba41d662e9101202cb759d0f50f9ca188414fd9efba6d
validation,uniform,10,72,202700090072,0,,validation/uniform/n10/uniform_n10_0072.tsp,9279f955f8706bd67e9366acee2691da16331ce306b52476ff00e5046b833a80
validation,uniform,10,73,202700090073,0,,validation/uniform/n10/uniform_n10_0073.tsp,086c8f43236db9cd2de026f8a16d62af65506512b3a7edd3556e8af708cd5c60
validation,uniform,10,74,202700090074,0,,validation/uniform/n10/uniform_n10_0074.tsp,78c2aa62ff8878dec65492b9bfc7f65d49a4327ec17240d98e2cc2e1b5743f9c
validation,uniform,10,75,202700090075,0,,validation/uniform/n10/uniform_n10_0075.tsp,68d50e8368c783fdadd4748d926ebfd97336cd2c03e50a3d0093d4d51c16cb2e
validation,uniform,10,76,202700090076,0,,validation/uniform/n10/uniform_n10_0076.tsp,f6b25f40392c0428a7b2e037032c227f1b6723460d58e4b086e46af705c59bfb
validation,uniform,10,77,202700090077,0,,validation/uniform/n10/uniform_n10_0077.tsp,d1447da481b38cdfac1061427e304e5b8103ea994c668fa5fe1d7153076477ec
validation,uniform,10,78,202700090078,0,,validation/uniform/n10/uniform_n10_0078.tsp,551399cf9f8052c1b423013e1fdf9f2fe5cc61474ece3dc3f1ea87892d064fff
validation,uniform,10,79,202700090079,0,,validation/uniform/n10/uniform_n10_0079.tsp,9f4dade7b4e800c2f08c94569b78202c0d7a40b76a9dbbd99a6333bf5bc110d9
validation,uniform,10,80,202700090080,0,,validation/uniform/n10/uniform_n10_0080.tsp,1c27d429237f4e1f901c6394c8237566be4c3dad442e4c65fa0d52185b0a124e
validation,uniform,10,81,202700090081,0,,validation/uniform/n10/uniform_n10_0081.tsp,3202ce2bbc6fe6fd19560279e42abf139e038b256d6eb4a8e049f980eb8c75c2
validation,uniform,10,82,202700090082,0,,validation/uniform/n10/uniform_n10_0082.tsp,1ac8d9241a3cef34e727f618be6a9cafd0aa68b17bb598ea40de9ff56434ddca
validation,uniform,10,83,202700090083,0,,validation/uniform/n10/uniform_n10_0083.tsp,9372c6d5529f38b00e2d087a8dfb41099d3184fb147e6423511595228a3fc98a
validation,uniform,10,84,202700090084,0,,validation/uniform/n10/uniform_n10_0084.tsp,bea201c0c0390c17cdf2aecb13ce20868944c9e6ad7b9342598111f888e71d0f
validation,uniform,10,85,202700090085,0,,validation/uniform/n10/uniform_n10_0085.tsp,4424de7bbb3498303fcacea086bed35259d21c445b9dab11b8818b1f1fd04ec2
validation,uniform,10,86,202700090086,0,,validation/uniform/n10/uniform_n10_0086.tsp,6936fe1bb48e7a19e10371ee4f9c18357b7592ed5dac91ae35b239121a78f326
validation,uniform,10,87,202700090087,0,,validation/uniform/n10/uniform_n10_0087.tsp,a00e08c363bdd0e90d35f1d8a9db7ddb2a54104210478581c5fb4bd9826dbb54
validation,uniform,10,88,202700090088,0,,validation/uniform/n10/uniform_n10_0088.tsp,df2f9137a317f900a8e3cea2ffcdcbe57b37604a1a49664c61fe0b3e347dec36
validation,uniform,10,89,202700090089,0,,validation/uniform/n10/uniform_n10_0089.tsp,cb08c143f2eb759137f9a4863e8608f474115cb5707f52f8dc4f84af1c1736ec
validation,uniform,10,90,202700090090,0,,validation/uniform/n10/uniform_n10_0090.tsp,98735edd083d1dc9e31cd943c4c0c61210fff35631f751c33a1b90514c67324b
validation,uniform,10,91,202700090091,0,,validation/uniform/n10/uniform_n10_0091.tsp,3f7d51cded382f9fbaf037a92d9b7143973055c29d3940023c1859dd085ae10a
validation,uniform,10,92,202700090092,0,,validation/uniform/n10/uniform_n10_0092.tsp,e3e773d2d199dd920ed95744137f41e2dcc21cc9a55fd4b24ef2f2e88b550a85
validation,uniform,10,93,202700090093,0,,validation/uniform/n10/uniform_n10_0093.tsp,47b5ab137c9a239be8e46d455108725654a58e8e4c819f93a4a4b4b451f641c2
validation,uniform,10,94,202700090094,0,,validation/uniform/n10/uniform_n10_0094.tsp,07239278664b7565bad32b1ecde7c41b4a9e097f67f623a7e59626cb42cad702
validation,uniform,10,95,202700090095,0,,validation/uniform/n10/uniform_n10_0095.tsp,3b25762991eae5092d08302f1575b6a5995f18309bc2104b47a4b5e2c5d8db3e
validation,uniform,10,96,202700090096,0,,validation/uniform/n10/uniform_n10_0096.tsp,aee25a3f309a7dadd0f4550000a11ee624cf0a1bbe60fe6deb994c79b5ae8494
validation,uniform,10,97,202700090097,0,,validation/uniform/n10/uniform_n10_0097.tsp,adb2904b144b35103cfd40e98c1d89ad08bf2e72fc8dfb1f5e0e52ba9e257926
validation,uniform,10,98,202700090098,0,,validation/uniform/n10/uniform_n10_0098.tsp,35d793b33ba1fd4d499b9898f403a4c08a3f3f32b6d586c5f0d0b87009808032
validation,uniform,10,99,202700090099,0,,validation/uniform/n10/uniform_n10_0099.tsp,3be931e1f0c650c15c4971e6ecd49f85cfa7167b020e92426427926a6db24912
validation,uniform,20,0,202700190000,0,,validation/uniform/n20/uniform_n20_0000.tsp,a6950171f0bfd14e6a7b960337e8388d1471754e155b24b76a5605c665a1273c
validation,uniform,20,1,202700190001,0,,validation/uniform/n20/uniform_n20_0001.tsp,d453c02b24d4a39c5f3c3661e0c243aab0b766c535e4c1720f78bd7cb284def5
validation,uniform,20,2,202700190002,0,,validation/uniform/n20/uniform_n20_0002.tsp,8e3f74b0f9a64ddaa79ee9dff011d68743adcc37117a7976ab16323a9c36575b
validation,uniform,20,3,202700190003,0,,validation/uniform/n20/uniform_n20_0003.tsp,326005819bc8e58b5a3986f760e6b4dc94f8f26101c89b839319aa9f8ce4f655
validation,uniform,20,4,202700190004,0,,validation/uniform/n20/uniform_n20_0004.tsp,7abb4250382e4d1b486cf82d090b3494bde7f0cd195a9a213b30b1ca5cd9088d
validation,uniform,20,5,202700190005,0,,validation/uniform/n20/uniform_n20_0005.tsp,a38f979c8c3e6d81d0061e884d6ffb4021250aaa0d81fc7f4ba254f95a56e553
validation,uniform,20,6,202700190006,0,,validation/uniform/n20/uniform_n20_0006.tsp,4a2e434c6467f82a430f6807958e7ee7afc4775bd77d787e59a4318ffcb44ecc
validation,uniform,20,7,202700190007,0,,validation/uniform/n20/uniform_n20_0007.tsp,dd8564b03c75807bee3b1e95981641402054a8e59c224c9515bf81418e9ac1a0
validation,uniform,20,8,202700190008,0,,validation/uniform/n20/uniform_n20_0008.tsp,6bffcc1efbf80da8c758794804e00cf8bbdf864c3f382e03a7ce6b6515b1c7b6
validation,uniform,20,9,202700190009,0,,validation/uniform/n20/uniform_n20_0009.tsp,66dd55dc640cb53872392b4b7bdaadc0aba4a8f7917e4ba3c80ce632a89d7480
validation,uniform,20,10,202700190010,0,,validation/uniform/n20/uniform_n20_0010.tsp,6783d7c3d70c320f770352b4d18de2393ba205b2d17ae63898276c9e60d38cdd
validation,uniform,20,11,202700190011,0,,validation/uniform/n20/uniform_n20_0011.tsp,8cfdd1ede130639bfa4875a9aa025b243c01047af6493484949f12e3e29adad3
validation,uniform,20,12,202700190012,0,,validation/uniform/n20/uniform_n20_0012.tsp,3a34fccf5871235fdbbaa7d47cc53d2d8443340b7009a7a9899a4ea199410f9b
validation,uniform,20,13,202700190013,0,,validation/uniform/n20/uniform_n20_0013.tsp,01104586a026b2bd849bd9906caa93e71c1130dc9e62fc48e69b6de1d19f89ac
validation,uniform,20,14,202700190014,0,,validation/uniform/n20/uniform_n20_0014.tsp,246934852bc200f3b6bc4f41d517e592a31e77eff56da93bdda60db8cf84b51c
validation,uniform,20,15,202700190015,0,,validation/uniform/n20/uniform_n20_0015.tsp,eb8005566f95d8707ca88e2ce659990bea094dbabb9f4b6943230037c475d00f
validation,uniform,20,16,202700190016,0,,validation/uniform/n20/uniform_n20_0016.tsp,7bed25f89b40f712e68953a702386dcf60e19c9cbc89750497bd93a2387672b0
validation,uniform,20,17,202700190017,0,,validation/uniform/n20/uniform_n20_0017.tsp,845a9b05de788eb51532f3f30761b27cf2e2ff15a5e5399c18dbc943c2f7523e
validation,uniform,20,18,202700190018,0,,validation/uniform/n20/uniform_n20_0018.tsp,257909a07f28c0e993cca1d0211dda0ddf8fece52d36675753c5799a3e4ed052
validation,uniform,20,19,202700190019,0,,validation/uniform/n20/uniform_n20_0019.tsp,3f6c0346aefd8ecac073f3d55b28dc4ebef1a3e2a4a247b0ebcf728ac499c013
validation,uniform,20,20,202700190020,0,,validation/uniform/n20/uniform_n20_0020.tsp,43ec7668a48c05a7215d8f8c8c661140d3c3be85c78f5c3a35b711c2cc99613b
validation,uniform,20,21,202700190021,0,,validation/uniform/n20/uniform_n20_0021.tsp,74997c593e53752e50a0691217ccdcc58e51fd0f3bb0ba1d1e8cde0db88c2d29
validation,uniform,20,22,202700190022,0,,validation/uniform/n20/uniform_n20_0022.tsp,715e9b1f1ca0670841e46a78c00988437c9bb5b52eddf1bcf653ec95038753ef
validation,uniform,20,23,202700190023,0,,validation/uniform/n20/uniform_n20_0023.tsp,91366a16549c810ee372ef296e3315588273b3cd6c9c31387e0b8e1980fe829e
validation,uniform,20,24,202700190024,0,,validation/uniform/n20/uniform_n20_0024.tsp,947e456f9ef27c6796bdf832fd3adbd4854a9a80eb049715fd0b2cc45b41c59c
validation,uniform,20,25,202700190025,0,,validation/uniform/n20/uniform_n20_0025.tsp,621e059ffd4f21c8a568e61e6cd9754660c2a6d5dd97cdf03e57d08257f8decd
validation,uniform,20,26,202700190026,0,,validation/uniform/n20/uniform_n20_0026.tsp,020caac2efea95560f69054f4c8222a4f165cbc14497a348a219d688d472c60a
validation,uniform,20,27,202700190027,0,,validation/uniform/n20/uniform_n20_0027.tsp,0a80285a8abf6292f43237ba12a16c9dba723710d13d24ff01ba18756ca00fe2
validation,uniform,20,28,202700190028,0,,validation/uniform/n20/uniform_n20_0028.tsp,fba282f8831706e19d2dfceb0f8afb47c1ec863773ef750a63dba365eab1f9c5
validation,uniform,20,29,202700190029,0,,validation/uniform/n20/uniform_n20_0029.tsp,3ff93cc261187d97ba54d6d8b3cc84ba4e462b98aada71591e7c0a7cdafa94b3
validation,uniform,20,30,202700190030,0,,validation/uniform/n20/uniform_n20_0030.tsp,372fdc33c7a0461c40d2463fdf123ec8eee88912b771743ddc8641f3f9da2b0d
validation,uniform,20,31,202700190031,0,,validation/uniform/n20/uniform_n20_0031.tsp,9b562db7dd6316ed568120421e893a4e5ab6c57086d304de6659f82a2c96b84b
validation,uniform,20,32,202700190032,0,,validation/uniform/n20/uniform_n20_0032.tsp,5d4d56970d6942a4669212cf59eb4ae226049bbe34b975053e5463573f786944
validation,uniform,20,33,202700190033,0,,validation/uniform/n20/uniform_n20_0033.tsp,6e23bebd7e0b9d1262b9e3a40eeb39b7e5d79e89fecfb81fc3c09cba1fb18995
validation,uniform,20,34,202700190034,0,,validation/uniform/n20/uniform_n20_0034.tsp,30bac389ebe1f4ffb5ac99a496aa9eea59004b4f0c964d853e247e9ffa0623a0
validation,uniform,20,35,202700190035,0,,validation/uniform/n20/uniform_n20_0035.tsp,26f0589e388ec2d940ad8be1e2f464b4e040f609db5eabc6163616d842cd98ef
validation,uniform,20,36,202700190036,0,,validation/uniform/n20/uniform_n20_0036.tsp,060522d477cc0a7c032a2f78ca23d5067422867fe3edd1ab4bc7ddb871ed51dc
validation,uniform,20,37,202700190037,0,,validation/uniform/n20/uniform_n20_0037.tsp,e016e9dffdf35f669dc88d05ab6279a0568097d41d2b2293d37839fb397e293d
validation,uniform,20,38,202700190038,0,,validation/uniform/n20/uniform_n20_0038.tsp,46e9045655cbd34a47c8969a4ecfc26de06241023f860765aa9131c91ec7b1c8
validation,uniform,20,39,202700190039,0,,validation/uniform/n20/uniform_n20_0039.tsp,950d8391f3d86277ddb78aa14e9aa93b7ee738dbeb50f4cb48e7b38e6848c462
validation,uniform,20,40,202700190040,0,,validation/uniform/n20/uniform_n20_0040.tsp,8b324bec506a9c5267d6beb85008541f2a4a31561da5d25fa9c54fe263217291
validation,uniform,20,41,202700190041,0,,validation/uniform/n20/uniform_n20_0041.tsp,80e970a6dfb1ac5d06e3a3ec0841eacbe3729ceb8fe6d3deeb44907b27dcc5a6
validation,uniform,20,42,202700190042,0,,validation/uniform/n20/uniform_n20_0042.tsp,36591824a7686972a10cf198ba4262af67cb243b014ddecee80c5224a0ef0ccd
validation,uniform,20,43,202700190043,0,,validation/uniform/n20/uniform_n20_0043.tsp,860396be098ed55192d394ab230d20aed77a4a105a4f91289db854ce416cb0f0
validation,uniform,20,44,202700190044,0,,validation/uniform/n20/uniform_n20_0044.tsp,ff61aa61a1f13c6a490a3891dfab8307e8f6b3eba9fa3f5af57b360083162687
validation,uniform,20,45,202700190045,0,,validation/uniform/n20/uniform_n20_0045.tsp,92074acaef2d0b02110625bd2062e60ed5b5391e03e6acf2ffe1e494a4377241
validation,uniform,20,46,202700190046,0,,validation/uniform/n20/uniform_n20_0046.tsp,fd818040bb46f14675c9b6aae49dd265b2e794f27d96555d364d6ed7c20a7143
validation,uniform,20,47,202700190047,0,,validation/uniform/n20/uniform_n20_0047.tsp,ef563334f4b9a8994d514ed9b643760f6be8e8e0d2e05b438470e872ecff895d
validation,uniform,20,48,202700190048,0,,validation/uniform/n20/uniform_n20_0048.tsp,d799ca684c59be80e1ece9596aab1c57b377b700f8048adb2aae82cfbb853f8a
validation,uniform,20,49,202700190049,0,,validation/uniform/n20/uniform_n20_0049.tsp,57138a7c7b3aff98a0eb14150c3a0a079da5ffd9319a0f753c738d2a43e6a6ac
validation,uniform,20,50,202700190050,0,,validation/uniform/n20/uniform_n20_0050.tsp,3e5657a8b8748166b59ca9f73b4195e8c5c7040157d37b10ac46c656e3d81db0
validation,uniform,20,51,202700190051,0,,validation/uniform/n20/uniform_n20_0051.tsp,ac4fce19461ad10a521984217a7027f641fe663d8eaced28e7f1cfc5fdfabad3
validation,uniform,20,52,202700190052,0,,validation/uniform/n20/uniform_n20_0052.tsp,581c08a5cdd6dc8e0e5dfe95b61a01b5fcaef864ff5d44d941b7dcf3ce3c93f9
validation,uniform,20,53,202700190053,0,,validation/uniform/n20/uniform_n20_0053.tsp,143863175d48e89dacc91401d3b0a9b5486108347d107f80bf9a249ec712bb2b
validation,uniform,20,54,202700190054,0,,validation/uniform/n20/uniform_n20_0054.tsp,2f2410e3488c1c398593d0519cc041280b211b3aaaeae01ad8f85f2f0d3c3998
validation,uniform,20,55,202700190055,0,,validation/uniform/n20/uniform_n20_0055.tsp,6f0447373f3a2367138971a330621b098d0b03d4122bab82e9c52af48baaabaf
validation,uniform,20,56,202700190056,0,,validation/uniform/n20/uniform_n20_0056.tsp,81eab289de37b813d955bd1c859c4076a132990222937638a1d38115340b9963
validation,uniform,20,57,202700190057,0,,validation/uniform/n20/uniform_n20_0057.tsp,4f2c0d105640464d0183c9f1a507bd96ea7df7a41b4cc0428511bfe8f13b2151
validation,uniform,20,58,202700190058,0,,validation/uniform/n20/uniform_n20_0058.tsp,e2d16a52cfb890e9d6c2e7b252eacfd5883986697ccfdee5ca2d58c74aced4d5
validation,uniform,20,59,202700190059,0,,validation/uniform/n20/uniform_n20_0059.tsp,e617d7ec9b088036a62e71b257d3bbce11fb9350ce5d4e416aa889763e9cb902
validation,uniform,20,60,202700190060,0,,validation/uniform/n20/uniform_n20_0060.tsp,1dc04f44aeb15b912a9ce3f6b066205027d87b75d60a7d3c2f755f349d63e22d
validation,uniform,20,61,202700190061,0,,validation/uniform/n20/uniform_n20_0061.tsp,5670dab57e0177add690c87f06caaba6b45eef495e5f324e7351c57d9938c0a0
validation,uniform,20,62,202700190062,0,,validation/uniform/n20/uniform_n20_0062.tsp,5af462c0f373f89c358c80dbbf0ab279ff8396e3102152b0aa1e44a8bb9915fa
validation,uniform,20,63,202700190063,0,,validation/uniform/n20/uniform_n20_0063.tsp,2dd3839ec00a0c12c16daded544e0d1de54b5922f0e050edc4dbbb9bea86fb19
validation,uniform,20,64,202700190064,0,,validation/uniform/n20/uniform_n20_0064.tsp,e070428eb157b47840e078cdbd3d7f34df4181c7f6323c76c75b53e524d145bc
validation,uniform,20,65,202700190065,0,,validation/uniform/n20/uniform_n20_0065.tsp,c1bf56179ce1d6e7a1a296da3c2668cddf2fd521ec0fa716477eace1ddc8ccda
validation,uniform,20,66,202700190066,0,,validation/uniform/n20/uniform_n20_0066.tsp,44a251bb6ef8af501ae2ed79d06a5e6c4d242930d6cb5b54cc5d0ff5d47ba37f
validation,uniform,20,67,202700190067,0,,validation/uniform/n20/uniform_n20_0067.tsp,202ef221b861ef4988b9bc4d23f499189a5501e73be1c9db0cb126308d767d0c
validation,uniform,20,68,202700190068,0,,validation/uniform/n20/uniform_n20_0068.tsp,8d3e08892e18b482e08a561b37bcb94cc30e5bd76cdd0217cbd487fa902f06dd
validation,uniform,20,69,202700190069,0,,validation/uniform/n20/uniform_n20_0069.tsp,9d7e380b233947a3defcbb2dce810baffde76194430f23f10dcc977b85791ce0
validation,uniform,20,70,202700190070,0,,validation/uniform/n20/uniform_n20_0070.tsp,4cc3dc8423779d44e3fc4bf5576c156a744e4c83acc77283ccec418932488926
validation,uniform,20,71,202700190071,0,,validation/uniform/n20/uniform_n20_0071.tsp,2908392ad726c03ccabded31803b94e0fe525d32e26b4f814cfb969b1ce7ffc7
validation,uniform,20,72,202700190072,0,,validation/uniform/n20/uniform_n20_0072.tsp,127ed0e1288d07116373974f46c4b8eba0e56079d89c7c516836e461d70f6ef8
validation,uniform,20,73,202700190073,0,,validation/uniform/n20/uniform_n20_0073.tsp,2fd9953d96e92246bf38bfa819aea0c83a100b508ec86d8b5f9b126e153910a3
validation,uniform,20,74,202700190074,0,,validation/uniform/n20/uniform_n20_0074.tsp,35b27cbf9228022746ae00400029846c030b7c96a6c3c9ed9cc9b7e0954be931
validation,uniform,20,75,202700190075,0,,validation/uniform/n20/uniform_n20_0075.tsp,9787360d62fdcb6d59122f379fab24b363083f14667bae9a93a269eb29089412
validation,uniform,20,76,202700190076,0,,validation/uniform/n20/uniform_n20_0076.tsp,08f233ce99146c4fbb6524aabb7ff85b29a68bef902915532a0b66103d2c9d77
validation,uniform,20,77,202700190077,0,,validation/uniform/n20/uniform_n20_0077.tsp,5eee6829383933b7505b76a5443ce1e199754879a582e1c523638c3ea294af23
validation,uniform,20,78,202700190078,0,,validation/uniform/n20/uniform_n20_0078.tsp,f77219805bb71a71d21b5ef4e64ed6d04020078ef7b08419e7d402567cb4bfa0
validation,uniform,20,79,202700190079,0,,validation/uniform/n20/uniform_n20_0079.tsp,40cc0e1afa7b48edbf2867265f4e386c4ba17d3bd80bdca9c2fa5531d1bdd0b1
validation,uniform,20,80,202700190080,0,,validation/uniform/n20/uniform_n20_0080.tsp,bef5a8bea58a538f4fc58d9413fc81dcb1637ce6e071db30854b557d188d8181
validation,uniform,20,81,202700190081,0,,validation/uniform/n20/uniform_n20_0081.tsp,19680bf6fc685568f623e60c9bdaa37c88b2df19e1dd2fe337d1aad15f6dc226
validation,uniform,20,82,202700190082,0,,validation/uniform/n20/uniform_n20_0082.tsp,e2c7ade7fd3d71a466e634f9b32afb42870baaf3a412730357513263a873a2bd
validation,uniform,20,83,202700190083,0,,validation/uniform/n20/uniform_n20_0083.tsp,3abc8565fe79de2dab782e14ec375c3d0f64cc3ef9cb9ab1074cef8866718478
validation,uniform,20,84,202700190084,0,,validation/uniform/n20/uniform_n20_0084.tsp,8fcfed06fffb784652e0c30e1ee73d27d14aa66cad7876b8705f52d1e3ce39f6
validation,uniform,20,85,202700190085,0,,validation/uniform/n20/uniform_n20_0085.tsp,427fee13b685cd751110cce174475468b003428bc76341a1245ac8d0d46fc629
validation,uniform,20,86,202700190086,0,,validation/uniform/n20/uniform_n20_0086.tsp,0d0b7c9b3ceeaaab8833f7007b9929ef506ad2e67f0f6201704bf24b97d3eb7b
validation,uniform,20,87,202700190087,0,,validation/uniform/n20/uniform_n20_0087.tsp,da58764db60199163d0b85d988e58e159f0279fe86d8ed298cd9229524895bee
validation,uniform,20,88,202700190088,0,,validation/uniform/n20/uniform_n20_0088.tsp,6d43110b79ee80c950fc6badf32bd3dab6fd53e63c08ef5e0e1d7df416091318
validation,uniform,20,89,202700190089,0,,validation/uniform/n20/uniform_n20_0089.tsp,4926f26cb27554f20aaef2df8540180b938a976b21762f3cd140197a3f32f25d
validation,uniform,20,90,202700190090,0,,validation/uniform/n20/uniform_n20_0090.tsp,45eaaee32f86b09e6b6dcf1f38a5c6984da3f6f5ee88eae9aad6ff94b2dcd056
validation,uniform,20,91,202700190091,0,,validation/uniform/n20/uniform_n20_0091.tsp,8637d1461babee5b3eb5b62386a24d1dc8722487197cfd22072a98ddf129dfcd
validation,uniform,20,92,202700190092,0,,validation/uniform/n20/uniform_n20_0092.tsp,23e737d59a5943a823ed17318aabfacfd3063e95c327e6a4dda8afed814eda12
validation,uniform,20,93,202700190093,0,,validation/uniform/n20/uniform_n20_0093.tsp,0301f8a7b148494b230542cf164fd02027bfdfe79f7ee9a2983a23c78a9800ba
validation,uniform,20,94,202700190094,0,,validation/uniform/n20/uniform_n20_0094.tsp,84dbadce5a280c48d23d1221464e359c3c72ad62212bafbd8ce9eeaa1ebdfd7d
validation,uniform,20,95,202700190095,0,,validation/uniform/n20/uniform_n20_0095.tsp,0b5a2b6bc9a202d8bf4094eab01efbf1fc1d4bb1085d59fd67c375cea84f19bb
validation,uniform,20,96,202700190096,0,,validation/uniform/n20/uniform_n20_0096.tsp,ccf4b5e532f873cffed0700be9cc8741d0d2149d6f6db7f262d2cc2321905650
validation,uniform,20,97,202700190097,0,,validation/uniform/n20/uniform_n20_0097.tsp,595551714f482f1f5a3ea292fb8e86737ff5baec1e0b15df24178f4bdb4b1d56
validation,uniform,20,98,202700190098,0,,validation/uniform/n20/uniform_n20_0098.tsp,8523f0da25468bcc782bff3234462a7ee3b57a2017c1f6639f5ee7b973028b6e
validation,uniform,20,99,202700190099,0,,validation/uniform/n20/uniform_n20_0099.tsp,cf40d445886dc6edca2ffc489055edc5afdae4cf7581eb9a1cd1e5f42c4d0fdb
validation,uniform,30,0,202700290000,0,,validation/uniform/n30/uniform_n30_0000.tsp,c8d982bb182eb23c82a57e4e298c4b35a4c29b5a9d47d61d914d2cc18fa58510
validation,uniform,30,1,202700290001,0,,validation/uniform/n30/uniform_n30_0001.tsp,2b5a2f1638754c2d9339f411de1ef9a81fcfe86bf04c0fbe1aad70498f49ef2d
validation,uniform,30,2,202700290002,0,,validation/uniform/n30/uniform_n30_0002.tsp,ffb4af3c931cec115a189d87b1853a1653b87143b53aca933df37165639f0a08
validation,uniform,30,3,202700290003,0,,validation/uniform/n30/uniform_n30_0003.tsp,234476b56471a5822d2e25e5bb190138cc3e0df4dec4ab29be0f80d3c7c65b0c
validation,uniform,30,4,202700290004,0,,validation/uniform/n30/uniform_n30_0004.tsp,881f0f76d002febfc085c4384f593f6cdb3ad3c507632083dae6cc4bf619a002
validation,uniform,30,5,202700290005,0,,validation/uniform/n30/uniform_n30_0005.tsp,b88d8f202584d9780f951ae0388854438c0092d79d996c5ccf58a005f1051b0d
validation,uniform,30,6,202700290006,0,,validation/uniform/n30/uniform_n30_0006.tsp,9c731635a8d2d367124d742db23a31ec531b6c3e92b61b5e7513e809a6c66ce0
validation,uniform,30,7,202700290007,0,,validation/uniform/n30/uniform_n30_0007.tsp,c668f7ea71702835d7e629d0a233eeb7d43e61478527e1dec9baf489ff243017
validation,uniform,30,8,202700290008,0,,validation/uniform/n30/uniform_n30_0008.tsp,4b092cc9c5c0ab5b5e8014a3dde1986c0a09275c94d0f49869b966108c0bead3
validation,uniform,30,9,202700290009,0,,validation/uniform/n30/uniform_n30_0009.tsp,b08c0db3f037243dbf7018da59f6dbb4c9c579988634b787d880f0b2b5ea08a1
validation,uniform,30,10,202700290010,0,,validation/uniform/n30/uniform_n30_0010.tsp,114048dff9864e4f9c16c09a3dbfa92677e63c7a3b64cc7e72bf0f58ef319bf3
validation,uniform,30,11,202700290011,0,,validation/uniform/n30/uniform_n30_0011.tsp,c2aa7d35dd503590fcfa7ef8309ba4fe6422c233d183822a91c78c3caa2dee0f
validation,uniform,30,12,202700290012,0,,validation/uniform/n30/uniform_n30_0012.tsp,25df4fb0b698a3f7b4465b76bf38b372f6841acb4824dd38da04b92bc628aa68
validation,uniform,30,13,202700290013,0,,validation/uniform/n30/uniform_n30_0013.tsp,23055eef67bcc81e746911fdb7b07942bc95d7f9c7b201a2b011bff37c7d7171
validation,uniform,30,14,202700290014,0,,validation/uniform/n30/uniform_n30_0014.tsp,c87bca1bd71bd0a3459bc00b8c882d894c4b543d99b10737c99ffcff4ddaf128
validation,uniform,30,15,202700290015,0,,validation/uniform/n30/uniform_n30_0015.tsp,d96cf2a1598411c153625b672d96730f7512e6591b1a5b3018d83e81d232d606
validation,uniform,30,16,202700290016,0,,validation/uniform/n30/uniform_n30_0016.tsp,4bf6b97c277f67c99726baaf2240defc8381ea46b9780ab7b22419678313ef2d
validation,uniform,30,17,202700290017,0,,validation/uniform/n30/uniform_n30_0017.tsp,c25a93fd8ccccb67cebc138f87e665094650fec4bee74eba1379422b4f17f913
validation,uniform,30,18,202700290018,0,,validation/uniform/n30/uniform_n30_0018.tsp,38c5b9fd179565749fdd2034bf4c35bdd96492761f0e5cdc63a047eae5d7a0ff
validation,uniform,30,19,202700290019,0,,validation/uniform/n30/uniform_n30_0019.tsp,145c5ade5e14ddc635b5868d19e42250667efcdd5f81d22a5ba584812c4d7eba
validation,uniform,30,20,202700290020,0,,validation/uniform/n30/uniform_n30_0020.tsp,9f81528fbe26c9a3831df32c6e736deb7c87de457bc3131187cc053ac7044fda
validation,uniform,30,21,202700290021,0,,validation/uniform/n30/uniform_n30_0021.tsp,f62c4229ae6d443f841918b0a34f7e3395033d9a3f519d4afd4bac847a339f1f
validation,uniform,30,22,202700290022,0,,validation/uniform/n30/uniform_n30_0022.tsp,7ab39a7c73317d9fa6d756272ac15c98a13c531765e7959b0432162252e0eaa9
validation,uniform,30,23,202700290023,0,,validation/uniform/n30/uniform_n30_0023.tsp,e31d904cdf9403bc13dc7685ce59f351f87a7f931ac3f0d48722d3aadd01fad0
validation,uniform,30,24,202700290024,0,,validation/uniform/n30/uniform_n30_0024.tsp,b07485c4e484dd368afb5ed29148fc194d1953dbcccae7e267bd6f52e23f63e1
validation,uniform,30,25,202700290025,0,,validation/uniform/n30/uniform_n30_0025.tsp,6ab1326758c0b802c8e4218274c1bba5fecd80bb6c7aa39f8216b19d82db8fcb
validation,uniform,30,26,202700290026,0,,validation/uniform/n30/uniform_n30_0026.tsp,f04deb12b47742b46122a1df3bcb0f7ba91b8ab0aa6f827ee924fa5153a84069
validation,uniform,30,27,202700290027,0,,validation/uniform/n30/uniform_n30_0027.tsp,e26035dea0068aa74155dce607afac771042d07d79c837ba88a8c68973ef8034
validation,uniform,30,28,202700290028,0,,validation/uniform/n30/uniform_n30_0028.tsp,f4e5afc2d7d8884efdf7a78dcb6a5d1cefab177382b63af564712a49dacfa499
validation,uniform,30,29,202700290029,0,,validation/uniform/n30/uniform_n30_0029.tsp,0d7c47268a935b8be07a852b72ab881138046bf1678415e18860a54a69af0a7b
validation,uniform,30,30,202700290030,0,,validation/uniform/n30/uniform_n30_0030.tsp,62108254ba21d001ac1ed34655aadc41c7d754df402b5b375dffaec0f8d62213
validation,uniform,30,31,202700290031,0,,validation/uniform/n30/uniform_n30_0031.tsp,09c844ebabb2a69539bf6ea67fb864a1fbc09fade6a4dc4585606ca695706d53
validation,uniform,30,32,202700290032,0,,validation/uniform/n30/uniform_n30_0032.tsp,5d51ec1733fba2dd7d5b0a6e2a96dafcef6bd5a3bec9d624784416cc762efefb
validation,uniform,30,33,202700290033,0,,validation/uniform/n30/uniform_n30_0033.tsp,b21d6d91775f0a47a52ee9ae39ff2d81dc98bbdabb6ff51294c463751e7d234b
validation,uniform,30,34,202700290034,0,,validation/uniform/n30/uniform_n30_0034.tsp,3b208101457e3a1ff6495b96774c0315c5d303cd2de79febd672f2c53c69e8ae
validation,uniform,30,35,202700290035,0,,validation/uniform/n30/uniform_n30_0035.tsp,e6bd297e862d4dda9996711f0c533e83bf6040d43e328e5e3f810e32f50eadd1
validation,uniform,30,36,202700290036,0,,validation/uniform/n30/uniform_n30_0036.tsp,6e6b06368ded20b13af9757e09347f3f3360f23546195f6cdfd1e8cb8aed106c
validation,uniform,30,37,202700290037,0,,validation/uniform/n30/uniform_n30_0037.tsp,01a0f75385d0c6a525d615263a8a76b3f3f295a8fa7cd02dd10e2aa8f0e96da8
validation,uniform,30,38,202700290038,0,,validation/uniform/n30/uniform_n30_0038.tsp,69a6d5c131d0c83a2314765db60823d8866218af9c0f5f4cf8e8d52714019d4c
validation,uniform,30,39,202700290039,0,,validation/uniform/n30/uniform_n30_0039.tsp,0530ec0ea1b21e620808275368403498a065bf860fc6b7157812dd654e075b49
validation,uniform,30,40,202700290040,0,,validation/uniform/n30/uniform_n30_0040.tsp,6c82fe6c052768f8c864bc0c84e716e1172c10f6dabd210a94c9d729eb733894
validation,uniform,30,41,202700290041,0,,validation/uniform/n30/uniform_n30_0041.tsp,edcd8de4a171cef0b23c8cfa7a2b9b4fd056152cb8d251dcad931c01a25eecc7
validation,uniform,30,42,202700290042,0,,validation/uniform/n30/uniform_n30_0042.tsp,b17c4b602303f16108a815ddb14cf5ed53191f8dd4eef59f7c00445edddb7f0b
validation,uniform,30,43,202700290043,0,,validation/uniform/n30/uniform_n30_0043.tsp,bdc05677d1851e15009d06a10da4fa5b06b2ca924964fcbf8f254f2ca354c755
validation,uniform,30,44,202700290044,0,,validation/uniform/n30/uniform_n30_0044.tsp,7824c2250984980f2cc2cc556ffc3c6822878ab991c3e182b9252a9dfc24191e
validation,uniform,30,45,202700290045,0,,validation/uniform/n30/uniform_n30_0045.tsp,3ae7dcce4ee1e294097fc3f1fd192eba3a0efb0f16f7ac7d3379f57310124a5f
validation,uniform,30,46,202700290046,0,,validation/uniform/n30/uniform_n30_0046.tsp,3959d9b5936e30908166a9411b21f54f33de33cb0c2f2ab87b47a5ecdf28eacf
validation,uniform,30,47,202700290047,0,,validation/uniform/n30/uniform_n30_0047.tsp,ac60ad11a0121febcb4f717fea96268cea4bb0f2c0289155e7b74e043400aeb6
validation,uniform,30,48,202700290048,0,,validation/uniform/n30/uniform_n30_0048.tsp,d3dff6e03ecfbf48e6994d4d0c5c25487822b96bad69b03c4145a95867783666
validation,uniform,30,49,202700290049,0,,validation/uniform/n30/uniform_n30_0049.tsp,a86a04d479b1704554ab3fe2feb12781c30ee0537d0d06131375d4c8e0427549
validation,uniform,30,50,202700290050,0,,validation/uniform/n30/uniform_n30_0050.tsp,47297b81279e595f6eb0b2cffc2eea00a4fdd602de4e5f4b417ac40fa50919c6
validation,uniform,30,51,202700290051,0,,validation/uniform/n30/uniform_n30_0051.tsp,d43db75ee855364cc15f24b8f7da8a2cb89bca14cc866ca122879c4d9f96246d
validation,uniform,30,52,202700290052,0,,validation/uniform/n30/uniform_n30_0052.tsp,14e9529c73587eab55e6fb2d1b0e26cbb98fc14ce72255e4ff77a9f4874eeba0
validation,uniform,30,53,202700290053,0,,validation/uniform/n30/uniform_n30_0053.tsp,65cecf0dd889756f44de932e23291ededc0f0bbeb9d604385f31aa5c2ce0bdd1
validation,uniform,30,54,202700290054,0,,validation/uniform/n30/uniform_n30_0054.tsp,c30e6146f71f67fb00cfec5a70f35f5ea735b878df65da271ca2778c65ae5fbf
validation,uniform,30,55,202700290055,0,,validation/uniform/n30/uniform_n30_0055.tsp,bc7202fc8062499032eb3d4ba9aafee0e0f6442eeffdfe2f639e4c144ad5581b
validation,uniform,30,56,202700290056,0,,validation/uniform/n30/uniform_n30_0056.tsp,df4e4f232d63c18f52176dd927fab22d834a9d49bb93259983e25c12b1fd06fb
validation,uniform,30,57,202700290057,0,,validation/uniform/n30/uniform_n30_0057.tsp,a05927c5d4f626f259a702a82997c54fc9f3e18df7efc5ddf1f15506aae415e8
validation,uniform,30,58,202700290058,0,,validation/uniform/n30/uniform_n30_0058.tsp,df085a574ba5e8893578e1285bbab07f4d5b4edd490457f0271271c88be389d7
validation,uniform,30,59,202700290059,0,,validation/uniform/n30/uniform_n30_0059.tsp,0a412fe415b2df27f38a431b1b8c9212e0bd92b86e5d2b423d4b441807d2ff8e
validation,uniform,30,60,202700290060,0,,validation/uniform/n30/uniform_n30_0060.tsp,5a90fc65152222d2337eca4ae942b9fdc84dc890351c9bc8b17a91304e2d8b9d
validation,uniform,30,61,202700290061,0,,validation/uniform/n30/uniform_n30_0061.tsp,b2e252de7b8b887d7968879ec47c470ba2a31ee901cb6a839ec83e0ffea02916
validation,uniform,30,62,202700290062,0,,validation/uniform/n30/uniform_n30_0062.tsp,d623eca72de6f484b2491d1011fb66a5d34fa74186124b75aac9d021956d66e4
validation,uniform,30,63,202700290063,0,,validation/uniform/n30/uniform_n30_0063.tsp,29b3f8d1eb0469108ce5896cc7cdd77b65c5ef27743bf69ee5c12a330c94a51f
validation,uniform,30,64,202700290064,0,,validation/uniform/n30/uniform_n30_0064.tsp,50792266868726e67c2a3e39caf75e333ebf410675c508e9af1ec0ede1553281
validation,uniform,30,65,202700290065,0,,validation/uniform/n30/uniform_n30_0065.tsp,73902f7f44a535b29d460c1b96dcec71d86843155356042f5ef4ee4592188024
validation,uniform,30,66,202700290066,0,,validation/uniform/n30/uniform_n30_0066.tsp,055d99859d15689d015a6bfcd3c17f14c4c73b6e36c48819af5f74759789949b
validation,uniform,30,67,202700290067,0,,validation/uniform/n30/uniform_n30_0067.tsp,24de3fdba4ff1b46b685e992a66f017d36eca51b50ab3eb6e52b3ef23fc4954c
validation,uniform,30,68,202700290068,0,,validation/uniform/n30/uniform_n30_0068.tsp,f185fcf9c17bb7ec63f2733d029f53b6866248ff8c5b780e2a401cf8d8d720fd
validation,uniform,30,69,202700290069,0,,validation/uniform/n30/uniform_n30_0069.tsp,458580f3fe77a741ea287da7b3220363a0e9db35df98fd1aa6cbbafe33cfc60d
validation,uniform,30,70,202700290070,0,,validation/uniform/n30/uniform_n30_0070.tsp,61a5d410dfb2d84799be4bcfc94767a0971d597816c42566705e09ee856e636d
validation,uniform,30,71,202700290071,0,,validation/uniform/n30/uniform_n30_0071.tsp,8468f0dcc0a88a7e2b366a425f695ffea4f340ca95f1c7b499338e0107ff95c1
validation,uniform,30,72,202700290072,0,,validation/uniform/n30/uniform_n30_0072.tsp,07ed6f253fff213005e03bd350008780a7f371e70bb05c36b6c975098fc6fa09
validation,uniform,30,73,202700290073,0,,validation/uniform/n30/uniform_n30_0073.tsp,e4b48081b9649673af3f811886a2bac6705adf71a5ca82f5df78b6e4bbd18015
validation,uniform,30,74,202700290074,0,,validation/uniform/n30/uniform_n30_0074.tsp,e698e67c0cde78031164d030d25ab8ca9c1a89c5c83388542ee4d88ce300adff
validation,uniform,30,75,202700290075,0,,validation/uniform/n30/uniform_n30_0075.tsp,a9e274f1fc1b3d82a19aa5976c084c61dc271c9c6cb0c4cc47aa6de66fd18cde
validation,uniform,30,76,202700290076,0,,validation/uniform/n30/uniform_n30_0076.tsp,e4f86c7d5591176c73f50b29bb81c64319fab2c4ccf3a402aca2203d6be8cb74
validation,uniform,30,77,202700290077,0,,validation/uniform/n30/uniform_n30_0077.tsp,ce08303baef6f159ff1747228a16d25bd004c646a4fd5f9488fa10ecaf1972e9
validation,uniform,30,78,202700290078,0,,validation/uniform/n30/uniform_n30_0078.tsp,8ad42d83decbd5537d3fe7abcd55ecfefe477f95c12820257c2d64b70854f8c7
validation,uniform,30,79,202700290079,0,,validation/uniform/n30/uniform_n30_0079.tsp,8d1382dcc930731ae363b320ef6dc4768c347f776e3e65d5546895e1c46b65e6
validation,uniform,30,80,202700290080,0,,validation/uniform/n30/uniform_n30_0080.tsp,74b1179f15a4a69403dfe02161ebcc2c7f0297d3075191269fdb2d40945267e8
validation,uniform,30,81,202700290081,0,,validation/uniform/n30/uniform_n30_0081.tsp,924db343301bf9cbf1d38c11a49103b8cfe34c2616d517730599124a0f991ce2
validation,uniform,30,82,202700290082,0,,validation/uniform/n30/uniform_n30_0082.tsp,3bb7292497395b2c5507d64b41c7d08a6f032d2993f13bea046f00c1059087b3
validation,uniform,30,83,202700290083,0,,validation/uniform/n30/uniform_n30_0083.tsp,ae383131cb011382bba88419f148a37f8cbf1ab5ab33ace6e9eef22bae86bcf9
validation,uniform,30,84,202700290084,0,,validation/uniform/n30/uniform_n30_0084.tsp,24955dfdfedfdedfe1c8f4951f0789a8dd9ba3a23a799f90d3e8af7b518d4eb5
validation,uniform,30,85,202700290085,0,,validation/uniform/n30/uniform_n30_0085.tsp,a622afb089eb7d02cf909884f7ee7564c603fd8012417e27a4a61b2e262b6f56
validation,uniform,30,86,202700290086,0,,validation/uniform/n30/uniform_n30_0086.tsp,6c13c8020d8976b3da5d81e18febc8ebb4e74e9a56192699e91ea15365d10e70
validation,uniform,30,87,202700290087,0,,validation/uniform/n30/uniform_n30_0087.tsp,2e6faad05d284d0afe48de00e1db31b90ff59ab24c494a187bf435913481cc66
validation,uniform,30,88,202700290088,0,,validation/uniform/n30/uniform_n30_0088.tsp,b2f9d06987d88aed8cd62f02833c632208c1caf6acbfd84729de5c51d44e0724
validation,uniform,30,89,202700290089,0,,validation/uniform/n30/uniform_n30_0089.tsp,06d39c66b4a9d08afc9a011b4425648a629db0ad7a32740113a1e06f585692a8
validation,uniform,30,90,202700290090,0,,validation/uniform/n30/uniform_n30_0090.tsp,e52c323cd44040b69a8d38326554775e96dd6325816a1c90a5ac15717ea27fd4
validation,uniform,30,91,202700290091,0,,validation/uniform/n30/uniform_n30_0091.tsp,a41dfe353aa78a09f1e674fccd96d887f784064232f3464708814dfca5058cfa
validation,uniform,30,92,202700290092,0,,validation/uniform/n30/uniform_n30_0092.tsp,174d95a2972bddeaae5a243cd961366ac53f3fc6e7984a2ea90a416224aecdcc
validation,uniform,30,93,202700290093,0,,validation/uniform/n30/uniform_n30_0093.tsp,aa7b75e6aca9ec2b8c04226be09ebaec0eb7c82b7652bcdc22d44923aa1c3b9e
validation,uniform,30,94,202700290094,0,,validation/uniform/n30/uniform_n30_0094.tsp,581e818f67621ec11e0fbc0c7334415c69ead5b819c8c6ff1e575ff32830869e
validation,uniform,30,95,202700290095,0,,validation/uniform/n30/uniform_n30_0095.tsp,2d9bd793f6ec8429fa0401512ea777f8b0e8fc4f55d4159d11e57bc04504a1b4
validation,uniform,30,96,202700290096,0,,validation/uniform/n30/uniform_n30_0096.tsp,e2dee461badab5df7aea802b0e8b9527cb942703db0cdd6800c10c4fc95d9e19
validation,uniform,30,97,202700290097,0,,validation/uniform/n30/uniform_n30_0097.tsp,6528187d44b280d1f425c634d6387d84898ad855ebc25504880fd6e4c9c78d5c
validation,uniform,30,98,202700290098,0,,validation/uniform/n30/uniform_n30_0098.tsp,d8da5dea9f8e852334969b8abe4d04cd31c6917df3dd5b6cb11469985115f9e5
validation,uniform,30,99,202700290099,0,,validation/uniform/n30/uniform_n30_0099.tsp,85f5203f0ec9c30e6a594937f507fa1e75fbcff26bdfc7d539baf4c0c0d19fac
validation,uniform,50,0,202700490000,0,,validation/uniform/n50/uniform_n50_0000.tsp,7a89a33cff5b7473040eeab79793e86f6e03fd5ba1b6554ee79784b969b33c8b
validation,uniform,50,1,202700490001,0,,validation/uniform/n50/uniform_n50_0001.tsp,db837e1da36e467f3690795e84765af7ca79eeb1a135c65a88515669020c95bd
validation,uniform,50,2,202700490002,0,,validation/uniform/n50/uniform_n50_0002.tsp,c5f16525ba9da110988e11a0a3781ab18aa396c680d4dbff04c642ae2cbd1935
validation,uniform,50,3,202700490003,0,,validation/uniform/n50/uniform_n50_0003.tsp,4d8e402c599412a0e71fafca7fdbe9b6a29a352d0445fb6632d5e07f50c39b78
validation,uniform,50,4,202700490004,0,,validation/uniform/n50/uniform_n50_0004.tsp,1ba035ca6c562457233dfef53c324e5b15d99daa977adf04258144e7822b8299
validation,uniform,50,5,202700490005,0,,validation/uniform/n50/uniform_n50_0005.tsp,4a401a411da0ced61e46ab82a16125c2569df2114af6571bcf65e77dbfd0f274
validation,uniform,50,6,202700490006,0,,validation/uniform/n50/uniform_n50_0006.tsp,d58e1865be1f281b5ddc7c4bea4e4b46b7c6776d204a7d2bb7be7f0073d6052f
validation,uniform,50,7,202700490007,0,,validation/uniform/n50/uniform_n50_0007.tsp,bd6bea364a80cb49cf3baa7f81e13c640d44cad20e4d3aae9f579dfebee0d931
validation,uniform,50,8,202700490008,0,,validation/uniform/n50/uniform_n50_0008.tsp,afc85f710c9cdeab457bfdabb9c1cc171aae7f31edd380254ef4e52293b258a5
validation,uniform,50,9,202700490009,0,,validation/uniform/n50/uniform_n50_0009.tsp,72e109a7015cd4e16a1a8705babc0a5a03c08eab8732583027f8fa37400f7eaa
validation,uniform,50,10,202700490010,0,,validation/uniform/n50/uniform_n50_0010.tsp,05dd1ddeb0a5e2cc97c0c061a78d862746bad4cc048752b4982dfee4cf3d5ea9
validation,uniform,50,11,202700490011,0,,validation/uniform/n50/uniform_n50_0011.tsp,b917287cb316901959a941771e1695dbfcdd516b04346d4eec27707b770efbf2
validation,uniform,50,12,202700490012,0,,validation/uniform/n50/uniform_n50_0012.tsp,cea0d8fa09bc819e7bf7677d4c3b9de1448debc2758173b5218d3841ab191320
validation,uniform,50,13,202700490013,0,,validation/uniform/n50/uniform_n50_0013.tsp,5d826b6428cbb4313f2b4984c63f97037d9eb4ac1fbb72ca99aace07b6284151
validation,uniform,50,14,202700490014,0,,validation/uniform/n50/uniform_n50_0014.tsp,2c720609ebed34551157974b0c3989758c3ed4ab9ee1c5caf1e278173ab3ce49
validation,uniform,50,15,202700490015,0,,validation/uniform/n50/uniform_n50_0015.tsp,60e277f84d71931640c83f0828b6a5417a09f3afa90bfba3e8ba3242ed3a0a75
validation,uniform,50,16,202700490016,0,,validation/uniform/n50/uniform_n50_0016.tsp,fde357a0228a24b12914269466df50ed1f222d3a60a0034d21fd4e707aef38db
validation,uniform,50,17,202700490017,0,,validation/uniform/n50/uniform_n50_0017.tsp,5c37cc44800908969a3834f6692d87e7a3d8d5797655e1430c9e17fdb39b482d
validation,uniform,50,18,202700490018,0,,validation/uniform/n50/uniform_n50_0018.tsp,43cc2f2c9bb0c7c75c2df14134377fc8b9db204b876065346f64b7ffdce29b96
validation,uniform,50,19,202700490019,0,,validation/uniform/n50/uniform_n50_0019.tsp,957032da754a26f73c06e543a4cf32d4e73a21c35cfc2965651c4531483acb15
validation,uniform,50,20,202700490020,0,,validation/uniform/n50/uniform_n50_0020.tsp,71f07e34b27744f8b1fe7ff2dd9daa5388ef29ade6f03195bdaef74f65e705a6
validation,uniform,50,21,202700490021,0,,validation/uniform/n50/uniform_n50_0021.tsp,80ab50d801226884748988a89c6390c339fa6d55a0458ebebbcffa0f6e3d8931
validation,uniform,50,22,202700490022,0,,validation/uniform/n50/uniform_n50_0022.tsp,bc59c496b979fe7e1cc8870c4bda3bc04da2eb18556a9e69a8c0242c737fa3a5
validation,uniform,50,23,202700490023,0,,validation/uniform/n50/uniform_n50_0023.tsp,1c88d1eed2a951f1246eb01d1c3d58b3ef69e00d7d2edab3d913406cd954a75d
validation,uniform,50,24,202700490024,0,,validation/uniform/n50/uniform_n50_0024.tsp,56562ad36acfc638b8228508e441b8501bc16e9e7b51bceb3fcd0ef32d4eaa15
validation,uniform,50,25,202700490025,0,,validation/uniform/n50/uniform_n50_0025.tsp,600bc7bc6ba0867d4a71451e0be9ab07b56d598c5ae6f9ab91e467dafd1dd77b
validation,uniform,50,26,202700490026,0,,validation/uniform/n50/uniform_n50_0026.tsp,a4fbb64be86c8d8615772a85e9c3a4f41d22362258b6ff966aaf5e74ccaf7163
validation,uniform,50,27,202700490027,0,,validation/uniform/n50/uniform_n50_0027.tsp,2cfdcdb2c18b149634cf584b0c8a1580cd657a8ce867891b19df4b5091439e32
validation,uniform,50,28,202700490028,0,,validation/uniform/n50/uniform_n50_0028.tsp,3ee0aa68cb41e8c529e991162127ed015faf1afd379c9f62af44cc036a94d04f
validation,uniform,50,29,202700490029,0,,validation/uniform/n50/uniform_n50_0029.tsp,0824f81c2d0c3aebe6688083778c881c644ee4d088ac036964820fa998f2a946
validation,uniform,50,30,202700490030,0,,validation/uniform/n50/uniform_n50_0030.tsp,3f466cdad0c35802df73981b412aef1c873f9e05a8b56dfaad7a0847c9d5b53a
validation,uniform,50,31,202700490031,0,,validation/uniform/n50/uniform_n50_0031.tsp,027522ea65be0b829221efed299d7c0aa939add889eb5f595907e687123e6e5a
validation,uniform,50,32,202700490032,0,,validation/uniform/n50/uniform_n50_0032.tsp,1943cdaab1cd865a5ec49c7d7c04683414c9af1712ee172d354d6111e0005751
validation,uniform,50,33,202700490033,0,,validation/uniform/n50/uniform_n50_0033.tsp,2dcf44e4448401b9a9e16f3dc933338c00ff8e72b051feabd8d61b4cb72c93f0
validation,uniform,50,34,202700490034,0,,validation/uniform/n50/uniform_n50_0034.tsp,3f98b91ec9a3a001499c1b15d0fdde3db9adbf4827d9339870fc46c038686e07
validation,uniform,50,35,202700490035,0,,validation/uniform/n50/uniform_n50_0035.tsp,a6eaba4ac4b52816c3be9c2ef193b42879d159ec6023f709c7a33d2953875f41
validation,uniform,50,36,202700490036,0,,validation/uniform/n50/uniform_n50_0036.tsp,0fe2d026346c9f9767acf7654e03b44fed4200483d30dcafffaf17a83e3337df
validation,uniform,50,37,202700490037,0,,validation/uniform/n50/uniform_n50_0037.tsp,8e8ee9036a40c6660bdd4c1488ced8fd23981ac709e919ece6ea198fc6170d9a
validation,uniform,50,38,202700490038,0,,validation/uniform/n50/uniform_n50_0038.tsp,143dd3860ad57a39c608c66ad08cc3d79dadd444a4cdb5f59dabc228fbed0701
validation,uniform,50,39,202700490039,0,,validation/uniform/n50/uniform_n50_0039.tsp,e4c4e0f83d8ae066bf04f3253c45278e0fa5fc34b24ba365e29853834eb07657
validation,uniform,50,40,202700490040,0,,validation/uniform/n50/uniform_n50_0040.tsp,b2bb9ec5d87937d7e413e9db140514c2188db59fa3eac231a3901bf3d868f01b
validation,uniform,50,41,202700490041,0,,validation/uniform/n50/uniform_n50_0041.tsp,e3e47534d9961ad6a2284168a87ba5b4ebf688c69fce0e0fc382d4db49ef4854
validation,uniform,50,42,202700490042,0,,validation/uniform/n50/uniform_n50_0042.tsp,d47c60eed28f10fc714144cad5d2dad22ea02243eded1204ae218dd795c7fef2
validation,uniform,50,43,202700490043,0,,validation/uniform/n50/uniform_n50_0043.tsp,ed5adf705ec4fdd0a04ec87a983941522314f854544dc27991c573bc8cc843c4
validation,uniform,50,44,202700490044,0,,validation/uniform/n50/uniform_n50_0044.tsp,afd85f0f42e5bafef5ca65d16c7e84bac6573dd098afdf2763b52b85f9ffb34f
validation,uniform,50,45,202700490045,0,,validation/uniform/n50/uniform_n50_0045.tsp,f183b6e091e255498835f878be2a235b39928a48ef31028303f697a0628b4f8a
validation,uniform,50,46,202700490046,0,,validation/uniform/n50/uniform_n50_0046.tsp,2a41ea583750eac48961223c37680344984cf4e524f4bf49e4fb4c7e6fc090e2
validation,uniform,50,47,202700490047,0,,validation/uniform/n50/uniform_n50_0047.tsp,44dcbbc4b89cfdd4729848a18461d2f6857a03287ed8783bb3509c8756a98cf8
validation,uniform,50,48,202700490048,0,,validation/uniform/n50/uniform_n50_0048.tsp,cec0d76de87677a5dea358bef071f5f32450c8134cf33029ee7000a734f6ef69
validation,uniform,50,49,202700490049,0,,validation/uniform/n50/uniform_n50_0049.tsp,cdc51aaa2407959b9d7b3019a6f6d11fcee86a157945b0ba7f452b461aa37555
validation,uniform,50,50,202700490050,0,,validation/uniform/n50/uniform_n50_0050.tsp,005888409f2e1615a861482f6ea08a9c74134362b0805a3cfe3f41b2afc65af0
validation,uniform,50,51,202700490051,0,,validation/uniform/n50/uniform_n50_0051.tsp,cf722c32fffc15cbbd672fef3f42ce4136f78cd5af904bad1a52b726e1bc6f9a
validation,uniform,50,52,202700490052,0,,validation/uniform/n50/uniform_n50_0052.tsp,d126fa7d64d0d33f807a0321a2825e87d2f0fce9f361d054038bb0dfb33d9a88
validation,uniform,50,53,202700490053,0,,validation/uniform/n50/uniform_n50_0053.tsp,41e8687918c5f26f320ea92f90d5d209f0e28fe2cff5bca9e18b198c48532dcb
validation,uniform,50,54,202700490054,0,,validation/uniform/n50/uniform_n50_0054.tsp,2fdd46e5a4cfc5b26a471dbbbf175c246d019c5ccfe60d0f350bb6d952658d9b
validation,uniform,50,55,202700490055,0,,validation/uniform/n50/uniform_n50_0055.tsp,4904b9d67b75b023cccca7434ce8fc2624c3b137f52cd91e1b85189077d08eef
validation,uniform,50,56,202700490056,0,,validation/uniform/n50/uniform_n50_0056.tsp,b7ca51efd750400aba12d2746609e8b207b56255bbcf8a5be20e597ae704ec77
validation,uniform,50,57,202700490057,0,,validation/uniform/n50/uniform_n50_0057.tsp,2330d46fdeabce17d40bf608af78e9759c6861761249cb0b5ec5a1299fa801af
validation,uniform,50,58,202700490058,0,,validation/uniform/n50/uniform_n50_0058.tsp,6937d780eb8bffbc6d35dcc94a2b045794ff730097dbd38f481ab6dbaf2d9c6c
validation,uniform,50,59,202700490059,0,,validation/uniform/n50/uniform_n50_0059.tsp,eeda0ec123ff5cab8cb35884558c3e09d9362252703703d1027d249fe64f1a2c
validation,uniform,50,60,202700490060,0,,validation/uniform/n50/uniform_n50_0060.tsp,03e5d5cc630d89117e14c62e0f41261f49e052d08219c3c5b20f9cc8bce80ade
validation,uniform,50,61,202700490061,0,,validation/uniform/n50/uniform_n50_0061.tsp,ba1887e90ed78cd68a367777c9bc364666ccece07422dfe252db8e368841d122
validation,uniform,50,62,202700490062,0,,validation/uniform/n50/uniform_n50_0062.tsp,da346884cb60168029e712bcb233063718a27721d13734a36087325a43af3c5c
validation,uniform,50,63,202700490063,0,,validation/uniform/n50/uniform_n50_0063.tsp,56cd8a61c41f4705b14ee076d59324d16272d373987c21134fca4d068697326b
validation,uniform,50,64,202700490064,0,,validation/uniform/n50/uniform_n50_0064.tsp,8e14ad8d4bf84319cf761fec01a7480dc106812f7c6f71b4dc2a4f0067affa7d
validation,uniform,50,65,202700490065,0,,validation/uniform/n50/uniform_n50_0065.tsp,5e6f41832c7c390748f5157f9e655497452d37a576c83eb6c9abfad261ec0bbb
validation,uniform,50,66,202700490066,0,,validation/uniform/n50/uniform_n50_0066.tsp,5d1168afe8abe33aaf280b9b4a7ef9f631dcd5f98fe997fe695e1cdf28fcc20d
validation,uniform,50,67,202700490067,0,,validation/uniform/n50/uniform_n50_0067.tsp,cccef815df000c9a36248d1d8a95fd9d3541a277f7616756395d30a5f6243378
validation,uniform,50,68,202700490068,0,,validation/uniform/n50/uniform_n50_0068.tsp,6969615b1745cf924ade275f2acff7049f5332189b3ec5f1551d19ca72bf7b25
validation,uniform,50,69,202700490069,0,,validation/uniform/n50/uniform_n50_0069.tsp,17520baf8a776f714fe8faa1447cb97773c354332d6b0a005badbed28a090281
validation,uniform,50,70,202700490070,0,,validation/uniform/n50/uniform_n50_0070.tsp,754d5d3c9e61e7e0ecb48c3f72fd0f1fc65768cfdab6a28a9eb97ee19bea2428
validation,uniform,50,71,202700490071,0,,validation/uniform/n50/uniform_n50_0071.tsp,0b7ee549470cb50805a700ebfca2d4e369e770355b187a894ecd23ba8a365be2
validation,uniform,50,72,202700490072,0,,validation/uniform/n50/uniform_n50_0072.tsp,1d73efc6afcca1e8172db2f353abf0bd9c1d32939c490f1b467f8857707755f2
validation,uniform,50,73,202700490073,0,,validation/uniform/n50/uniform_n50_0073.tsp,ccf460763b3448136bc6b95bd73bdf039c60ca773447cc8ab94220641e14c2c1
validation,uniform,50,74,202700490074,0,,validation/uniform/n50/uniform_n50_0074.tsp,551c8dc048287ce2de9a172904aff4e2a843712903bd1bac5ef6a740ca334bff
validation,uniform,50,75,202700490075,0,,validation/uniform/n50/uniform_n50_0075.tsp,2d7042a8f4e8fdfcc5792c4581c4f58aa0c891360d66c0156b80381d3ca85214
validation,uniform,50,76,202700490076,0,,validation/uniform/n50/uniform_n50_0076.tsp,874ec4a6f8172a6048493d8ea2f305e1ffeee9354e941d4032bf4471bdcfb641
validation,uniform,50,77,202700490077,0,,validation/uniform/n50/uniform_n50_0077.tsp,22b89a524e1193299ebe44a74c905a13c627edf6c02bb547c63751589144681e
validation,uniform,50,78,202700490078,0,,validation/uniform/n50/uniform_n50_0078.tsp,eb13daa31576bb77e180c8771048bc866c3008096511a3903345069cd88b3249
validation,uniform,50,79,202700490079,0,,validation/uniform/n50/uniform_n50_0079.tsp,de5b2d8bcd272ff38893fb0c33f36fc169b1b51d9fdcfabef9f3763f4783333e
validation,uniform,50,80,202700490080,0,,validation/uniform/n50/uniform_n50_0080.tsp,1ceb0d086cfd15e4a4ac23cd72b233bb2fdcd07e3ae8362a75cca98b7c4a66be
validation,uniform,50,81,202700490081,0,,validation/uniform/n50/uniform_n50_0081.tsp,ba556c5aa646091c7ef16e6b272bd8f04fc0ed44ff2d6cea5d6f5e3183100cd7
validation,uniform,50,82,202700490082,0,,validation/uniform/n50/uniform_n50_0082.tsp,8b86522986585dd2ad2fb63c1fdc7d8d4f7b8ef04b32bfcb50bd0eb8d2424645
validation,uniform,50,83,202700490083,0,,validation/uniform/n50/uniform_n50_0083.tsp,fe6baf44b909de755174ed99e2982bd4e9e0bd105d0b0ff392b7d5148ebe2302
validation,uniform,50,84,202700490084,0,,validation/uniform/n50/uniform_n50_0084.tsp,2e00ba2cbbdc5f255978e2e7982ae017e8a83119e0bba8916ff996288a0d6c76
validation,uniform,50,85,202700490085,0,,validation/uniform/n50/uniform_n50_0085.tsp,4835c3312952e18b2a42044a077cbf82be29cbc0fb5ca3dc9e2f4e9ffea90b87
validation,uniform,50,86,202700490086,0,,validation/uniform/n50/uniform_n50_0086.tsp,e35c7cded886acccff9db9140da067281baf8c790054805a3cb15efd65233ed6
validation,uniform,50,87,202700490087,0,,validation/uniform/n50/uniform_n50_0087.tsp,a1a4eb1d6fbc6b0b4f78aa4a31700fe290fe4ebcff5efdd0bdf64940ab450594
validation,uniform,50,88,202700490088,0,,validation/uniform/n50/uniform_n50_0088.tsp,53b90233f88026efa5f3765912b9276548e594fae46ec95ad3e4af481eee40b5
validation,uniform,50,89,202700490089,0,,validation/uniform/n50/uniform_n50_0089.tsp,622149c6c5ae0bbcbc3063ad9d2afb1e0a9dbb31bf23bc886ea87da7f7fd00a6
validation,uniform,50,90,202700490090,0,,validation/uniform/n50/uniform_n50_0090.tsp,31d76c2b7f591021184c77c3154b0a7f546fee48a90c38e732dbb769dd9e2c17
validation,uniform,50,91,202700490091,0,,validation/uniform/n50/uniform_n50_0091.tsp,8c0432e6282d7439ad0a10d089eb32e684e8c3399508d5e67d4e6d4ef81785c1
validation,uniform,50,92,202700490092,0,,validation/uniform/n50/uniform_n50_0092.tsp,c8a70ac7fd55af22c2aff2e77c37835e5276e009eef88fa5e4d8a21487a678f3
validation,uniform,50,93,202700490093,0,,validation/uniform/n50/uniform_n50_0093.tsp,6aeea88f8c3bd7f5ef879bad587a16a71601d6a9d87cc908e99c375d68ca8d14
validation,uniform,50,94,202700490094,0,,validation/uniform/n50/uniform_n50_0094.tsp,d2172f5492722a58cc57bc50c72c6d0c2f3cc1a162813bf3217bd0744e2c1ced
validation,uniform,50,95,202700490095,0,,validation/uniform/n50/uniform_n50_0095.tsp,dda98ca3227c5ef227351d3e0a2e8913abda9b86585f476b1d541cbc242581af
validation,uniform,50,96,202700490096,0,,validation/uniform/n50/uniform_n50_0096.tsp,e7c16a2eda4afee9f7c2f6af6f6595caf38a6f1b40f5fbc411934609d2c50893
validation,uniform,50,97,202700490097,0,,validation/uniform/n50/uniform_n50_0097.tsp,75eb87439b7c9410c934382957b6f4d4d816bfdc881891a7f75a6eb9b7aae487
validation,uniform,50,98,202700490098,0,,validation/uniform/n50/uniform_n50_0098.tsp,fdf32a4672222bc4243b117c3fed65d0fe141b8e3507d145324fe8b798dc430e
validation,uniform,50,99,202700490099,0,,validation/uniform/n50/uniform_n50_0099.tsp,fe8555ea9a3c1ee3a11eb8061573553f3a5bbebe7040945473892640222040cd
validation,uniform,60,0,202700590000,0,,validation/uniform/n60/uniform_n60_0000.tsp,1ab23e1904148a38e6723f8e60def1fef311fae62d64f1dc0731e10707847585
validation,uniform,60,1,202700590001,0,,validation/uniform/n60/uniform_n60_0001.tsp,25e884543acf6aa34b1b5f8e6164adeb8b26f6afff23d12198f1b88098f992f8
validation,uniform,60,2,202700590002,0,,validation/uniform/n60/uniform_n60_0002.tsp,5f71db75db19580158b541c42e1737f1b273ad43780cd1acfbd30c87117c75b5
validation,uniform,60,3,202700590003,0,,validation/uniform/n60/uniform_n60_0003.tsp,eba7be7e9883b950ac7d3a93fe0e9146efbf60625cd790b3302ee04a4ba73c1e
validation,uniform,60,4,202700590004,0,,validation/uniform/n60/uniform_n60_0004.tsp,a73d9795a0f758d9185d3c4196bf08a79c510a3c25fba64e817e335c8af1f07a
validation,uniform,60,5,202700590005,0,,validation/uniform/n60/uniform_n60_0005.tsp,2c99396d04f97bcf1d5f592f57e1897b4c81849083dc9e3132c9243f1c5f824c
validation,uniform,60,6,202700590006,0,,validation/uniform/n60/uniform_n60_0006.tsp,73582938dacf0bc07e5ba57176a883e29b1358998189b10e69c75197bf4d988a
validation,uniform,60,7,202700590007,0,,validation/uniform/n60/uniform_n60_0007.tsp,5c56268e5a00e43da13bab51ad5505c664c0138c655cb6d848ea1fcbc6b8001c
validation,uniform,60,8,202700590008,0,,validation/uniform/n60/uniform_n60_0008.tsp,6ca4b0ad3e1f5368a70c2fb964b3b9e23ce26192b4ee9db7a1ff629281a9e01b
validation,uniform,60,9,202700590009,0,,validation/uniform/n60/uniform_n60_0009.tsp,25679f0f802ea71e1ce77dc628c049cdb056e08765ef281b7e540f827efbb5e6
validation,uniform,60,10,202700590010,0,,validation/uniform/n60/uniform_n60_0010.tsp,f6ff6060de4f83cd2a963c1b92b4ac576b3e4fc8b84afc931da9ada72fc41be8
validation,uniform,60,11,202700590011,0,,validation/uniform/n60/uniform_n60_0011.tsp,d7a81392f7f95895c93e44f7dcf3c14f16b8e42ffef54566dbbe64ebd1cd59ea
validation,uniform,60,12,202700590012,0,,validation/uniform/n60/uniform_n60_0012.tsp,21f2e95e9d682aea033442892b9855e9dc1910646e0fe65315a85c9a89ca5ace
validation,uniform,60,13,202700590013,0,,validation/uniform/n60/uniform_n60_0013.tsp,c29a3d20c188aee9b2fae8973dbf9a61624f7ac80096ed4d88f0ab9c7f946035
validation,uniform,60,14,202700590014,0,,validation/uniform/n60/uniform_n60_0014.tsp,cdaf4450e37907ae44fa1eb6dd62563e901556295ccd8704a3ce152837e73dc3
validation,uniform,60,15,202700590015,0,,validation/uniform/n60/uniform_n60_0015.tsp,40d960dc2f3b2d7f579a7ccce54cf52c8fd2a6b9e747667331ba66f802941be9
validation,uniform,60,16,202700590016,0,,validation/uniform/n60/uniform_n60_0016.tsp,5e336bde07abc2fe5cb0182a421a81af488fd1def160a4a368ec1fd0ac3c2ee1
validation,uniform,60,17,202700590017,0,,validation/uniform/n60/uniform_n60_0017.tsp,d3c3ea587a36b8db9278f5e57aa43f6f00e608ab3ed8949d60233d52e64961a2
validation,uniform,60,18,202700590018,0,,validation/uniform/n60/uniform_n60_0018.tsp,d282c3558d346eb73466d917f7cd17e8f18f1154c605c3b61b8c5edf903ebf3e
validation,uniform,60,19,202700590019,0,,validation/uniform/n60/uniform_n60_0019.tsp,babd1a0751982f6e291e902258ca5ba68583cda3dff4eed41d195f077f32c210
validation,uniform,60,20,202700590020,0,,validation/uniform/n60/uniform_n60_0020.tsp,7759e5131b7680467e48447a1824576340e23ad2f1f9a01f7b56a6c5418d01cd
validation,uniform,60,21,202700590021,0,,validation/uniform/n60/uniform_n60_0021.tsp,fd82649dc58533871dbad5ba150008fb63f9a746da6989d876044b8bca24dd4b
validation,uniform,60,22,202700590022,0,,validation/uniform/n60/uniform_n60_0022.tsp,7418afd217e1f77d17584995f8d62cfec7bda92e8d6ea78e05d96345426f67ab
validation,uniform,60,23,202700590023,0,,validation/uniform/n60/uniform_n60_0023.tsp,3b4ff090e127bf0432585d7a8bfcd5fe43b08ab52867fd6588e4eb2cbe130709
validation,uniform,60,24,202700590024,0,,validation/uniform/n60/uniform_n60_0024.tsp,605ace73818ca9489bf70e9c7a88423968f7e547ffff63c17b5ef2712b18cd69
validation,uniform,60,25,202700590025,0,,validation/uniform/n60/uniform_n60_0025.tsp,b2835ec4cdd0b25fc4d7a6e6ec14a8d3bf6e47736387130a930f724b72b333ef
validation,uniform,60,26,202700590026,0,,validation/uniform/n60/uniform_n60_0026.tsp,385888c2271940983b54518d8a03822bc1077ce515e6115c5aecf40fcb79a633
validation,uniform,60,27,202700590027,0,,validation/uniform/n60/uniform_n60_0027.tsp,95cc1755bf4af5ef1141f8cf109e5e236c15ee3fc75849f0d2a38e0849624130
validation,uniform,60,28,202700590028,0,,validation/uniform/n60/uniform_n60_0028.tsp,e00e9367fdeddefc62c88bc61bf2f0cae5c2a77edc5c4d481973bc698509df16
validation,uniform,60,29,202700590029,0,,validation/uniform/n60/uniform_n60_0029.tsp,25b5012b3db9215e869d4e4d0fd212b2cc5866257316c14cc88847c2ca597af6
validation,uniform,60,30,202700590030,0,,validation/uniform/n60/uniform_n60_0030.tsp,25167b60d6aec662324d64cfc1a7f5292b4a47e77709a6242f937d2645f00571
validation,uniform,60,31,202700590031,0,,validation/uniform/n60/uniform_n60_0031.tsp,6cb45ab2cf1b89b3964ca8de0af38ab042caf01b215cba03a841af4535adf7fe
validation,uniform,60,32,202700590032,0,,validation/uniform/n60/uniform_n60_0032.tsp,64d7529c79b0792e77bcfbf9bfc43dae5d0e5f66bf626ee0e1cb3e5a776f081f
validation,uniform,60,33,202700590033,0,,validation/uniform/n60/uniform_n60_0033.tsp,398241164d17c8348b992e16bf01c2254c4fd22b0feee5293339119a818d9ddd
validation,uniform,60,34,202700590034,0,,validation/uniform/n60/uniform_n60_0034.tsp,9b338c7af7252152279fc2499f2748b9db53baa6f7214960d69e96e69132c67e
validation,uniform,60,35,202700590035,0,,validation/uniform/n60/uniform_n60_0035.tsp,1869ffd8ec87ed6879d1967bee7a61aa3ab730f150cff3ac6358a128ec03dbac
validation,uniform,60,36,202700590036,0,,validation/uniform/n60/uniform_n60_0036.tsp,910f9cf90423002b086fb63f4df680128ac68646eb1de6372c523b4e0e35bf5c
validation,uniform,60,37,202700590037,0,,validation/uniform/n60/uniform_n60_0037.tsp,79a8ba021eca2465306cdc3517130b1486bc99ccdf19ad74d4dda06e7d18d9c1
validation,uniform,60,38,202700590038,0,,validation/uniform/n60/uniform_n60_0038.tsp,3a093a065d2b574b0f28e6938ad258e43134239eab9ca2e5b81672818277afc7
validation,uniform,60,39,202700590039,0,,validation/uniform/n60/uniform_n60_0039.tsp,805e728d0ed6c5c19c4a706018138ab191b8921c3248007631f5690d3d5f47b1
validation,uniform,60,40,202700590040,0,,validation/uniform/n60/uniform_n60_0040.tsp,f32a4f44d8e5499067a373560d9ce99f15a4e870d0872d184b23c1744484f269
validation,uniform,60,41,202700590041,0,,validation/uniform/n60/uniform_n60_0041.tsp,cf083a97633bb48622184c9e36a48893717a36e049bfbed46ea907159326f878
validation,uniform,60,42,202700590042,0,,validation/uniform/n60/uniform_n60_0042.tsp,4521d46dd91840e3b6dd04509306cc854be72d1ca079146bb7b7ee5e209471b0
validation,uniform,60,43,202700590043,0,,validation/uniform/n60/uniform_n60_0043.tsp,e80882b48a4e959325f6226955be7e81fe127ba5563e9e05fc9d358e30815e19
validation,uniform,60,44,202700590044,0,,validation/uniform/n60/uniform_n60_0044.tsp,0b611985fa869a1027ac4d9cb8ca92cbd99224d2b406040fd5e409712e179d12
validation,uniform,60,45,202700590045,0,,validation/uniform/n60/uniform_n60_0045.tsp,4fe955167c4c8eefb5e3c0dee49c5f0d8df02907d3314ca2ce6f44c667dd063f
validation,uniform,60,46,202700590046,0,,validation/uniform/n60/uniform_n60_0046.tsp,2755dddadc930fd91074c81b99f8abab5edb90fd520f2daaff91765493e56374
validation,uniform,60,47,202700590047,0,,validation/uniform/n60/uniform_n60_0047.tsp,54331f418cbbc1eb7204d15781a6471384ec6bed0c32ca4bb8865f1c2240b682
validation,uniform,60,48,202700590048,0,,validation/uniform/n60/uniform_n60_0048.tsp,5ce52545d40114e8ed8567dd2a7eb271b4c1142dff12c44105a1af838695d20e
validation,uniform,60,49,202700590049,0,,validation/uniform/n60/uniform_n60_0049.tsp,209cb2ec06a943e52ec9832db6b01672ddedb698edadaac93bdd9179cca3442f
validation,uniform,60,50,202700590050,0,,validation/uniform/n60/uniform_n60_0050.tsp,516ca34cd649369b8972c183d0dc80366c9f6ff123fdb1850136734cd03d2db2
validation,uniform,60,51,202700590051,0,,validation/uniform/n60/uniform_n60_0051.tsp,4b85319e83cbf8f78ac4b20c568af4761bdd1dde60a9a9c720fbf98f37bd3da0
validation,uniform,60,52,202700590052,0,,validation/uniform/n60/uniform_n60_0052.tsp,a7e2e0e654f4ffea81ae0ef5021038da5a22cb757ef2896ee90e4554f7dc5ca1
validation,uniform,60,53,202700590053,0,,validation/uniform/n60/uniform_n60_0053.tsp,5103cc93134f9501b7e0fc05347e712719e73d20dc2cec41f7c303ba84763594
validation,uniform,60,54,202700590054,0,,validation/uniform/n60/uniform_n60_0054.tsp,abcf2a1e4a7f78d96b93599e1c4862d5a9173d12908752461c3e9add6a0b395c
validation,uniform,60,55,202700590055,0,,validation/uniform/n60/uniform_n60_0055.tsp,7c3b38477c1ec8d8f322dd5b25471078ed2fc6f7676628e1d3d3fe0afa023cae
validation,uniform,60,56,202700590056,0,,validation/uniform/n60/uniform_n60_0056.tsp,7e4439810b1d5e63fc1454266b70a7235d8988f7c92acf0d60b8cf63deccf90b
validation,uniform,60,57,202700590057,0,,validation/uniform/n60/uniform_n60_0057.tsp,f09846c082becaad51ec86c56d9155da14e4a4475cb73d0ab0577f3e8aad46b4
validation,uniform,60,58,202700590058,0,,validation/uniform/n60/uniform_n60_0058.tsp,9db6e67ede33d7b6d53fb8216abc931e4ece7816751651ca45f5d16583936f5f
validation,uniform,60,59,202700590059,0,,validation/uniform/n60/uniform_n60_0059.tsp,1f98a2b94b0b6a238d073b8ddf7387eba1d431d92067f1c44a237116a46c49d2
validation,uniform,60,60,202700590060,0,,validation/uniform/n60/uniform_n60_0060.tsp,d7aa79e470b5fa244e959ead7d7b35ed0364ac2641ba065f7b05fde9a898f50d
validation,uniform,60,61,202700590061,0,,validation/uniform/n60/uniform_n60_0061.tsp,c1bb3318a9c70532d4c91758f9cdf41530ed4a55c9619d7e8722f3e235f1a260
validation,uniform,60,62,202700590062,0,,validation/uniform/n60/uniform_n60_0062.tsp,6dcd39f5fb2bb2675b3a597600dab050adb50dde35c88154c864220bc909b47f
validation,uniform,60,63,202700590063,0,,validation/uniform/n60/uniform_n60_0063.tsp,c0e2f575e87a8de9337a731f7526d552cf480a91a064f0dd4b18b2cc1bc723e2
validation,uniform,60,64,202700590064,0,,validation/uniform/n60/uniform_n60_0064.tsp,c31d96b748f921fab80ec058c0d776437768240488a229c35ef950d6585febdb
validation,uniform,60,65,202700590065,0,,validation/uniform/n60/uniform_n60_0065.tsp,b3fe8e947acad61084e7684638f834964d6173c809e1ae6f5af696d7226e3cf5
validation,uniform,60,66,202700590066,0,,validation/uniform/n60/uniform_n60_0066.tsp,c7bd40177c1907b0cf661639f91d2cdf2c93ef05b385c79b84228db485c967fc
validation,uniform,60,67,202700590067,0,,validation/uniform/n60/uniform_n60_0067.tsp,170c2712a67b7451fd3aea13677e7b751d61319af3c36cff413f3670083c74fc
validation,uniform,60,68,202700590068,0,,validation/uniform/n60/uniform_n60_0068.tsp,bb07f71607ec3976a307ba97bda08bcae2a04eed1a32fd96cb5cb18e98fb29bd
validation,uniform,60,69,202700590069,0,,validation/uniform/n60/uniform_n60_0069.tsp,68758dbe84f625631a28c06ba9438dfd02f0f44f317a0e0858356ca87c3186f6
validation,uniform,60,70,202700590070,0,,validation/uniform/n60/uniform_n60_0070.tsp,85042cdf70d63c90ae2bade11e381f408960eb62053b337c2892a1f5902dcad0
validation,uniform,60,71,202700590071,0,,validation/uniform/n60/uniform_n60_0071.tsp,74fe5bfb25f72b315555c57c7802f413886369735b3e8e8257667dc41ae85ac8
validation,uniform,60,72,202700590072,0,,validation/uniform/n60/uniform_n60_0072.tsp,8e2ca6dc77fef046809c061683ae4a888d7e8beffa2aabf1cfa2f69b36f755eb
validation,uniform,60,73,202700590073,0,,validation/uniform/n60/uniform_n60_0073.tsp,de677b0ac388f6161abd7d65d1d4cc55ad4b7880c564a715d05ae78907e0ebe4
validation,uniform,60,74,202700590074,0,,validation/uniform/n60/uniform_n60_0074.tsp,2b741f94fab62ff5adaf96b83e69bc7d001899dfee5d1b389dd93420d06c9c43
validation,uniform,60,75,202700590075,0,,validation/uniform/n60/uniform_n60_0075.tsp,a0738f89d100d12a3e8f5313c268f3f0156b98c7c18504c3ae087af9bd977140
validation,uniform,60,76,202700590076,0,,validation/uniform/n60/uniform_n60_0076.tsp,9a13f0a88aaed6ae9103c0b3d6d664ad77e07d8910d96d7bb4db972ceccdfa2e
validation,uniform,60,77,202700590077,0,,validation/uniform/n60/uniform_n60_0077.tsp,bbad394d6dcb3022d3dddcdbfd3e5eaee84e28ee986b4cbd7c9946f2fedb5843
validation,uniform,60,78,202700590078,0,,validation/uniform/n60/uniform_n60_0078.tsp,8439e1e94191e91a8f3f5a4c1b46887aea810d4ca88808d9be9c7b2a1643ba6d
validation,uniform,60,79,202700590079,0,,validation/uniform/n60/uniform_n60_0079.tsp,64487d1e4f5f3f6073446c79e9fabbae59a168a2ec4af089a7411ef84921e201
validation,uniform,60,80,202700590080,0,,validation/uniform/n60/uniform_n60_0080.tsp,4797815a1d748ba227e2f100d2c881f8ac40adb7e673b3f9adfc189fb18d4247
validation,uniform,60,81,202700590081,0,,validation/uniform/n60/uniform_n60_0081.tsp,a7d6c16bf646743d1a4fb6d6a6d6fd4486b60392cd360f444ed88f9a17d957a0
validation,uniform,60,82,202700590082,0,,validation/uniform/n60/uniform_n60_0082.tsp,e010f1c44b6695f2da69c306d3162cc1c3f548456238c5380cf14af5d889c7bd
validation,uniform,60,83,202700590083,0,,validation/uniform/n60/uniform_n60_0083.tsp,bdcb08bc3c47a4f05adac818a984e52dd3f8e18d1a11a0239b958d84feb26351
validation,uniform,60,84,202700590084,0,,validation/uniform/n60/uniform_n60_0084.tsp,517d8765d7354d07c0265161146a35a8342d6c9e34c4b2c5357e8f55303e2e9d
validation,uniform,60,85,202700590085,0,,validation/uniform/n60/uniform_n60_0085.tsp,58189f5137ef500ca78343e663c49ab10fc8f8cd989f349723bfb9ffe179d666
validation,uniform,60,86,202700590086,0,,validation/uniform/n60/uniform_n60_0086.tsp,2d6ef56d8eb87f0db77c5cf640d03b9ebfe5e08e8d1634ed29773c68977083f0
validation,uniform,60,87,202700590087,0,,validation/uniform/n60/uniform_n60_0087.tsp,429a98591a7971d7834573f1f421a2cd286bded841e2eebaaf24db0af124e69c
validation,uniform,60,88,202700590088,0,,validation/uniform/n60/uniform_n60_0088.tsp,7f098415f9a4bcf7c504076bd4bd099380c75529976baa950edf54012aa7c838
validation,uniform,60,89,202700590089,0,,validation/uniform/n60/uniform_n60_0089.tsp,82bbe1b527a1a3abcba367235f3ae002b072596f354948dba28814b4a14fe353
validation,uniform,60,90,202700590090,0,,validation/uniform/n60/uniform_n60_0090.tsp,ffa2ec51c2e249018affead6f516f823a87311277f4612434e676d17f6e5b6b7
validation,uniform,60,91,202700590091,0,,validation/uniform/n60/uniform_n60_0091.tsp,dde23d054ce8520800cc5f347605ff5831d11dc89b7ca7efab91a1187cbc32e1
validation,uniform,60,92,202700590092,0,,validation/uniform/n60/uniform_n60_0092.tsp,c9a1434f6929c0674973d6c48ba83ecbb6512adf362519d01afd797505df1a89
validation,uniform,60,93,202700590093,0,,validation/uniform/n60/uniform_n60_0093.tsp,e1f8cc5e1b7d391a7fee10b16859560ffedbbb5398043387d99bc993c56c133a
validation,uniform,60,94,202700590094,0,,validation/uniform/n60/uniform_n60_0094.tsp,ff4cc90e9da1ffe0a80e529a22ad4144f3f8b9d095a992819217c7141c3dc920
validation,uniform,60,95,202700590095,0,,validation/uniform/n60/uniform_n60_0095.tsp,d7bed3f101fdce07663e2fdf8bb027c24896bebd31a9b5ecb5ac9df918447f86
validation,uniform,60,96,202700590096,0,,validation/uniform/n60/uniform_n60_0096.tsp,ab023ba5a5ecb48265fdbc88c759e2c75846f3f6cf9796e09907ef8192b2b1a7
validation,uniform,60,97,202700590097,0,,validation/uniform/n60/uniform_n60_0097.tsp,8c6b010053b418f3d721b0745e5b2a425c7c9c492c0046fc4949e574e527426a
validation,uniform,60,98,202700590098,0,,validation/uniform/n60/uniform_n60_0098.tsp,62154c0ffef5be68a40834e97151a095fe4696c0d1ce73361027f9aadcd2f641
validation,uniform,60,99,202700590099,0,,validation/uniform/n60/uniform_n60_0099.tsp,f793282e45b7491e528e8a9c316700c419d03ff769671349d52b117de07e40e5
validation,clustered,10,0,202701090000,2,615.098,validation/clustered/n10/clustered_n10_0000.tsp,4c1c388ba8e83deec628ae80b3e6f234dc1aac1789f3d1cfa506466a87b0b9a6
validation,clustered,10,1,202701090001,3,833.456,validation/clustered/n10/clustered_n10_0001.tsp,e0fc83c5b43feaf977018df6551332ba042f75952283bfbcacb4222d21a5e332
validation,clustered,10,2,202701090002,3,555.897,validation/clustered/n10/clustered_n10_0002.tsp,409d288c66d62005e1fcdd0cc305f1eee45fac74ec9b8840c88dd6ab3f4dab8a
validation,clustered,10,3,202701090003,3,318.371,validation/clustered/n10/clustered_n10_0003.tsp,63e721d1c4823a2d352c537a89b9e75ccfb9dad88eac415431f377a0a480de3b
validation,clustered,10,4,202701090004,2,377.165,validation/clustered/n10/clustered_n10_0004.tsp,b90ff2de724dee5a627edbf366c37a31c331cbccf5584dccf8a538e45df6aa61
validation,clustered,10,5,202701090005,3,737.533,validation/clustered/n10/clustered_n10_0005.tsp,ba8524c079141fdb17ca0e944f9d9f1e85f022a17b00a999faced466c64279c8
validation,clustered,10,6,202701090006,2,684.018,validation/clustered/n10/clustered_n10_0006.tsp,7b2e1d3ab589783ce89b52605954841ec1f0b08bdf507b668960672de3e31a1d
validation,clustered,10,7,202701090007,3,531.801,validation/clustered/n10/clustered_n10_0007.tsp,fb5cc56430001baa0f729330b0c6f24688e66627029dab25c25dbd1299753fac
validation,clustered,10,8,202701090008,3,672.913,validation/clustered/n10/clustered_n10_0008.tsp,db271ffbb63b0cc64240c53f6d1ac26c593bb781b293b90f1e7b8626ff19590c
validation,clustered,10,9,202701090009,2,594.523,validation/clustered/n10/clustered_n10_0009.tsp,25a524784ae24307ba6033b6d77609e11c11a71b36ec6ddd827095534a67271b
validation,clustered,10,10,202701090010,3,803.695,validation/clustered/n10/clustered_n10_0010.tsp,30a7cbf8450598b3512edba19f1030cba335d83853dde853ef17690d8dbf2e02
validation,clustered,10,11,202701090011,2,671.167,validation/clustered/n10/clustered_n10_0011.tsp,375f758026163dff16e3d49704c2058d1efa83260f6d19f06c99c18f1b60122b
validation,clustered,10,12,202701090012,3,323.696,validation/clustered/n10/clustered_n10_0012.tsp,d6d25053cef20ec3870a7f2cd65ae97f41f68ba07d2b3ff397278b29de6d5b68
validation,clustered,10,13,202701090013,2,816.773,validation/clustered/n10/clustered_n10_0013.tsp,bf008ba569104ae5665e443df57c0dc30580c41b0adcccfae5c0022f2edec106
validation,clustered,10,14,202701090014,3,444.967,validation/clustered/n10/clustered_n10_0014.tsp,c205273816af95a27b284f7003635bbef7063c450ab96a8028b5161038d22aee
validation,clustered,10,15,202701090015,2,644.966,validation/clustered/n10/clustered_n10_0015.tsp,e7c3bd29262bb37ce8e28630987dcbc1dec61222b916d0522180fbd00f09c5b7
validation,clustered,10,16,202701090016,2,634.736,validation/clustered/n10/clustered_n10_0016.tsp,904b15c32bb79628900d204fcc07ba027b9a4e42a1d7c1cc333cbd3211ff0279
validation,clustered,10,17,202701090017,3,401.873,validation/clustered/n10/clustered_n10_0017.tsp,9d7d9969fe87969264838d9ffba330445c0c51bfad103dd31c92713048874711
validation,clustered,10,18,202701090018,2,839.416,validation/clustered/n10/clustered_n10_0018.tsp,bd93ac51faefd253fb6183bf215385266a495376bb8ca5d2abe431ad2eed596d
validation,clustered,10,19,202701090019,3,563.006,validation/clustered/n10/clustered_n10_0019.tsp,ba337984703ac41559317cdfc5cf35108042c43496b949bf2c437d52515b3120
validation,clustered,10,20,202701090020,2,792.774,validation/clustered/n10/clustered_n10_0020.tsp,22b401e7b38978be3b0a3cadc506c002cfc6adc6281cef18875cf3e5b0130350
validation,clustered,10,21,202701090021,3,489.964,validation/clustered/n10/clustered_n10_0021.tsp,55acff5c8f61c587a0109beaf685b4cd7c73cb82f57d4b09f0c63301857b54c1
validation,clustered,10,22,202701090022,2,834.233,validation/clustered/n10/clustered_n10_0022.tsp,1c75be9e23408d0f19e5e5fa5b487297be34b4c85294d06208d482fbe7e5e121
validation,clustered,10,23,202701090023,3,608.065,validation/clustered/n10/clustered_n10_0023.tsp,ebebf1ac60173246f056ed78acd79b1ce69e33bc1725714684127a1ec42bc7b1
validation,clustered,10,24,202701090024,2,498.372,validation/clustered/n10/clustered_n10_0024.tsp,302df5f55706430c68f4c86749a23acef245ffa6b895a18ce19c940e5940595f
validation,clustered,10,25,202701090025,3,526.668,validation/clustered/n10/clustered_n10_0025.tsp,9788a0c183d6ba25ec26fef61e2ef881251e571c3f2c86b4abe2cf6d40dc8592
validation,clustered,10,26,202701090026,2,534.993,validation/clustered/n10/clustered_n10_0026.tsp,6bd75058776d42cf080d2783198b15e5ff83800f97176c8b723bd60d546c2523
validation,clustered,10,27,202701090027,2,390.874,validation/clustered/n10/clustered_n10_0027.tsp,1612d59f530883c3c26f1278f8ea8e9b95fca8abbcda5c3fb45854d5a46f2b95
validation,clustered,10,28,202701090028,3,563.088,validation/clustered/n10/clustered_n10_0028.tsp,ca871172f2daff512fa2e4933cf0d5163f484f76e09ef57f6758d043f3c49220
validation,clustered,10,29,202701090029,3,477.806,validation/clustered/n10/clustered_n10_0029.tsp,156cd0de880deec1a521aaeda0cb5e706b53bf5066aa02042ce5c2b2f3c853e1
validation,clustered,10,30,202701090030,3,377.925,validation/clustered/n10/clustered_n10_0030.tsp,0395a8ec45f48b81af618a6b223e6775c2632e5b9f96d2fa50554c022d27f55a
validation,clustered,10,31,202701090031,2,437.792,validation/clustered/n10/clustered_n10_0031.tsp,2489bdce16dd7e156597593a438a76b3d0b4cf7e8bf9a18c52c14c7fe510c58b
validation,clustered,10,32,202701090032,2,423.53,validation/clustered/n10/clustered_n10_0032.tsp,a3db8b3771ec7c6e3ded4dc7e76c37fb3551225d776dab55d809d00ab623238d
validation,clustered,10,33,202701090033,3,588.996,validation/clustered/n10/clustered_n10_0033.tsp,5066c512e44f5501bd24f79b25f1e37b4496281202da0f367d2d338cee2660d8
validation,clustered,10,34,202701090034,3,703.241,validation/clustered/n10/clustered_n10_0034.tsp,5a29e909e21ca0962cd79825b0085125e8879b91707dc3eac5ed2b9013a52f24
validation,clustered,10,35,202701090035,3,492.6,validation/clustered/n10/clustered_n10_0035.tsp,82cb7446ca1398724b4ef0d30fdf0b51f507d2fefb10123900db16644200cc11
validation,clustered,10,36,202701090036,2,442.003,validation/clustered/n10/clustered_n10_0036.tsp,c18e283f10d1be8aa0d3c67b89db3919e367018ae03dced87dedd20ba84fcd30
validation,clustered,10,37,202701090037,2,779.504,validation/clustered/n10/clustered_n10_0037.tsp,29688147ab90a86712bd90b962369b232084eb31edb4c2bcb0960145550f5ac9
validation,clustered,10,38,202701090038,2,438.604,validation/clustered/n10/clustered_n10_0038.tsp,3dfebf4d39a040c51c2c0170275f3714efe484ea8d43bb957df351bbf22432ab
validation,clustered,10,39,202701090039,2,757.166,validation/clustered/n10/clustered_n10_0039.tsp,bf9dfacd4845f5d872401e07646f4b7be67019f3ae83e4fd2bdd40d8e7473209
validation,clustered,10,40,202701090040,3,577.964,validation/clustered/n10/clustered_n10_0040.tsp,47f936cb96d40198fa319a32c30e8e65a8a926eaf54cec001fc9e742cf18a813
validation,clustered,10,41,202701090041,2,608.525,validation/clustered/n10/clustered_n10_0041.tsp,df5154333c11d9872f5f131fa42e39b32844178003312203cdb4117588db3f94
validation,clustered,10,42,202701090042,3,808.219,validation/clustered/n10/clustered_n10_0042.tsp,3d7b6cb2c8ef4d6f3254a773c2a085aef2c373aaf7126b9eed279c3aa3db8189
validation,clustered,10,43,202701090043,3,828.605,validation/clustered/n10/clustered_n10_0043.tsp,daf8619e51bbfa0e142b7e4c81b980d4c7f60292e7e1e34b1742ae1f77674b46
validation,clustered,10,44,202701090044,2,512.862,validation/clustered/n10/clustered_n10_0044.tsp,7e93701f134eee4614035ea410d9a979df7fcfe7ab9892d7f55a0f085f72e3f7
validation,clustered,10,45,202701090045,2,446.774,validation/clustered/n10/clustered_n10_0045.tsp,43de7443b9b16b5b1ebddcc8ef5a292354c1315ab726bc3c708ea3072671779c
validation,clustered,10,46,202701090046,2,574.988,validation/clustered/n10/clustered_n10_0046.tsp,11c9b770ca56c4cc0847a980a621d44064a10c47234d719df53d9a5dda5f80a7
validation,clustered,10,47,202701090047,2,371.462,validation/clustered/n10/clustered_n10_0047.tsp,27bfe7525cde90b9f70d5384deb147f80cadaa8513bfdb5eb8701f21c248f27a
validation,clustered,10,48,202701090048,3,315.048,validation/clustered/n10/clustered_n10_0048.tsp,09056390bc8f82c24fbb7d88db0a17ed1d4b7dde4a863c86b5c75cb00f1267c8
validation,clustered,10,49,202701090049,2,442.922,validation/clustered/n10/clustered_n10_0049.tsp,928c91d087790e41ad28be396c57a3814a58c42f813649a9baeafa86155109c5
validation,clustered,10,50,202701090050,3,365.829,validation/clustered/n10/clustered_n10_0050.tsp,eacf41ea8ad8f33f66bab0fc8afbfb9165abd318d45ee557841ba855aca5dc10
validation,clustered,10,51,202701090051,2,588.224,validation/clustered/n10/clustered_n10_0051.tsp,bfed94968c17ba6e2b4ebccf1adfd99830dae1720684d26c9406c1e0363f0d58
validation,clustered,10,52,202701090052,3,340.846,validation/clustered/n10/clustered_n10_0052.tsp,e33b13b8b0189277fda383ed7143b3b054624ca956207d5e7518626baa91f830
validation,clustered,10,53,202701090053,2,491.216,validation/clustered/n10/clustered_n10_0053.tsp,7e45ef05f1913d8d767730a84a19a3f9716b0ca08c2ad4c4f9b20d241329d1fa
validation,clustered,10,54,202701090054,2,429.072,validation/clustered/n10/clustered_n10_0054.tsp,0d5bad8638a767aea93ce31502207619976f2a5c6250595a68f05f602006cd31
validation,clustered,10,55,202701090055,3,603.616,validation/clustered/n10/clustered_n10_0055.tsp,154bd8433d5616aeee5f842ce5b1c427a40916096c06a8253bb0b10b3c25fde4
validation,clustered,10,56,202701090056,2,695.566,validation/clustered/n10/clustered_n10_0056.tsp,87d4854d2f4ccd6be469860ad274c843cf14e76c76dd1e6ea9c5b254f04eb40c
validation,clustered,10,57,202701090057,2,704.265,validation/clustered/n10/clustered_n10_0057.tsp,ad7ba5e25a73a3b4dccc6bcdf8aed20df6377150d2ea0ecf53b2cf8a99bfafa2
validation,clustered,10,58,202701090058,2,663.764,validation/clustered/n10/clustered_n10_0058.tsp,f2ce7af121bbe314e7c268840d777c92839242f941326011f2e2d98f3e164990
validation,clustered,10,59,202701090059,3,610.752,validation/clustered/n10/clustered_n10_0059.tsp,707c9d4d1e01dadcd46a88124535892e3b33b84d121b0024a5b8f98dea54c4e0
validation,clustered,10,60,202701090060,3,785.116,validation/clustered/n10/clustered_n10_0060.tsp,c06673afd64a50b4c30fc009089cd16df53244d0ecabc830ef87818f53b157f9
validation,clustered,10,61,202701090061,3,511.31,validation/clustered/n10/clustered_n10_0061.tsp,6da056ba39241a28b017dc111f97e362dc771ba6050715969dab27712a2ccf18
validation,clustered,10,62,202701090062,2,376.948,validation/clustered/n10/clustered_n10_0062.tsp,0cb36f45943664f92609d6b34ef565a964e9fa41ab86715c367a768c38c7f848
validation,clustered,10,63,202701090063,2,806.134,validation/clustered/n10/clustered_n10_0063.tsp,24836ee43d51807f58d16d1b65977536483c12e8282c242f244d6e6bf4d90209
validation,clustered,10,64,202701090064,3,339.827,validation/clustered/n10/clustered_n10_0064.tsp,8e418359af152d8635fb55279ce57facc85ba2056126299d273695435f712d50
validation,clustered,10,65,202701090065,3,665.842,validation/clustered/n10/clustered_n10_0065.tsp,055738ed79c4d41202b528669ae918f3bee2ba085e8093f3f51560fc91121178
validation,clustered,10,66,202701090066,3,397.302,validation/clustered/n10/clustered_n10_0066.tsp,efb224b35be78c86dd0115c6e26bde29c950fee58956258b3c275b9fdee9a0b2
validation,clustered,10,67,202701090067,2,837.053,validation/clustered/n10/clustered_n10_0067.tsp,0052410cb57446ffb30e9cafdec2a28aa9851dd3e2e52ca1fb45d73497ce19ea
validation,clustered,10,68,202701090068,2,495.801,validation/clustered/n10/clustered_n10_0068.tsp,4c1c2b335fede42cc4c96ae40c91dd56ddb42c1bdc9b5a45147eadc96ed032ff
validation,clustered,10,69,202701090069,2,774.839,validation/clustered/n10/clustered_n10_0069.tsp,2dd5ca125154fbedeba86cef9db4abf2bb9ab8a57ccfe818ec2365a9618b0ca3
validation,clustered,10,70,202701090070,3,403.146,validation/clustered/n10/clustered_n10_0070.tsp,25bc47b466b46e1d2b9583eb9ae33adf8657af0261af62b788641844a9453787
validation,clustered,10,71,202701090071,3,302.635,validation/clustered/n10/clustered_n10_0071.tsp,500152668fcb33e5570ef57a3002c7ac69b38f7b8615c2659a905977fc133c1b
validation,clustered,10,72,202701090072,3,526.617,validation/clustered/n10/clustered_n10_0072.tsp,8a4a48bd9bc5cf84cbde4fde89d3a61fefeb775adc7d7b781c273aacb180765f
validation,clustered,10,73,202701090073,3,317.149,validation/clustered/n10/clustered_n10_0073.tsp,0f462af93687ac0006ef986115c527ec8dd0d80126824e9bcbde2027c012703a
validation,clustered,10,74,202701090074,3,695.799,validation/clustered/n10/clustered_n10_0074.tsp,f408faffc0882eab74bf17887f4f0ebe56547a433e475ddcf2765093012d7a2c
validation,clustered,10,75,202701090075,3,355.822,validation/clustered/n10/clustered_n10_0075.tsp,60ac4b2cf34234e8a8e1b07abadd9badb659c0b83a8f284f0684d4c39d85671b
validation,clustered,10,76,202701090076,2,667.605,validation/clustered/n10/clustered_n10_0076.tsp,a2d20b2904f952f3cbec15f2b4c3d5e348d8067c9924618fbed2abc7a876b749
validation,clustered,10,77,202701090077,3,768.44,validation/clustered/n10/clustered_n10_0077.tsp,4094528561982493ea732e0bae0718303091ccf62ab8cdd7b0ba9df0bec4109f
validation,clustered,10,78,202701090078,2,833.089,validation/clustered/n10/clustered_n10_0078.tsp,fe13362d278b3da5deaaea361cb7ec6281284aa42270dd4c535c1fea5a19c5dc
validation,clustered,10,79,202701090079,2,455.278,validation/clustered/n10/clustered_n10_0079.tsp,49fb95f67ccb4d1715db3f6a205a59f916198149a24c26bf3d4e1ed8b7708e5e
validation,clustered,10,80,202701090080,2,786.973,validation/clustered/n10/clustered_n10_0080.tsp,e8fc191cdd474c68bddfc484f88461eb5bde0651d8fc71d66a2c49424330efff
validation,clustered,10,81,202701090081,2,669.139,validation/clustered/n10/clustered_n10_0081.tsp,2cb27e8bb91f0d7aaeed2bd462fe5ea78eda669929d60a5ff2883929f09eef89
validation,clustered,10,82,202701090082,3,818.137,validation/clustered/n10/clustered_n10_0082.tsp,5886ef44c0c1c7789eb0a1e184ea10d17e0d8eac48f96f713e1d72ab0763d98e
validation,clustered,10,83,202701090083,2,522.816,validation/clustered/n10/clustered_n10_0083.tsp,0b9ae1ee17ce963d797642e8455714220ad1161099f2c9eaeb160ed5fdf1f2da
validation,clustered,10,84,202701090084,2,370.901,validation/clustered/n10/clustered_n10_0084.tsp,95a9365c3d0b739b9f1581fdf6545eae4948ce13d58881df31621e1c473a2d9e
validation,clustered,10,85,202701090085,3,766.957,validation/clustered/n10/clustered_n10_0085.tsp,0f1123e0ca5e8a4c5403bfe7cba9e396b0809ef569df3dbe4d3de052a9dcc456
validation,clustered,10,86,202701090086,2,792.554,validation/clustered/n10/clustered_n10_0086.tsp,5c3c445581b8c84e4de33ebeeebf32ed54d0aee91027b63df5d44257128550c1
validation,clustered,10,87,202701090087,2,520.017,validation/clustered/n10/clustered_n10_0087.tsp,365935350e06c1ea78cfdeab3f1ccec67b97f0d58cbe66413564b091a06c11fc
validation,clustered,10,88,202701090088,2,624.5,validation/clustered/n10/clustered_n10_0088.tsp,82f8b9561432d60cc3f4efb3b49c9e24bb58eb82794a541fcd07db116a65846c
validation,clustered,10,89,202701090089,3,428.224,validation/clustered/n10/clustered_n10_0089.tsp,dc772f943585e8d4bea9fdb182442f997c914f07ac41bcfdd57327b6b3ab68f7
validation,clustered,10,90,202701090090,2,800.256,validation/clustered/n10/clustered_n10_0090.tsp,c9bfe9fef9cf767bedca590901d3a24a061598e4892faf1d8541df09963cbb13
validation,clustered,10,91,202701090091,2,598.05,validation/clustered/n10/clustered_n10_0091.tsp,d372a1335ce7c3b5d5658454fc08de8140dc2f6e3d6a78a411102e9f7c9f43bd
validation,clustered,10,92,202701090092,2,584.835,validation/clustered/n10/clustered_n10_0092.tsp,e302ff1207e5804e8fbe0b6f8391c55fc241ee9d5b76ed19e2807708151b8b90
validation,clustered,10,93,202701090093,3,441.567,validation/clustered/n10/clustered_n10_0093.tsp,34a4a83db329f41e22816c8195984942904199f4a46f67d956f5034aafbbb835
validation,clustered,10,94,202701090094,3,799.198,validation/clustered/n10/clustered_n10_0094.tsp,b865de328b51859e12ddf2a17f614fd759034145f343a028d775a1e81c9ed832
validation,clustered,10,95,202701090095,3,722.218,validation/clustered/n10/clustered_n10_0095.tsp,40f6a26b85196e4caa53ead571d02803b7d2144b1262f4d323a53e51096e467a
validation,clustered,10,96,202701090096,2,791.444,validation/clustered/n10/clustered_n10_0096.tsp,aaa5b9a24ee7e54295ab50196c426fb27f533e644036e5570c11349f808ad7df
validation,clustered,10,97,202701090097,3,303.032,validation/clustered/n10/clustered_n10_0097.tsp,6a64856635312f2785011ecb403166213215f2df07deb5e8d10d0e36f2718e9f
validation,clustered,10,98,202701090098,2,330.186,validation/clustered/n10/clustered_n10_0098.tsp,43029cb2487a01f00aca2f7e270f8845cec881ef768a7937672b0a66d4244700
validation,clustered,10,99,202701090099,2,837.123,validation/clustered/n10/clustered_n10_0099.tsp,79b2ce2a5b8e334f2cbbc38036b8f4820c950c75821cb87596c04b428e93deca
validation,clustered,20,0,202701190000,3,539.335,validation/clustered/n20/clustered_n20_0000.tsp,b9f2b90f3af26635bc8e79921e18f6850cfa9ff794a8468856210953dab0779d
validation,clustered,20,1,202701190001,4,337.88,validation/clustered/n20/clustered_n20_0001.tsp,e43f9e4127a865e8be71bdca48ba7058279104ed1dbc0ab4326f961fa1b1e751
validation,clustered,20,2,202701190002,2,471.576,validation/clustered/n20/clustered_n20_0002.tsp,0301880a554535356461a132762467de6ad41b9c4f76a88e5831f2f3f4db63e2
validation,clustered,20,3,202701190003,4,425.265,validation/clustered/n20/clustered_n20_0003.tsp,8e60b93dce6acfc54a08b130fb6cb5be9ed32a8c121476ee13530af0ac2aec9b
validation,clustered,20,4,202701190004,3,406.769,validation/clustered/n20/clustered_n20_0004.tsp,0401759306069465884f41aec2efac450f1a73856d5eee0e80a9ba9c31750b28
validation,clustered,20,5,202701190005,4,593.904,validation/clustered/n20/clustered_n20_0005.tsp,8ed36acb4a061b654e610d6d1ce37de4cd66fa5b03350da121fbf898050e0f89
validation,clustered,20,6,202701190006,3,646.574,validation/clustered/n20/clustered_n20_0006.tsp,45ac583acdca023cf3e26be56c2c7499bb4669a3ecf7eab7770e8601725130ee
validation,clustered,20,7,202701190007,4,665.013,validation/clustered/n20/clustered_n20_0007.tsp,683e5690e99917836eccea5a976a86cd03dc5eb456042cf68f007bd48c13151a
validation,clustered,20,8,202701190008,4,767.541,validation/clustered/n20/clustered_n20_0008.tsp,042f273cd73bf40d47e1369d37999e9ea2bdf93e99e2bffb4e7ff3f9373b3d88
validation,clustered,20,9,202701190009,4,802.813,validation/clustered/n20/clustered_n20_0009.tsp,006c3e3753edd9aeda7a0fba19a5478e0ea588151113746a339ba3cb4dee42aa
validation,clustered,20,10,202701190010,2,526.627,validation/clustered/n20/clustered_n20_0010.tsp,0cf815e4f143e96bdfaef3001a38622ef583f0ba045e68133078da5d29ec2f85
validation,clustered,20,11,202701190011,3,329.963,validation/clustered/n20/clustered_n20_0011.tsp,9bd4fa7dab5142c7685654c4e5b9cc4132cc4b733d5a88c9bc8fedd8766aebbd
validation,clustered,20,12,202701190012,4,466.248,validation/clustered/n20/clustered_n20_0012.tsp,63dcc4e9d56f3dcca3b6d82bdc7a4aa589d03ad0f01f0c5a8f58f7159d25e48a
validation,clustered,20,13,202701190013,4,457.727,validation/clustered/n20/clustered_n20_0013.tsp,8e8eec87f3a6bff33bd8eafd3afba00f2aa0d9ffa189db03cbcd12f2b316d5bb
validation,clustered,20,14,202701190014,2,760.164,validation/clustered/n20/clustered_n20_0014.tsp,0023e72e638a7900e5372c18d81b5c565592e9d911620af72c87bc84ff30835f
validation,clustered,20,15,202701190015,2,309.747,validation/clustered/n20/clustered_n20_0015.tsp,36031a151104b79d55f77290e5e1bd69011dd86bc809d2cb45f48edcaf5f0b06
validation,clustered,20,16,202701190016,3,602.05,validation/clustered/n20/clustered_n20_0016.tsp,1e0f36dc52ca3b7449681200c598de1fb8f25b1e6b869fe49addd41ed861c404
validation,clustered,20,17,202701190017,4,316.068,validation/clustered/n20/clustered_n20_0017.tsp,ae54d2e0ca8ed4e6ff04520d3750ebe741a7e499923bd2957b26e04023a633fa
validation,clustered,20,18,202701190018,3,473.0,validation/clustered/n20/clustered_n20_0018.tsp,dd36ac33dc509e57facf073a3718ec669b567e9d65ac36dacc264a03f06c4988
validation,clustered,20,19,202701190019,3,474.396,validation/clustered/n20/clustered_n20_0019.tsp,a40d06050157c6c9f18d95f460564f390f800e604957ebb5f711319950701a0c
validation,clustered,20,20,202701190020,2,760.905,validation/clustered/n20/clustered_n20_0020.tsp,dcde8bb5772f346f99232f7b29c7d27061fe788062913c2858948c164b3024a3
validation,clustered,20,21,202701190021,2,776.398,validation/clustered/n20/clustered_n20_0021.tsp,5777fcc9ce5be3e5a37bfb8e21eaa24d9efab2cd046d9c6c105c718c15f01b2f
validation,clustered,20,22,202701190022,2,836.429,validation/clustered/n20/clustered_n20_0022.tsp,59b797e005e93384049396a028a60129dd468aed714d86cd562a83aa216b0791
validation,clustered,20,23,202701190023,3,455.344,validation/clustered/n20/clustered_n20_0023.tsp,a9d4539d650ee9a9088901f621ea7373624a1bfb5cf562e85ea523237e04f16d
validation,clustered,20,24,202701190024,3,689.336,validation/clustered/n20/clustered_n20_0024.tsp,92e07661bc01e711393bab801d3aca48e337dfa4fe1d919064c2dea5c0e39a1d
validation,clustered,20,25,202701190025,4,357.904,validation/clustered/n20/clustered_n20_0025.tsp,820bf828acb9e1bd5b575e53386cd3d4b44ae2d23f3a41b620fa5e2bb4129c81
validation,clustered,20,26,202701190026,2,532.373,validation/clustered/n20/clustered_n20_0026.tsp,8cc2498459d282f5ed410e17db51e551bbcaa9f7ee928b8c74a412b5383d5d14
validation,clustered,20,27,202701190027,2,655.258,validation/clustered/n20/clustered_n20_0027.tsp,b4878cf6cb5c2db8792f67e2ba75a5ee59899d4df7b788fdd9745c4b4ec0c575
validation,clustered,20,28,202701190028,2,527.927,validation/clustered/n20/clustered_n20_0028.tsp,7e6b841cf044bf1147b8f1ebc4b2253cf948d7bd18780ac6e673e1ec621cae03
validation,clustered,20,29,202701190029,3,355.034,validation/clustered/n20/clustered_n20_0029.tsp,ad9822d4f57795ce3908f880c2085960960ed684c71d5a02144b64f09a3c0caf
validation,clustered,20,30,202701190030,2,340.838,validation/clustered/n20/clustered_n20_0030.tsp,0cbff21fbeed4047e0435ceeec0a4aaea6ff88ebce44c10f8ed353fad14a05bf
validation,clustered,20,31,202701190031,2,836.873,validation/clustered/n20/clustered_n20_0031.tsp,4ec375927ee780457de25f6025ff9e9bfe689a0c69f0b339e3e9547aa9331a1c
validation,clustered,20,32,202701190032,4,407.391,validation/clustered/n20/clustered_n20_0032.tsp,177a18084670ebc33d7d6af6e65c89d155703d8946496fc019cb2aa52b0aba02
validation,clustered,20,33,202701190033,3,663.027,validation/clustered/n20/clustered_n20_0033.tsp,d08367f6741399f5c0ac84ff071fe954fc8a707b644244fcf7184738713d9915
validation,clustered,20,34,202701190034,3,525.0,validation/clustered/n20/clustered_n20_0034.tsp,658bb7d81b7ba635bd554038571dd16e1e6229c7544519f2e25aa8d10fd3e3d3
validation,clustered,20,35,202701190035,2,446.338,validation/clustered/n20/clustered_n20_0035.tsp,5d962222caf027df1141a84a35047abd4952babe7bcc4a60933e69574632d92e
validation,clustered,20,36,202701190036,2,377.507,validation/clustered/n20/clustered_n20_0036.tsp,b60fc5f2dfd598bd9bed0c038aeaab6d1e9f12509ee4ee42bd61d37833070661
validation,clustered,20,37,202701190037,2,373.032,validation/clustered/n20/clustered_n20_0037.tsp,5f72c244cfaf13b52d418d1bc409fee8c2e3596a9b2037779f79f0a444c9e6d4
validation,clustered,20,38,202701190038,4,412.51,validation/clustered/n20/clustered_n20_0038.tsp,3b818dc0d1df9f23890001ee162efead8983967d6fb398fd3541ffc184278253
validation,clustered,20,39,202701190039,4,681.596,validation/clustered/n20/clustered_n20_0039.tsp,c921641cf6119bbe8692890fca8de26bbae34c5e4333b5325e77416aaf63f54d
validation,clustered,20,40,202701190040,4,423.883,validation/clustered/n20/clustered_n20_0040.tsp,281e6d02399a2f43f2d3c42c20995ebdade929d479738f2399407c4e0ac51ce5
validation,clustered,20,41,202701190041,2,383.938,validation/clustered/n20/clustered_n20_0041.tsp,3c44284137e77ff4a08967bafcc7a24d9f7408a571c692b300c6fccc44193c3f
validation,clustered,20,42,202701190042,3,381.522,validation/clustered/n20/clustered_n20_0042.tsp,79470610b4fb964e5934fe7da4175da0d9b2c3af40c401b808a5b967f6b1258a
validation,clustered,20,43,202701190043,4,771.911,validation/clustered/n20/clustered_n20_0043.tsp,e0bd3c4562d76e7bb27cf5c5308ff363c29dd8dcc488735dbb82ba0392f80ea7
validation,clustered,20,44,202701190044,2,384.865,validation/clustered/n20/clustered_n20_0044.tsp,5af102e2b23ad7a1aa56b415d5458cd36f796a064fe8da313081124d0d121170
validation,clustered,20,45,202701190045,2,487.482,validation/clustered/n20/clustered_n20_0045.tsp,0e4416eeafe89bd1c6439d153ab69ce608b984b8fd16d8310996650fffe52633
validation,clustered,20,46,202701190046,2,818.418,validation/clustered/n20/clustered_n20_0046.tsp,96b52ef540214746ab715a368659e5862259bc65a693cc04b7ab4714be36a21b
validation,clustered,20,47,202701190047,4,304.531,validation/clustered/n20/clustered_n20_0047.tsp,47ecb26270ba3012b2cb007712c37d12446295205ce892fc8eb519a7acac4d0a
validation,clustered,20,48,202701190048,2,433.588,validation/clustered/n20/clustered_n20_0048.tsp,12e10665bb16a470197cabaa32dcb9557f0fcf327641003624ba993f0ca5f36d
validation,clustered,20,49,202701190049,4,373.425,validation/clustered/n20/clustered_n20_0049.tsp,bd6f08b8c4bd050d072cb4f150117acda1dda73686298b43a128737d1e4d498c
validation,clustered,20,50,202701190050,2,495.927,validation/clustered/n20/clustered_n20_0050.tsp,a1abd54ccaeb6b60cd5ae6c1cb8feafe3f05c22b2a346b9979a92f03c0137a11
validation,clustered,20,51,202701190051,4,757.998,validation/clustered/n20/clustered_n20_0051.tsp,6ef8f1473171e97106447bb72e85378e1897124a5050ca7085f8cf0e7549597d
validation,clustered,20,52,202701190052,2,411.006,validation/clustered/n20/clustered_n20_0052.tsp,5e51e4510b5215ff9b047006c23757caf7e08fef3aa38dc230679d48f5891376
validation,clustered,20,53,202701190053,3,652.316,validation/clustered/n20/clustered_n20_0053.tsp,94b65c613e385fa3d24e0c02034d02fea1c8dfd3a3f848b57ef072d7aa58dd1a
validation,clustered,20,54,202701190054,2,644.965,validation/clustered/n20/clustered_n20_0054.tsp,e4b4310c72e88ae3dbcebf1ef6dd01069410ddeb3ea06db04391079ee7a5d8e2
validation,clustered,20,55,202701190055,2,735.489,validation/clustered/n20/clustered_n20_0055.tsp,b76bbf4a31d6da562c4e49fe38a50b89be2ea2af6da5ff5d562e3bb4022d6288
validation,clustered,20,56,202701190056,3,404.46,validation/clustered/n20/clustered_n20_0056.tsp,50f54f2bc9852755e11eb2f0c1128a7d59196e03f696bcdb33cbe23cc2dbb545
validation,clustered,20,57,202701190057,3,509.868,validation/clustered/n20/clustered_n20_0057.tsp,26966ccb8f86230ddab490248f0c9bdf499d2084dc39c4ced7b23761a12edc7f
validation,clustered,20,58,202701190058,3,514.087,validation/clustered/n20/clustered_n20_0058.tsp,df2c5a8fb032cb75ca74d6ee42259f1734fae646ef2860225ccfc71fa2cfe0c8
validation,clustered,20,59,202701190059,4,697.617,validation/clustered/n20/clustered_n20_0059.tsp,700eb97d3e72ffe80ef8f7e5bd4e7e054a288d16ce563471b3b49742d5eebf7e
validation,clustered,20,60,202701190060,2,729.904,validation/clustered/n20/clustered_n20_0060.tsp,6d52d8f40823e2061ce45bf81d2908a5069d19bdc41872e6d35ea7c034e496ed
validation,clustered,20,61,202701190061,2,430.065,validation/clustered/n20/clustered_n20_0061.tsp,d0a8d653eb6e81ed728f2f90f4df3f2f0956ef02d6a5297d06156a1697526822
validation,clustered,20,62,202701190062,2,737.09,validation/clustered/n20/clustered_n20_0062.tsp,bcee7490508a592c4175d892b3fbfb0fdb23aabf52d15c2338c335a6b81334a4
validation,clustered,20,63,202701190063,2,413.903,validation/clustered/n20/clustered_n20_0063.tsp,6001c38779f0becedb918ebf0a7ac18230099cbc01a67e2b14b9fb96fdec6f90
validation,clustered,20,64,202701190064,2,445.365,validation/clustered/n20/clustered_n20_0064.tsp,e2fefb6763301143bc1c5c27b85a1d23326648bcefeb53c832034f46c7db403c
validation,clustered,20,65,202701190065,3,710.801,validation/clustered/n20/clustered_n20_0065.tsp,17a8a3aaba7c2b9fcc7eee12a003951aa136647c79b701f955bd0a2a6f91078a
validation,clustered,20,66,202701190066,3,462.427,validation/clustered/n20/clustered_n20_0066.tsp,f8f9b6c17b7235d6f29458bda9833302ad4c3e3ac6a1efe38b7029fb4a6dcf98
validation,clustered,20,67,202701190067,4,379.667,validation/clustered/n20/clustered_n20_0067.tsp,a8e9417103ccf4ae61567962e1bb4a791cfe05a45d26f45131c095c36ce7fc05
validation,clustered,20,68,202701190068,3,805.755,validation/clustered/n20/clustered_n20_0068.tsp,b0efa15cb6c5a58ac995eb0781e5e2fa7cc6c06cc18d703e3011639d7346b38a
validation,clustered,20,69,202701190069,2,773.37,validation/clustered/n20/clustered_n20_0069.tsp,f68251ef03b1c34c3bea2a4261587f930d7b6dc5a67ca9dcee966b4d894942f3
validation,clustered,20,70,202701190070,4,477.811,validation/clustered/n20/clustered_n20_0070.tsp,a563b63543a59d2e22b2d5fc817d23bad8e65eaa56e7133ee31bfaf6a538dd27
validation,clustered,20,71,202701190071,4,716.422,validation/clustered/n20/clustered_n20_0071.tsp,7a03ccc1b9bde0662fc6a528d9898c3c9eba28725c452fcd53dcb54ead55c9db
validation,clustered,20,72,202701190072,3,817.446,validation/clustered/n20/clustered_n20_0072.tsp,4be2b7013201cba4b125f06b7b2fe2508e817e298f4d55320cc114c8d8a44e4a
validation,clustered,20,73,202701190073,2,847.968,validation/clustered/n20/clustered_n20_0073.tsp,b99cdac536e192bc182b692d541e9d64e9a83deff785fd0f1b4abe87a2f1d188
validation,clustered,20,74,202701190074,4,416.384,validation/clustered/n20/clustered_n20_0074.tsp,59ea5a9198fdcc57bb3396d7115d0974fa636c3fa7614004309ee610c413c687
validation,clustered,20,75,202701190075,3,811.481,validation/clustered/n20/clustered_n20_0075.tsp,16033a66440b38aa9edced48b33e63d7b519bf15f92908db051b9184adba4253
validation,clustered,20,76,202701190076,4,468.839,validation/clustered/n20/clustered_n20_0076.tsp,19c3878c6450613bf98b2bbdb0679aa340e3a14e64ce0fbc38c719b50d217aa7
validation,clustered,20,77,202701190077,2,752.27,validation/clustered/n20/clustered_n20_0077.tsp,7e985328f32e73b29187057f504659c8e3503abdc46c4bb135aa581fb179a299
validation,clustered,20,78,202701190078,2,775.693,validation/clustered/n20/clustered_n20_0078.tsp,d438c6b267ec2b11adab8ac126b129b65bb9e988ba81862cc34864f2c0e6c1a4
validation,clustered,20,79,202701190079,2,690.707,validation/clustered/n20/clustered_n20_0079.tsp,f47985b73c0752a90f2248d784e6dc114256e5bb0e5ec22ac69b88b6211ff74c
validation,clustered,20,80,202701190080,4,735.654,validation/clustered/n20/clustered_n20_0080.tsp,b732d9ad5707e0149353d8fc36e744827e011ec7f3b71f2cf085ae1497cac37e
validation,clustered,20,81,202701190081,3,532.379,validation/clustered/n20/clustered_n20_0081.tsp,c84d66e5c65fdbb2c3656a8dd26b993595a669af9c01e3be6b5e1b2464398275
validation,clustered,20,82,202701190082,2,822.222,validation/clustered/n20/clustered_n20_0082.tsp,be95049e849c6fd401c548da8b8564db94eeb47b2c43906e55582044c39ef0fc
validation,clustered,20,83,202701190083,3,730.283,validation/clustered/n20/clustered_n20_0083.tsp,b18da9f49cb9c6b418310958ffbe550dc73a74f4e89b48560a7531405abc43c5
validation,clustered,20,84,202701190084,4,576.241,validation/clustered/n20/clustered_n20_0084.tsp,95f38993279a8d7779e90da7a629a425c88a80857384fc8a935beb663a154623
validation,clustered,20,85,202701190085,2,443.311,validation/clustered/n20/clustered_n20_0085.tsp,dd43ad19171de8d72e65e113be599b8cbe1017e5ed7f0d6859edc5f1cc16fd23
validation,clustered,20,86,202701190086,3,444.713,validation/clustered/n20/clustered_n20_0086.tsp,c9726e113c422e864897baa4f1075b5b9d1fd758c24105ae0e69157f46993e14
validation,clustered,20,87,202701190087,2,627.248,validation/clustered/n20/clustered_n20_0087.tsp,f5d617418eabb98b3d0b57487063fec825b7febe27550c8e988035ffff80e27a
validation,clustered,20,88,202701190088,3,479.916,validation/clustered/n20/clustered_n20_0088.tsp,c76b4d7fe780564799c0ae819f1b67631d560c130b35275aad801e3049e3d6ae
validation,clustered,20,89,202701190089,4,317.563,validation/clustered/n20/clustered_n20_0089.tsp,78e2d49b19190c9805693b3ac16b1b052acbc47b31cf449dd9f8931bfcac1311
validation,clustered,20,90,202701190090,2,541.362,validation/clustered/n20/clustered_n20_0090.tsp,002a3c76852581fed548a24634898d556aeb82419980f8bde666696e71b7eb0c
validation,clustered,20,91,202701190091,2,473.921,validation/clustered/n20/clustered_n20_0091.tsp,03ffda1a49025e9dff5c059bf2c041c4dad76cbbaa6638b9931b9d2d6187cb64
validation,clustered,20,92,202701190092,3,738.033,validation/clustered/n20/clustered_n20_0092.tsp,3e3954636200c597fd5813e8f89e260bff7e82a863e3096350adaa6f50e52e18
validation,clustered,20,93,202701190093,3,640.6,validation/clustered/n20/clustered_n20_0093.tsp,62a9532a615d414ed007e4e6d5eac27843e9a4992b19e887a03778ccd356be42
validation,clustered,20,94,202701190094,4,348.374,validation/clustered/n20/clustered_n20_0094.tsp,e5f366a10aec75357b5b4b4d40c8814a53bca1b63bdae6a8af8d9627c1125236
validation,clustered,20,95,202701190095,2,592.391,validation/clustered/n20/clustered_n20_0095.tsp,cb4b1cf0a310769f6fb80d65224bae00be6845f96137b8e1f4bbacce5e618f2a
validation,clustered,20,96,202701190096,4,558.374,validation/clustered/n20/clustered_n20_0096.tsp,61a377f6b06cd6ad5879145117d81d8d28c6e8726f3447d216b4415e8aad18c8
validation,clustered,20,97,202701190097,3,403.531,validation/clustered/n20/clustered_n20_0097.tsp,bdab8bf3eb76cc1e36ec6f4c3aa946cac789ee2054ee7962bfa882017ae03519
validation,clustered,20,98,202701190098,2,650.407,validation/clustered/n20/clustered_n20_0098.tsp,bd5ce1017da0bda4f007c329e888b1f2d2eec82ae41933ec0cc4609bb65632bc
validation,clustered,20,99,202701190099,3,801.958,validation/clustered/n20/clustered_n20_0099.tsp,8da8fadad99a340c010206666565135c4e0d2873e58e074fcc9bbc34515fd6b8
validation,clustered,30,0,202701290000,3,366.319,validation/clustered/n30/clustered_n30_0000.tsp,0967dc8389cfa68e627c0962ed97bc422e15bcb30cc3d81abf00bfe930251a38
validation,clustered,30,1,202701290001,5,716.349,validation/clustered/n30/clustered_n30_0001.tsp,cf86f594f7bf531a717d4b8959f0c93e4ace9b267bc18e63c4e79d1213328c96
validation,clustered,30,2,202701290002,4,836.314,validation/clustered/n30/clustered_n30_0002.tsp,9a6e791e9e1ac6362ecbcaea17127020fc797d1d46cd702c4a748002b1e08365
validation,clustered,30,3,202701290003,3,519.376,validation/clustered/n30/clustered_n30_0003.tsp,846072fc16d2f1fa0f163a847021ae93ccf00aaffbf08b5a810bd016c76cf122
validation,clustered,30,4,202701290004,3,432.301,validation/clustered/n30/clustered_n30_0004.tsp,da236b32e0a7cec3e37e07c81a005f7b6d9139af17c24a3a62643fe90f3f3462
validation,clustered,30,5,202701290005,3,463.875,validation/clustered/n30/clustered_n30_0005.tsp,712a725b6a98af01f01ea35b19c82aece860a57e613a2754df6cd3dcfe46b89c
validation,clustered,30,6,202701290006,3,799.118,validation/clustered/n30/clustered_n30_0006.tsp,b7a80d08bb9bfbef301ce18c17088e47bbb4303f34c8b0bdcdf1a5cc2e390269
validation,clustered,30,7,202701290007,5,345.661,validation/clustered/n30/clustered_n30_0007.tsp,fd8101df1f17e12695f6dc9f2e97c70d9f9b07b3be66dce8a9ff754fd997f3c7
validation,clustered,30,8,202701290008,5,319.512,validation/clustered/n30/clustered_n30_0008.tsp,5dd2e3f41072d8cf6a9cf5c01cd500dc2360d3bd90a54d01ad02cd01bf6e3de8
validation,clustered,30,9,202701290009,3,761.813,validation/clustered/n30/clustered_n30_0009.tsp,b07819566d64054e12b22497ea3cd76afee2ae704c3edba4fb27dae29ceb2380
validation,clustered,30,10,202701290010,3,582.22,validation/clustered/n30/clustered_n30_0010.tsp,c9e660a9ef1644edf207f3e472665300858fc678a885fba6ae2b061d35990870
validation,clustered,30,11,202701290011,4,735.442,validation/clustered/n30/clustered_n30_0011.tsp,48933157fcafeb6a4e5aa73dda6149dcedab110b2fe9139840e181a173f4873b
validation,clustered,30,12,202701290012,4,366.952,validation/clustered/n30/clustered_n30_0012.tsp,cf350ffd8d6c70dabaf8c1659d534e08127ff72bd347498310a440258ced60d0
validation,clustered,30,13,202701290013,4,636.171,validation/clustered/n30/clustered_n30_0013.tsp,56ed50568f0fc0f6df1fd995cbadb7ee7901c0225fc0855109d517c1c7b57202
validation,clustered,30,14,202701290014,3,749.623,validation/clustered/n30/clustered_n30_0014.tsp,f42e61241f3400f14144b0b96e0fe47a16ed6c11a79d4ebfdacf417bf09ad381
validation,clustered,30,15,202701290015,4,469.75,validation/clustered/n30/clustered_n30_0015.tsp,3cbe858f51a307941250419b59629e8b2c1508fa41dffea7d56ae8f6477c5ca2
validation,clustered,30,16,202701290016,5,510.919,validation/clustered/n30/clustered_n30_0016.tsp,64caa33c5d299cd25c0aaeea2cf68c283590eee40680c9ec4f785161cbd20c7e
validation,clustered,30,17,202701290017,4,656.286,validation/clustered/n30/clustered_n30_0017.tsp,719a8d16be80fca393b227eca346c478901f2891fd9dd0ed53b2e282aabae4da
validation,clustered,30,18,202701290018,3,614.351,validation/clustered/n30/clustered_n30_0018.tsp,3144ae182eca51e38bccdc5be0143691ba8ff015608979aa09a2d9cc744587dc
validation,clustered,30,19,202701290019,4,702.723,validation/clustered/n30/clustered_n30_0019.tsp,94abaf3ff10115752920340a470d9547efcd83fdd5aa0e06380b8704e261d967
validation,clustered,30,20,202701290020,3,583.337,validation/clustered/n30/clustered_n30_0020.tsp,bb359d0e69209a6b2a34a8e45601ed5d0b0c32c08d9b0946d0cebece1610b59c
validation,clustered,30,21,202701290021,5,484.555,validation/clustered/n30/clustered_n30_0021.tsp,964581af1876f07740825d40e8c84590646cfebf0044be8aa73280b8873908a2
validation,clustered,30,22,202701290022,4,636.701,validation/clustered/n30/clustered_n30_0022.tsp,bfca754cca2d1776589856d92d9b35c343569a61fcb4cad6710f73dd8e7fadb2
validation,clustered,30,23,202701290023,5,532.636,validation/clustered/n30/clustered_n30_0023.tsp,6c5b73f61862acc3d9fa3454fcd61b6ff07cb205fe5166db138bcbc585ef1cbd
validation,clustered,30,24,202701290024,3,331.328,validation/clustered/n30/clustered_n30_0024.tsp,3d400f37a76df5d5b12b26d837d67a99642cc2bdff2059c502dbd937eff8cc32
validation,clustered,30,25,202701290025,5,810.934,validation/clustered/n30/clustered_n30_0025.tsp,bc1a88745d1a9bb197e036a9c4c43aa115f87ca625733fb58a97ec126c4ab0b6
validation,clustered,30,26,202701290026,3,353.886,validation/clustered/n30/clustered_n30_0026.tsp,0e30d492a5f4be0618178bc6fdce53f7facced2149741ecedd63110b9ca7fa9d
validation,clustered,30,27,202701290027,4,757.257,validation/clustered/n30/clustered_n30_0027.tsp,2172b79f8a687e0fc9340173c7b3ea297654a09b4e0b59d2db489cd8bb0e0b72
validation,clustered,30,28,202701290028,4,754.429,validation/clustered/n30/clustered_n30_0028.tsp,a0ef16ab320eb9800336389b9423c44665cdc582dfe72598db6620bc147fb98c
validation,clustered,30,29,202701290029,4,435.123,validation/clustered/n30/clustered_n30_0029.tsp,0347e7bec440eb7e8121caecc4cc25491a4a1b98a2807908771ff7ed369a884d
validation,clustered,30,30,202701290030,5,325.112,validation/clustered/n30/clustered_n30_0030.tsp,43619680d3fc94b7ac905928f1275dee07ab710d69b984eaeca4c0bc27a7ace0
validation,clustered,30,31,202701290031,4,364.773,validation/clustered/n30/clustered_n30_0031.tsp,52c189a2d3d594f372725bcd6b42824aa576d05f64eb493870b57cf374fdaa43
validation,clustered,30,32,202701290032,5,770.508,validation/clustered/n30/clustered_n30_0032.tsp,de9f3380e50e0546a919db44ae1ac7a85b091c4789821f707aa463451dc442ad
validation,clustered,30,33,202701290033,4,834.563,validation/clustered/n30/clustered_n30_0033.tsp,52d0c9b8fa11ac15a4cd6d5c095733416b8143ad8b146f8a0e9e735fa930ea98
validation,clustered,30,34,202701290034,4,793.885,validation/clustered/n30/clustered_n30_0034.tsp,9d83d1060c506262d5807d8f6892485f67aa144270c39d70f851ccc9aae93a59
validation,clustered,30,35,202701290035,5,847.311,validation/clustered/n30/clustered_n30_0035.tsp,d40a44827d674f57fc15ace93feacd634b5713429373d2de6ed837505ec7fe08
validation,clustered,30,36,202701290036,4,769.203,validation/clustered/n30/clustered_n30_0036.tsp,734c9d06cae0d32e9757ac180d2ff9c07d70005ca48d4532daa08fe2e6940d8b
validation,clustered,30,37,202701290037,4,593.27,validation/clustered/n30/clustered_n30_0037.tsp,158f694aabff69b5eb9a1ed833b40d2db6b7abddd5c9e2ba1ac686bf8b55f7cd
validation,clustered,30,38,202701290038,5,461.089,validation/clustered/n30/clustered_n30_0038.tsp,47e7f0c881f5b3f73ef4a60ed9154ae6c7aeeb2217ee8e22a2d71dce2bef8ce8
validation,clustered,30,39,202701290039,4,508.958,validation/clustered/n30/clustered_n30_0039.tsp,b290cca32789008c8d80b6479866cf3c938e162c9f99643b085d8c17140bb1e5
validation,clustered,30,40,202701290040,5,779.828,validation/clustered/n30/clustered_n30_0040.tsp,17fa961160c4aa83550b442c1916c04c889613b79c8fd4f5b2b80d5f997cdfe3
validation,clustered,30,41,202701290041,5,387.18,validation/clustered/n30/clustered_n30_0041.tsp,cb7a18f2828b7ac96f68cee60a5adf5a610fd58e34e5570d0954ce9ec5824884
validation,clustered,30,42,202701290042,4,833.129,validation/clustered/n30/clustered_n30_0042.tsp,79dcf2ea01d20efceadba2c5c6ec27acbb8802fe98e1d60f64451e03f0b8b33d
validation,clustered,30,43,202701290043,4,571.314,validation/clustered/n30/clustered_n30_0043.tsp,502d2726c7bdf324aaa45aa22e553751868bd1120ee0a2a54f75d6116572af27
validation,clustered,30,44,202701290044,3,340.148,validation/clustered/n30/clustered_n30_0044.tsp,a86697f1000884c98a8bbe7b29ff4ad8c76736f8c4db6c045d15c940adcec212
validation,clustered,30,45,202701290045,4,357.191,validation/clustered/n30/clustered_n30_0045.tsp,941f530e00c4cc9704c80649abc667022e404e997507522bc1a5131ee38c94a1
validation,clustered,30,46,202701290046,4,693.278,validation/clustered/n30/clustered_n30_0046.tsp,87f554ab9c0552763cf1486655b12a09e10aa7fccc76682a31a725ffa73c7f10
validation,clustered,30,47,202701290047,4,364.835,validation/clustered/n30/clustered_n30_0047.tsp,6ed2291ea5e03c85960fb4af42b7dbfc2c52bacecc3bc3f7f5ceb2b9ba45fc54
validation,clustered,30,48,202701290048,3,687.149,validation/clustered/n30/clustered_n30_0048.tsp,04307d80fc119fbe43e764bbbe2cd2236ae4da281008e02fa18126d16cf22f07
validation,clustered,30,49,202701290049,3,834.566,validation/clustered/n30/clustered_n30_0049.tsp,7214538b9e6aa9eae1c05df36a21a0d7a7c69117274a10e7b82d5c3023d67bec
validation,clustered,30,50,202701290050,3,706.181,validation/clustered/n30/clustered_n30_0050.tsp,e2eeb40b2097d4f0702510e145705dbb21578c63beb32b08faada34cd8de1a0b
validation,clustered,30,51,202701290051,3,515.864,validation/clustered/n30/clustered_n30_0051.tsp,2ad7ced43f1534a41b7dd2d54c666ebb15c5688c7c8cb91bef312f74c173813f
validation,clustered,30,52,202701290052,3,821.398,validation/clustered/n30/clustered_n30_0052.tsp,250b33fc540e5b7b82a9df638da740e5dd5ba7bf79511f32e9e47ed7e1d4e39e
validation,clustered,30,53,202701290053,3,768.859,validation/clustered/n30/clustered_n30_0053.tsp,d7b1aa795ffc435c1daa9f30be5960a8e3b0c502589e41fef8057e30bcdf13e4
validation,clustered,30,54,202701290054,5,560.056,validation/clustered/n30/clustered_n30_0054.tsp,d3d68717fe0f2cbc3d93795d9159263524e389b3a8acde51e48bdce81fdb3649
validation,clustered,30,55,202701290055,4,430.71,validation/clustered/n30/clustered_n30_0055.tsp,cfc9ba13b27ee8547ef3dd5a600fde53902f95eaaadffe736153e191e807fbdc
validation,clustered,30,56,202701290056,5,636.635,validation/clustered/n30/clustered_n30_0056.tsp,cfea1c11dea70719f55026f1e960c00dcc55bccbe262e1f10f4e01f2ef9837a5
validation,clustered,30,57,202701290057,3,490.918,validation/clustered/n30/clustered_n30_0057.tsp,8d0804940f4e7eab108ade71e62e15988e881afa9e7b4b555228bd7558bf81b0
validation,clustered,30,58,202701290058,3,401.044,validation/clustered/n30/clustered_n30_0058.tsp,63cc527845a3022e93186204e0d90abda11e0d0deb7801081ac985e732ffe780
validation,clustered,30,59,202701290059,3,681.318,validation/clustered/n30/clustered_n30_0059.tsp,2bf22d0a99a4967abe4d6f622de4c1a69c04fd9cacbe2c8326907b11395b2e76
validation,clustered,30,60,202701290060,4,739.748,validation/clustered/n30/clustered_n30_0060.tsp,063449840aff45b8f394ea579100a8855cfed3daf973211558e753386cfec327
validation,clustered,30,61,202701290061,3,627.554,validation/clustered/n30/clustered_n30_0061.tsp,81408e5b6e75cee7ed4859f699e1f3dcbc62428f605c2ee9db7d825de5cc2324
validation,clustered,30,62,202701290062,4,626.443,validation/clustered/n30/clustered_n30_0062.tsp,34146c5924383356a29f47eb92e01a01f23f17d72028f2511ed1883ba379e7b7
validation,clustered,30,63,202701290063,3,670.69,validation/clustered/n30/clustered_n30_0063.tsp,463d115d6b8ca20bd6de80dafc8c25eddb3e590937f4127cfae63c007da00791
validation,clustered,30,64,202701290064,3,674.652,validation/clustered/n30/clustered_n30_0064.tsp,a6f8e1c070eaadf71b90df60e3e290b277bb93312fb3ae1abe0705f4a591879c
validation,clustered,30,65,202701290065,3,340.961,validation/clustered/n30/clustered_n30_0065.tsp,cca95a4b2fdf8ff9204eabf303197a3ae118a2bfaf756d8ac4772a916c457eba
validation,clustered,30,66,202701290066,3,788.27,validation/clustered/n30/clustered_n30_0066.tsp,a92eff7f484da0ab35f47db7ce4119e3e7f5a040a81c86139a77ec189d499a81
validation,clustered,30,67,202701290067,4,816.498,validation/clustered/n30/clustered_n30_0067.tsp,a4ef51ccd69ae93e36a76934c349dbc3a4f19363d1901430b6e8bc835652aa71
validation,clustered,30,68,202701290068,3,323.662,validation/clustered/n30/clustered_n30_0068.tsp,ce7d0aaab7eb9a0ec10aa1b1b7bcdde9aefa47b894ef1291345e41a593a00c30
validation,clustered,30,69,202701290069,3,481.651,validation/clustered/n30/clustered_n30_0069.tsp,eb4230deaf9b1b332b2ec550abc1140b8c8b688cf5a38b4e0ba07163468d00e3
validation,clustered,30,70,202701290070,5,428.226,validation/clustered/n30/clustered_n30_0070.tsp,80542070065441a0742408d2ff1f7e7966a6ab33e7c76de4504c8e965e099d39
validation,clustered,30,71,202701290071,4,600.294,validation/clustered/n30/clustered_n30_0071.tsp,c7e4039abe528bae37261ff588f50f719e3eeb5716a9614e8fc38a75a7c7fc2b
validation,clustered,30,72,202701290072,5,368.355,validation/clustered/n30/clustered_n30_0072.tsp,d975df05541dd0e0785eb36805fd15221f91007115776b61ed336d2de8b95bd9
validation,clustered,30,73,202701290073,5,540.521,validation/clustered/n30/clustered_n30_0073.tsp,aafc44e0f822fc5c818b3e0acf48cafd5eb35a7414c295ba8b2851b90a9ecdd2
validation,clustered,30,74,202701290074,5,677.126,validation/clustered/n30/clustered_n30_0074.tsp,2ad9c525708fee638dd608069ca505715b4ad55bd025a2afc40edc8d343ff356
validation,clustered,30,75,202701290075,5,319.794,validation/clustered/n30/clustered_n30_0075.tsp,2de28ad7029a081b3f6287313dcb2142a1fdc95b5dd88b6a849a224100e314bd
validation,clustered,30,76,202701290076,3,490.523,validation/clustered/n30/clustered_n30_0076.tsp,66472cbf016c18a4cd844ce91e9148136745e27be1f2341b4c34cbef7ad520a1
validation,clustered,30,77,202701290077,5,397.691,validation/clustered/n30/clustered_n30_0077.tsp,ce7f743db022cc6f712ed77a238f0a3dc730eb327125c7ca3ac0d7fdea1fac4a
validation,clustered,30,78,202701290078,5,561.61,validation/clustered/n30/clustered_n30_0078.tsp,02c5008fc42b1fe0f889f710b592a13a146f61e56fdd20576540e4792cd40436
validation,clustered,30,79,202701290079,5,595.1,validation/clustered/n30/clustered_n30_0079.tsp,820b8ec5f2437902ecc5fb5c42920ceb4c47c90b6fb773589a13d487711ff28c
validation,clustered,30,80,202701290080,5,359.605,validation/clustered/n30/clustered_n30_0080.tsp,86cb18aa592590e33fcb84bb100712007d17da39cbe35dd52ec0437146b31de3
validation,clustered,30,81,202701290081,4,412.075,validation/clustered/n30/clustered_n30_0081.tsp,34c5f9c5591b7d4a2903799000d5e7fdcc63f6b453f2ce5c17f3c05703f6fd0c
validation,clustered,30,82,202701290082,3,752.203,validation/clustered/n30/clustered_n30_0082.tsp,3e3d93699c9a08f5bbe66c71b50dfcc47ef3672f29d759e9aab27c782824d52f
validation,clustered,30,83,202701290083,5,756.178,validation/clustered/n30/clustered_n30_0083.tsp,e17f13a0f49c362df2ae8d7e73c9fdb012789751b17aa402a9f576bec0ffab90
validation,clustered,30,84,202701290084,3,522.392,validation/clustered/n30/clustered_n30_0084.tsp,33ad82487e621a8e8af17c8031047fb2329a0413d2700e44a38c043a1cd2d8b0
validation,clustered,30,85,202701290085,4,384.148,validation/clustered/n30/clustered_n30_0085.tsp,ae9d79014ad042e289667d424295e7c619ef0eaa945fb7e55b31b2b5c8504a32
validation,clustered,30,86,202701290086,3,592.435,validation/clustered/n30/clustered_n30_0086.tsp,d1fef075696fdbc725d74506b0800a956eda3c5cbcae4654a5f83d0aa57965b2
validation,clustered,30,87,202701290087,3,674.309,validation/clustered/n30/clustered_n30_0087.tsp,99132b5c02e1dc0943411fedeaeac59cfd23654a3d8977a787eb67dafeb616a0
validation,clustered,30,88,202701290088,5,694.561,validation/clustered/n30/clustered_n30_0088.tsp,5e9c0bd7a76e3b9626e0521af6b016811a00b173bcad73fe490feee14abaf8e0
validation,clustered,30,89,202701290089,4,782.306,validation/clustered/n30/clustered_n30_0089.tsp,922fb5fa940a16de25f163c3ea04d0962d2d533e65410716b2011ec86505fd2d
validation,clustered,30,90,202701290090,4,841.679,validation/clustered/n30/clustered_n30_0090.tsp,b5be4b1cfef51979a43b9cacdd274c08059635d131dfc6c453494b76d4a8d8c9
validation,clustered,30,91,202701290091,5,683.004,validation/clustered/n30/clustered_n30_0091.tsp,4c4534a3235ee46302396acfc7215ce2ab0466c56fb712c92a801651abb9a4a7
validation,clustered,30,92,202701290092,4,680.952,validation/clustered/n30/clustered_n30_0092.tsp,6b2f5bb73efe95588f6853c62a2620aea09f6aa19615bf90b660ff178428eb47
validation,clustered,30,93,202701290093,3,627.995,validation/clustered/n30/clustered_n30_0093.tsp,37e10ce5043b66b3623ee3616b104c44eed1212f2db9a51aa2035142711959d5
validation,clustered,30,94,202701290094,5,359.622,validation/clustered/n30/clustered_n30_0094.tsp,69ded6acdac2520f0ac7a31ee7e59b8993d328368947fb19993ace4a64bb2a8e
validation,clustered,30,95,202701290095,5,593.491,validation/clustered/n30/clustered_n30_0095.tsp,a31e86ded2cccb8807ddfa09b760b598b726d9453247c26ba564c4c36bdf61c8
validation,clustered,30,96,202701290096,3,691.339,validation/clustered/n30/clustered_n30_0096.tsp,9e5232b12e598c472bd62821d6728a42d48248186a035ea91be87149146eb106
validation,clustered,30,97,202701290097,3,600.044,validation/clustered/n30/clustered_n30_0097.tsp,5ea60871bca896a7987879f4946081cc859efc6d13b8d91c782359e0e237b8d1
validation,clustered,30,98,202701290098,3,548.431,validation/clustered/n30/clustered_n30_0098.tsp,dc8c34895c3911ef4edfd019f71d37e8e012905285cb92cdaeb3498f0e1b66d8
validation,clustered,30,99,202701290099,3,600.156,validation/clustered/n30/clustered_n30_0099.tsp,44f5d9ab21cced2ceff75ffb057f2f0120d27300121184144980c73d259813a8
validation,clustered,50,0,202701490000,5,807.744,validation/clustered/n50/clustered_n50_0000.tsp,38d7b7b0902731e6dc175b995726bf03f294895cf3d96dfc634fb0de82154d5d
validation,clustered,50,1,202701490001,5,830.777,validation/clustered/n50/clustered_n50_0001.tsp,422fc2ba25857de8fdbe0c405fe1261bc8d98f6dc1ffd95a23687e67899abd90
validation,clustered,50,2,202701490002,6,340.349,validation/clustered/n50/clustered_n50_0002.tsp,012fdccca3b543c6cb03396ddd6f0d40722d2c723e93c347a5f55de574409a58
validation,clustered,50,3,202701490003,5,498.593,validation/clustered/n50/clustered_n50_0003.tsp,687d0fd180a839e404a0c1f2b47b3a32497507a014d5d586613230276b4a9352
validation,clustered,50,4,202701490004,4,597.472,validation/clustered/n50/clustered_n50_0004.tsp,fa50c7a484ce518085bed47e28e46a8e7148ecb4a5aa27a1141cc5dfe52f188c
validation,clustered,50,5,202701490005,5,513.598,validation/clustered/n50/clustered_n50_0005.tsp,29dc1bddf59a454555b07317a6cb8b7f3bf837fb014d0cb422b54becb4e65239
validation,clustered,50,6,202701490006,6,409.9,validation/clustered/n50/clustered_n50_0006.tsp,f5fda776eb7bd194c069dd413365a4eb9969d72718f9dd8c254df028f6e9713c
validation,clustered,50,7,202701490007,4,302.886,validation/clustered/n50/clustered_n50_0007.tsp,b953d294910d332ab3d60a63407cff35dbfbfe230f2d173b92a6a1f0ad77aa52
validation,clustered,50,8,202701490008,5,836.586,validation/clustered/n50/clustered_n50_0008.tsp,a4cc7b138a5553cdfe465d5a5429b9116b13fcee337275104bdebc13434a6019
validation,clustered,50,9,202701490009,6,608.817,validation/clustered/n50/clustered_n50_0009.tsp,75a817d18749affa3ce28c5dd8dd6cf50190ab31b31ea757d66da2b12351d8ea
validation,clustered,50,10,202701490010,6,806.953,validation/clustered/n50/clustered_n50_0010.tsp,2265a731c6e0481de989ce10eabee88cdd449027db66d8a3bb6d204a43e3206a
validation,clustered,50,11,202701490011,4,765.99,validation/clustered/n50/clustered_n50_0011.tsp,7d726ae45e0be0a7985b7324beec26cbe119d3966c12394c42150cc8514f5577
validation,clustered,50,12,202701490012,5,412.618,validation/clustered/n50/clustered_n50_0012.tsp,177c9f7009c762413485d9b006bf3315616402c18e75ecb40f7f762cb5c21084
validation,clustered,50,13,202701490013,4,749.461,validation/clustered/n50/clustered_n50_0013.tsp,56be5eca3f0b2bb0f43dc6aa9c1f7faa507d599f65fce1b72997eba1a279beba
validation,clustered,50,14,202701490014,4,806.879,validation/clustered/n50/clustered_n50_0014.tsp,56e5221d46408bb6fde0e4421fe5a550a1b2901522d4d22a2fd07edfef6bc5dd
validation,clustered,50,15,202701490015,4,646.135,validation/clustered/n50/clustered_n50_0015.tsp,77baaf0eac66395317b67478f93d0a8f78dade79528804bbb8f6c9ed36833ca9
validation,clustered,50,16,202701490016,4,474.614,validation/clustered/n50/clustered_n50_0016.tsp,c5aad7ced6220a9cb628b8ba50fef75c25eba3a140a02bf5afa308e4d82c6cb6
validation,clustered,50,17,202701490017,5,702.265,validation/clustered/n50/clustered_n50_0017.tsp,1511191500bd3d9b085026133828722aa0660854fe3983d44e3a823a675c5f82
validation,clustered,50,18,202701490018,5,304.258,validation/clustered/n50/clustered_n50_0018.tsp,ee2068a52ba6bdbb7ab1263ab15ba2e86870429124afc3d0c73e8600f9754880
validation,clustered,50,19,202701490019,5,379.262,validation/clustered/n50/clustered_n50_0019.tsp,9c05e5bcf8845c71dee20f1df6366bfd6a35e7c42fdadb6ab84c041158f7ebae
validation,clustered,50,20,202701490020,6,634.471,validation/clustered/n50/clustered_n50_0020.tsp,e2f27443aa2be770463d8fae5e88479abd7b06ddc9e143059bb25739f47ff3ca
validation,clustered,50,21,202701490021,4,387.104,validation/clustered/n50/clustered_n50_0021.tsp,aafb665c19867b99347e425e204dd2c19a62bb513c40f6b60ad9ae8005840cfa
validation,clustered,50,22,202701490022,5,803.955,validation/clustered/n50/clustered_n50_0022.tsp,a02d50132b9528c355af7ee033525317cc176439fe9f0aef1eba69ee34319568
validation,clustered,50,23,202701490023,5,704.987,validation/clustered/n50/clustered_n50_0023.tsp,ba5c3c33bddf382b7b0523e59b9caf4527bce3fafcb5c54911ccbad8d382bcda
validation,clustered,50,24,202701490024,6,454.734,validation/clustered/n50/clustered_n50_0024.tsp,7696a6d17d21abb0b1f2edb9692a7c13573f6078bfb6f36ff9582d1e949eeff6
validation,clustered,50,25,202701490025,4,790.872,validation/clustered/n50/clustered_n50_0025.tsp,57305a3fc5e2739173adc559e94205f1ab92be1aab7afbb93cff7cce9e4001f9
validation,clustered,50,26,202701490026,6,404.097,validation/clustered/n50/clustered_n50_0026.tsp,8b3b1fb8c5a8a5710b6de8f9627d660fb898baf00353270faf0ea5c84e9faa58
validation,clustered,50,27,202701490027,4,666.839,validation/clustered/n50/clustered_n50_0027.tsp,973e008b87890fd9f996cf26f564c07cb6e49643ec07033373ed9024da43b01f
validation,clustered,50,28,202701490028,6,784.416,validation/clustered/n50/clustered_n50_0028.tsp,73d3b52162c6208965e507ff28c569c18431999a6789c55f8b2639e80a31a8a7
validation,clustered,50,29,202701490029,5,616.261,validation/clustered/n50/clustered_n50_0029.tsp,f41b92bd68588e41ef0326bb1bdf36771bc55df5dcb255a2266929db93c6136a
validation,clustered,50,30,202701490030,5,429.427,validation/clustered/n50/clustered_n50_0030.tsp,c95968298f5c356cb55de1336a77cc7ea36292f7a038f8954e046adf1041ffb4
validation,clustered,50,31,202701490031,5,519.479,validation/clustered/n50/clustered_n50_0031.tsp,f95a1c7ba79ff8d1bd76873a546c8336bf12313bfb9cb621f19235c7a25dcafa
validation,clustered,50,32,202701490032,4,651.251,validation/clustered/n50/clustered_n50_0032.tsp,a25bc8c0f4674803fa4119f8a21278daf9521b1dc4b68c328db083d95cf3c732
validation,clustered,50,33,202701490033,5,824.834,validation/clustered/n50/clustered_n50_0033.tsp,c925d302f04b12474d5365848a125d71f0564d9f0ca801389b1e7b448e6e466d
validation,clustered,50,34,202701490034,4,417.325,validation/clustered/n50/clustered_n50_0034.tsp,b43a2a1569e8213286a9273e54ada983ec4ff24df9bfc7f5903532dd29ebc146
validation,clustered,50,35,202701490035,6,687.745,validation/clustered/n50/clustered_n50_0035.tsp,a457134ee7b7ec8a5b4fe50f58c62a6086420fa09a98541a930068baf3c5e4a3
validation,clustered,50,36,202701490036,5,688.861,validation/clustered/n50/clustered_n50_0036.tsp,01d583afd272de0092adb8d8bc6fec0dfd36679b91d07942d60ea4210988dc47
validation,clustered,50,37,202701490037,6,832.591,validation/clustered/n50/clustered_n50_0037.tsp,6cb7294c5ff82c8bcf4dfdcaf9c914699e01653eda62a55a672f085c66a4d92e
validation,clustered,50,38,202701490038,6,597.152,validation/clustered/n50/clustered_n50_0038.tsp,1fa91d7afe68975d11b00b19bb6480f46db168841f76ca973143d585d4f0543f
validation,clustered,50,39,202701490039,6,574.511,validation/clustered/n50/clustered_n50_0039.tsp,6a393d73b7d8a93dce6543d2a7e55e9a9c3f2dadb1eb4abff7cd000828bdbb8e
validation,clustered,50,40,202701490040,4,492.497,validation/clustered/n50/clustered_n50_0040.tsp,4f9eec5a979dc5cf523a4f48410239c8ddf77ff183c0a9d34b05fe5208d86da1
validation,clustered,50,41,202701490041,5,537.111,validation/clustered/n50/clustered_n50_0041.tsp,245f4ce051d68bf255d1329d048dd4c3951d007fec187130da2553d74ad30f05
validation,clustered,50,42,202701490042,4,559.647,validation/clustered/n50/clustered_n50_0042.tsp,692134e3d675a4cc2c485ab824f88803ba3b62760d91e5c71268a3a29b39a67e
validation,clustered,50,43,202701490043,5,388.526,validation/clustered/n50/clustered_n50_0043.tsp,31275ad3cbce06ef8cd9131d9f497d565dfdf997049f2a80e51876c6f3caad90
validation,clustered,50,44,202701490044,6,775.157,validation/clustered/n50/clustered_n50_0044.tsp,6eea24878df18695bcb346100c85b0559f4483f32593ae9917a01f81bec598f7
validation,clustered,50,45,202701490045,6,805.961,validation/clustered/n50/clustered_n50_0045.tsp,3a8d893cf48af65de85f28d1bb6f78a8460a21585c31bc809d4cf04843c6c6aa
validation,clustered,50,46,202701490046,4,612.063,validation/clustered/n50/clustered_n50_0046.tsp,20176553f74f5f1167c014fd7af7f473f88f5531cfe7305068cc39f79e880dca
validation,clustered,50,47,202701490047,6,520.61,validation/clustered/n50/clustered_n50_0047.tsp,f01aaf7c47b99630c686c74d782fac8cfdfbb8de9345cf1d1d734dddc820520e
validation,clustered,50,48,202701490048,6,606.2,validation/clustered/n50/clustered_n50_0048.tsp,45192f7ed6fb2fc637f4789e58df65fccc6f2627745627578509d3dcfb0b9cdc
validation,clustered,50,49,202701490049,4,365.593,validation/clustered/n50/clustered_n50_0049.tsp,21a2a8cfe2cb549b23bf6a4e021ce04c69c24f10c26c46f89f674721d2f48d52
validation,clustered,50,50,202701490050,5,734.263,validation/clustered/n50/clustered_n50_0050.tsp,872cb87fb394332c4e015ed0d4150821e766f4ef4c74d3ecc28fd59c558419b3
validation,clustered,50,51,202701490051,5,438.192,validation/clustered/n50/clustered_n50_0051.tsp,3447d628c8174eee0391312bf7a3fb6711d410ba119b79914963670af77394c8
validation,clustered,50,52,202701490052,5,554.028,validation/clustered/n50/clustered_n50_0052.tsp,071f8b57a7641ae26fdad87b10e7d91ccc202beb932b4c3c11e04c05edc1fa32
validation,clustered,50,53,202701490053,6,653.681,validation/clustered/n50/clustered_n50_0053.tsp,118becc6c259ef8e4aa6af646521cbaf322a5148697ac42d21d9f0b097637b67
validation,clustered,50,54,202701490054,6,340.431,validation/clustered/n50/clustered_n50_0054.tsp,4dfc54f2d4baec8d67cafcad91af01ec487e1982834c0b94dc4519fe513694d5
validation,clustered,50,55,202701490055,4,342.136,validation/clustered/n50/clustered_n50_0055.tsp,1f31fe260c5d4015e498c45b110ffc3dadc686a04d59d5b6b0c608758a6d147c
validation,clustered,50,56,202701490056,5,610.202,validation/clustered/n50/clustered_n50_0056.tsp,2f0b39de5e9624d2aba8cbbb990a2f24c812167743e2573fa6941d22ace801bd
validation,clustered,50,57,202701490057,5,584.584,validation/clustered/n50/clustered_n50_0057.tsp,ea99903f7de4f637ebaabaa74e7afcab45993752325419aef495b1901fa33a7d
validation,clustered,50,58,202701490058,6,388.333,validation/clustered/n50/clustered_n50_0058.tsp,55bea470b7f4d61fb9dca3eff3b7c3d652da2d8bdd07e22fafe2d8c4223aabad
validation,clustered,50,59,202701490059,6,466.671,validation/clustered/n50/clustered_n50_0059.tsp,b5e23547c2b3d27068235ea92451df7bb4ccb5fdaa25407ffac7e8efe249b88f
validation,clustered,50,60,202701490060,4,848.371,validation/clustered/n50/clustered_n50_0060.tsp,fbd6eb90448a16e6bbfeb310244d450747010bb9935db044d577942eedb0abad
validation,clustered,50,61,202701490061,4,598.144,validation/clustered/n50/clustered_n50_0061.tsp,4be2c03355e4c837d529888fb9e9e0b0310990cb7dfff37091181a56c6211fda
validation,clustered,50,62,202701490062,6,793.189,validation/clustered/n50/clustered_n50_0062.tsp,74b332c02a701d81630dedd66ee571d73536c8b15a0726a93da0d3e1c6b15e7b
validation,clustered,50,63,202701490063,5,749.896,validation/clustered/n50/clustered_n50_0063.tsp,774119e45af3b35fbdc82441b625f4d0c0fc18d33e6dec79c59e03e88af4e537
validation,clustered,50,64,202701490064,6,503.519,validation/clustered/n50/clustered_n50_0064.tsp,cba6cab8055f9d6c3d05b3b9ea156c7220ef7141a350f9c2859f1fb104f94242
validation,clustered,50,65,202701490065,4,591.234,validation/clustered/n50/clustered_n50_0065.tsp,8989d6bab10af660b37cfc419399533202baba4dac179055190d4cee7c1236ea
validation,clustered,50,66,202701490066,5,326.906,validation/clustered/n50/clustered_n50_0066.tsp,757e1757c3e558a0fbb2949a608ee974c7b190b34916b65e24951f353fc291e3
validation,clustered,50,67,202701490067,4,682.682,validation/clustered/n50/clustered_n50_0067.tsp,2a9ed07a3b98e7fc48e700acfdf0c2950771d856de2d1f0cc7781e93679e4697
validation,clustered,50,68,202701490068,6,768.35,validation/clustered/n50/clustered_n50_0068.tsp,175bb03c3d56c6d48116a30d932bb285c2edaf3bfc5af78327c6aef4f3020bbe
validation,clustered,50,69,202701490069,5,481.393,validation/clustered/n50/clustered_n50_0069.tsp,56419564fb43990e2d1cdcf801d293613f529cc0b189b1558cc78ed77525dcbe
validation,clustered,50,70,202701490070,5,743.015,validation/clustered/n50/clustered_n50_0070.tsp,3ebe6b72c196cec4915036d5ecd00ba7fcaf662888e46f18887cbcb27dd1f424
validation,clustered,50,71,202701490071,4,318.537,validation/clustered/n50/clustered_n50_0071.tsp,82273b7d0289f010d4fe588177c6f21480280e210817adfc56191a985c71df75
validation,clustered,50,72,202701490072,4,761.182,validation/clustered/n50/clustered_n50_0072.tsp,ffb1d3d829dd1471e4b70fb9a3782d51f507f1361df4ddce29ee2d4306faffbf
validation,clustered,50,73,202701490073,6,348.205,validation/clustered/n50/clustered_n50_0073.tsp,d779f3fc55c4837abea92defe76c9b2322d30483b59976bd9eade5c8ec299710
validation,clustered,50,74,202701490074,4,567.529,validation/clustered/n50/clustered_n50_0074.tsp,af78e088502324734b26177ced9d7015f6676c800781ca4f78251e7cc568aa03
validation,clustered,50,75,202701490075,5,354.694,validation/clustered/n50/clustered_n50_0075.tsp,bf61cbd7d8d259cb9cf2a5733d37cb7ca502ddb9ffe25498eb185cafc9280fb1
validation,clustered,50,76,202701490076,5,508.004,validation/clustered/n50/clustered_n50_0076.tsp,8eaa472ba99f18f31c4e6c44ff55248a5f262d60a107ab56ae16e1f008f3ae2c
validation,clustered,50,77,202701490077,6,837.7,validation/clustered/n50/clustered_n50_0077.tsp,aefc30f6d274bf72673ff1ac06273104cca8222901fede3441d4851bcb30821b
validation,clustered,50,78,202701490078,4,600.48,validation/clustered/n50/clustered_n50_0078.tsp,083e23313ed0c0907d3c886ccea55bc6991a01ecee3d0486b865271a7a88e29d
validation,clustered,50,79,202701490079,5,845.76,validation/clustered/n50/clustered_n50_0079.tsp,a6cbf00ecdaeb5a2f651c496ab79ac89b40918c5f210fb27953b4fe8c5942873
validation,clustered,50,80,202701490080,5,582.741,validation/clustered/n50/clustered_n50_0080.tsp,7cc0d019230ba057352f8b040046fdbae0a8b66134b8ea396b023d6df35916d7
validation,clustered,50,81,202701490081,6,562.78,validation/clustered/n50/clustered_n50_0081.tsp,cf5609cc842c28fc33f1b5a2948be7cafff9a6310bb10582b09fd9dc30d0db13
validation,clustered,50,82,202701490082,4,511.893,validation/clustered/n50/clustered_n50_0082.tsp,df03f2ed774556fdb08eeece50c82b074d5a60fdec9ced4b8fa4b9bdd90b4644
validation,clustered,50,83,202701490083,4,412.504,validation/clustered/n50/clustered_n50_0083.tsp,253501ad5956a9d1fc0523178f685b3b386c87941d6f807313597a09d7a7cd07
validation,clustered,50,84,202701490084,5,579.741,validation/clustered/n50/clustered_n50_0084.tsp,e6045d214147818ad337c19d55899f9208b34b0910e63e1fb8c9bf2a9f03afd5
validation,clustered,50,85,202701490085,5,829.066,validation/clustered/n50/clustered_n50_0085.tsp,da32c251f336cb2025a261256941ad46c2dfb3b4b3bd1c605706b707c71805ed
validation,clustered,50,86,202701490086,6,651.245,validation/clustered/n50/clustered_n50_0086.tsp,1a42dafd97af3c692ef9b15cb88d65d08941ed92adec455ae6afecc907a8fdeb
validation,clustered,50,87,202701490087,6,306.835,validation/clustered/n50/clustered_n50_0087.tsp,343ba19eb2f5f067cd483e49c0427f1d14a4f8ea44faa7b9d2ac4e79d3c024f9
validation,clustered,50,88,202701490088,6,667.72,validation/clustered/n50/clustered_n50_0088.tsp,c52dd046ca4da361cc3eb3a09bb32dedcdddca26794dbf28f8467b1866c1fc2a
validation,clustered,50,89,202701490089,4,431.103,validation/clustered/n50/clustered_n50_0089.tsp,323d3d08881932506d82b0bb2556dd75e49a897acc7dca96996b41eaeb66c765
validation,clustered,50,90,202701490090,4,430.59,validation/clustered/n50/clustered_n50_0090.tsp,35e3c75207e24c5c8b6cddd6e86a85f60e5660bfc4a6a59a6cc3b02959bb337e
validation,clustered,50,91,202701490091,6,643.06,validation/clustered/n50/clustered_n50_0091.tsp,63ede2a50f2acb8375b7d4f62015ec6fd0625831c873694f57b14eed9cb04af4
validation,clustered,50,92,202701490092,5,800.339,validation/clustered/n50/clustered_n50_0092.tsp,195310bb3a2febec9a200a9d7026f115fd022c13c63071d3ff03099a4f0a1f73
validation,clustered,50,93,202701490093,4,668.366,validation/clustered/n50/clustered_n50_0093.tsp,0113266c73f4742baaac4d342a3fea6f1fa7c52bc278f41d1acb1b67c42d2c3d
validation,clustered,50,94,202701490094,5,474.75,validation/clustered/n50/clustered_n50_0094.tsp,64d30a1c77598ea2f35515e26bee94c9b52dbdde3d4632456164a766489bb8c5
validation,clustered,50,95,202701490095,4,623.534,validation/clustered/n50/clustered_n50_0095.tsp,365093739836994f2c245d66d2cbdc3c65b649ef26332e60bf4526a6dad9476a
validation,clustered,50,96,202701490096,4,766.457,validation/clustered/n50/clustered_n50_0096.tsp,fd3551f74eed7c176c732fe265d1bf0fe13286aeb27b3f215a32f416518f90f6
validation,clustered,50,97,202701490097,5,486.545,validation/clustered/n50/clustered_n50_0097.tsp,f2de50f3af3f4c2f8fb49abd3c2a7b2702b47c9d49abb309d29b6ee3b1108986
validation,clustered,50,98,202701490098,4,626.579,validation/clustered/n50/clustered_n50_0098.tsp,26d92c73c892ab1d03b03a212a1255395520461717d8cc3061ea61dc09439c53
validation,clustered,50,99,202701490099,6,532.17,validation/clustered/n50/clustered_n50_0099.tsp,bc5e8f299d87ad8655521fe76aa30dda84c23e2e49721419103623d4af4b91f2
validation,clustered,60,0,202701590000,5,523.22,validation/clustered/n60/clustered_n60_0000.tsp,304ad90698cdb97b29da2d085ee30b978d9382407cc682f3b74474fbda16779b
validation,clustered,60,1,202701590001,5,371.92,validation/clustered/n60/clustered_n60_0001.tsp,fb8f1f2f6bc7d79c1584aa558e8e4622b4894f73054f772d64b2b63be1dc4446
validation,clustered,60,2,202701590002,4,597.558,validation/clustered/n60/clustered_n60_0002.tsp,d2e710a85fd4a4d8799e3b2c0ffc3d0fa7af32c351a4682fc9a06764040b3dd9
validation,clustered,60,3,202701590003,6,601.68,validation/clustered/n60/clustered_n60_0003.tsp,22ae7fdc8696b986f08a9dc96aba09e013ae793b4b6ba7f2251d1448dcab469c
validation,clustered,60,4,202701590004,5,474.25,validation/clustered/n60/clustered_n60_0004.tsp,f28e1c404437680990277452ad5589056850b174a16e55dbee7085c455edc75f
validation,clustered,60,5,202701590005,6,523.607,validation/clustered/n60/clustered_n60_0005.tsp,49dd8bce0ab77bafda530b164f47f38b40be4bed90a9dffab3d8b3d0a4ff9eb4
validation,clustered,60,6,202701590006,7,721.385,validation/clustered/n60/clustered_n60_0006.tsp,dc27ec31e1a09c973d93ced8560de330a185438a53fa45ad067f30d14261bc31
validation,clustered,60,7,202701590007,5,411.027,validation/clustered/n60/clustered_n60_0007.tsp,46d6d35827a268ee173ccd26f037260c25e037b39f0824e12eb91bbd4e74db7d
validation,clustered,60,8,202701590008,7,462.689,validation/clustered/n60/clustered_n60_0008.tsp,1d5c67c17288b7c73112c28a4ad1ed93355c3d3b6484f713dd44af8126083cf9
validation,clustered,60,9,202701590009,6,531.952,validation/clustered/n60/clustered_n60_0009.tsp,a23aef186a0316f492cbdaa75a3e52a7634d2eca6fe6dbc895bd7c3966c04a76
validation,clustered,60,10,202701590010,7,580.579,validation/clustered/n60/clustered_n60_0010.tsp,ccffe350817e28e4335a79103ab6de55454484b807c6de55e6fa2aa9f7351a8d
validation,clustered,60,11,202701590011,4,603.127,validation/clustered/n60/clustered_n60_0011.tsp,05476e3a9e96756cd158878115b8af4b55f46dab7acd29acc9aa1d40fd2b926a
validation,clustered,60,12,202701590012,7,331.984,validation/clustered/n60/clustered_n60_0012.tsp,bcf57f5cdf119dfbf8fb569515ae6ec90ed943c3bc70d30436c022649c8e5773
validation,clustered,60,13,202701590013,4,556.228,validation/clustered/n60/clustered_n60_0013.tsp,90b197f67556f4e4f5b3b563d31562310e598915019e28e078df9bb9a252cf59
validation,clustered,60,14,202701590014,5,401.788,validation/clustered/n60/clustered_n60_0014.tsp,e55933c6c8292b05ec4e8ecc1df717d6862cd023a61baee68c894ac2b546de68
validation,clustered,60,15,202701590015,7,827.218,validation/clustered/n60/clustered_n60_0015.tsp,475c4d9f0bd2f03c17959c82cb1b276a0115ab582d457b478e405454176b4c3a
validation,clustered,60,16,202701590016,6,443.777,validation/clustered/n60/clustered_n60_0016.tsp,e7d8f1c43f85b976a9a905236d093a6d8649ae0246c90eaee7de1dcfac242369
validation,clustered,60,17,202701590017,5,700.04,validation/clustered/n60/clustered_n60_0017.tsp,7794e67f77b37e12f1adce9234b4bfc6de1c8b0cd26aee02fc9fdbeb31d4fecc
validation,clustered,60,18,202701590018,4,367.012,validation/clustered/n60/clustered_n60_0018.tsp,0b9dbf301f25946449a46449547270c527e1f6892d2aeef5ec7e485633d9a394
validation,clustered,60,19,202701590019,5,409.825,validation/clustered/n60/clustered_n60_0019.tsp,078e0f75833de7198144728218d667581b9a8c198daaf1e460668d7620d71265
validation,clustered,60,20,202701590020,5,821.903,validation/clustered/n60/clustered_n60_0020.tsp,e25186b957dfec0ae50349d57d42e1e9487be9e03a9d7cc3ad05f608ed07892f
validation,clustered,60,21,202701590021,6,792.473,validation/clustered/n60/clustered_n60_0021.tsp,d776fd6d3975470f4e4f7eddecef3c17f2f3cf061a4bfbe6a0ac1cbd5b53f90b
validation,clustered,60,22,202701590022,4,679.09,validation/clustered/n60/clustered_n60_0022.tsp,fde4768a7e1f2bc092e378786d874acae595f5f5573ba437055ed01ba2a43ac3
validation,clustered,60,23,202701590023,6,824.312,validation/clustered/n60/clustered_n60_0023.tsp,c17e29b94f4ca8bad8127d0ab394b1aab0c6c019b08cca65e3d264c996f9a41b
validation,clustered,60,24,202701590024,5,511.157,validation/clustered/n60/clustered_n60_0024.tsp,3e131760499bb162be374ed255a1ac7e129498ef8a6e4fcb4ed51fe32fae50a0
validation,clustered,60,25,202701590025,5,752.487,validation/clustered/n60/clustered_n60_0025.tsp,fd92596ab30dcdc76d047c6ccd5e33fe5acc4ed33d77003acf86216668465215
validation,clustered,60,26,202701590026,5,806.378,validation/clustered/n60/clustered_n60_0026.tsp,38666e4e112229894c752947b4a50ffef36e0dec63feb24f0483264bc0574afe
validation,clustered,60,27,202701590027,7,568.287,validation/clustered/n60/clustered_n60_0027.tsp,5f4f55ea456cd5e59e69538111bba941ab28bf47042d691cc7bb1b5671864edb
validation,clustered,60,28,202701590028,4,558.644,validation/clustered/n60/clustered_n60_0028.tsp,4c1d2cc6f39f084071a710a44ec764ac620888b151217a8241b42f3434386ca4
validation,clustered,60,29,202701590029,6,576.204,validation/clustered/n60/clustered_n60_0029.tsp,2c87027b93c29cf5f139e8c3e2c45e8c8d6e03fb94fce761b55a9871068d5a64
validation,clustered,60,30,202701590030,7,324.183,validation/clustered/n60/clustered_n60_0030.tsp,40afb4116c849cfda8c5357427304c59af0dbfee6fa29408bb50378aea9acb6b
validation,clustered,60,31,202701590031,6,847.847,validation/clustered/n60/clustered_n60_0031.tsp,f62a58cfb93256f4d6075623e4a7531aa58754d887427144922456d07d0dc2cc
validation,clustered,60,32,202701590032,7,636.297,validation/clustered/n60/clustered_n60_0032.tsp,4f61c349f103cf71c35d8e8ff1e428549eba5e226b74dd0b737cde8b2c1220c3
validation,clustered,60,33,202701590033,4,394.834,validation/clustered/n60/clustered_n60_0033.tsp,a12ef4be04ab55851dcf599d9b5a8995ebe85ff9521134132858ccf73de64667
validation,clustered,60,34,202701590034,4,411.666,validation/clustered/n60/clustered_n60_0034.tsp,f807da9e74d164033e329e3bc03b56d09ef0d4eeea197d8e0528fd424af6958d
validation,clustered,60,35,202701590035,7,516.476,validation/clustered/n60/clustered_n60_0035.tsp,5076d358b40da3023c1e509b88f9f750471e0b686a4b5d73dfb666e714b33df9
validation,clustered,60,36,202701590036,4,490.728,validation/clustered/n60/clustered_n60_0036.tsp,125e1082a5737212c0df5f77b99377d78e2b805bc4411ed2a33bc116e4387e7b
validation,clustered,60,37,202701590037,4,393.963,validation/clustered/n60/clustered_n60_0037.tsp,d3f7a390b7bc8ed5ac2526d601eceff9beac614ee5222f03a49697cc91d61261
validation,clustered,60,38,202701590038,6,715.515,validation/clustered/n60/clustered_n60_0038.tsp,bcb29488ec967c112636b2a8269bddc497b136987cebd3169016fcf8f2c77c81
validation,clustered,60,39,202701590039,7,547.896,validation/clustered/n60/clustered_n60_0039.tsp,685d39561e0e758fc1f68981e77d1ac5422dd0c1e97b75533d53082e532d6e83
validation,clustered,60,40,202701590040,4,455.809,validation/clustered/n60/clustered_n60_0040.tsp,3566bdedf77119bc451f6ea5ee0542d9503d895c8bfcdcec1b88979719474bc0
validation,clustered,60,41,202701590041,4,329.668,validation/clustered/n60/clustered_n60_0041.tsp,fb613fa3ff2101774881e2ee1a15d0a087f5802d570797b9cfb82ac993061c47
validation,clustered,60,42,202701590042,4,437.56,validation/clustered/n60/clustered_n60_0042.tsp,ddfb82bf224afeb8174b5f88d69c60df7643c30ec05fe72b3318abd8ddcfb01b
validation,clustered,60,43,202701590043,4,417.946,validation/clustered/n60/clustered_n60_0043.tsp,ed2f39e1dec7318fc0d1f4f761187ca1c7d977f277df297537290a16938db26b
validation,clustered,60,44,202701590044,5,621.854,validation/clustered/n60/clustered_n60_0044.tsp,384661a96bc938012df39dfca1ee8cf0e8cf2426d12defdf8e91f680e6b3e276
validation,clustered,60,45,202701590045,5,807.828,validation/clustered/n60/clustered_n60_0045.tsp,de7702712ebc009ce26dd8d654ca19a4e2a836045a046f76c501156127d94d9f
validation,clustered,60,46,202701590046,6,726.144,validation/clustered/n60/clustered_n60_0046.tsp,d471ca5bbd699ca54a80386de610b3691082181caeefe510160ce27b9f60617f
validation,clustered,60,47,202701590047,7,749.872,validation/clustered/n60/clustered_n60_0047.tsp,5c553052100100ad9f54729642e83976c8fbe20a53560e9dd7d84810681702bb
validation,clustered,60,48,202701590048,7,811.073,validation/clustered/n60/clustered_n60_0048.tsp,3bb5ad17a58e131eb3235e8505e8d62b0448e7437c54fcd822adcaed695642d8
validation,clustered,60,49,202701590049,7,454.879,validation/clustered/n60/clustered_n60_0049.tsp,b8135ff730288021380ec0a63d78f58f085978e97b33bd4a5b26be5b30f60e6d
validation,clustered,60,50,202701590050,6,363.825,validation/clustered/n60/clustered_n60_0050.tsp,fd820356258d6fdf07f99ef9046e7381647e9fa3657ab971a21b52a5400561c0
validation,clustered,60,51,202701590051,4,831.153,validation/clustered/n60/clustered_n60_0051.tsp,234b46f9b1d084179be0fd855d4a98c1a9fff73d542c6a207b98ce76fce11a1f
validation,clustered,60,52,202701590052,4,339.394,validation/clustered/n60/clustered_n60_0052.tsp,2e61674e74906256f5e1b2a657a170c4be55f2c1a35118b9e88a2009e6162e29
validation,clustered,60,53,202701590053,7,572.246,validation/clustered/n60/clustered_n60_0053.tsp,210ddd69c9fb83e0eafad80bd8bae839049ecc321cdeca37fe27a76a0350f3c6
validation,clustered,60,54,202701590054,7,676.344,validation/clustered/n60/clustered_n60_0054.tsp,2bfa7ddb6d58259ae7d5c3369225d853de4f254e64db247cb4ab449f916c8cf4
validation,clustered,60,55,202701590055,5,591.778,validation/clustered/n60/clustered_n60_0055.tsp,17e15a1557db0d6de31da821c1d785c3d906b379ef9df2a7e6dde65e1c793acf
validation,clustered,60,56,202701590056,4,572.909,validation/clustered/n60/clustered_n60_0056.tsp,d73bc1d517167311010908dd56516f479fc067b67ab5a7c8f407e489b7217255
validation,clustered,60,57,202701590057,4,457.939,validation/clustered/n60/clustered_n60_0057.tsp,bbb57e64f8ee9154526f2101113a36fe7e8f7bd73e34980c1fadff07296f6f50
validation,clustered,60,58,202701590058,6,693.268,validation/clustered/n60/clustered_n60_0058.tsp,7644484bbf576ef32d82a3eed46b576899a6c278475dad550a2c23935e124f83
validation,clustered,60,59,202701590059,4,340.542,validation/clustered/n60/clustered_n60_0059.tsp,3115ca3c244a99b15a178a204526729adaf2b72bdbeca6af87193a14f720ef24
validation,clustered,60,60,202701590060,4,607.558,validation/clustered/n60/clustered_n60_0060.tsp,aa62881246d18a30721a7d79ea31121dcc1ea14d1dfa5d66abbd45bd1bbb85f1
validation,clustered,60,61,202701590061,6,430.797,validation/clustered/n60/clustered_n60_0061.tsp,ed25b43c8bb9c53985ef45691fc65ae2d1c2f19fc416093466c5e64832a9b9a0
validation,clustered,60,62,202701590062,7,656.012,validation/clustered/n60/clustered_n60_0062.tsp,37cfa880cd48ee08b5b46bd65ecee312f9f82f9f0c55f12cc4424bbc790b139d
validation,clustered,60,63,202701590063,4,462.155,validation/clustered/n60/clustered_n60_0063.tsp,a122c817d255a82557a2ba38fcf5800c7e810880ec6946e70cec1ad523824d05
validation,clustered,60,64,202701590064,7,463.853,validation/clustered/n60/clustered_n60_0064.tsp,52f4162d141922b1a1539ad2333e7d8dd7c2a6c68abfd2259bc744434852dd20
validation,clustered,60,65,202701590065,5,491.178,validation/clustered/n60/clustered_n60_0065.tsp,4f9885567369f776503c49768ece23affb34d3a8b6162f0155357dd3b2f30540
validation,clustered,60,66,202701590066,5,600.342,validation/clustered/n60/clustered_n60_0066.tsp,72032cffca12ff0a5309b59c5d593ef67c8a72e0cd74828185ef72415efd137d
validation,clustered,60,67,202701590067,7,828.698,validation/clustered/n60/clustered_n60_0067.tsp,9fa1e3d44b500075e01161b7c005023630f2190d21c380a878729dca244670a0
validation,clustered,60,68,202701590068,5,787.397,validation/clustered/n60/clustered_n60_0068.tsp,7f9af6677e9a4d7543b860bbab4da4de61262cd4283bf14c6593678b254eeb72
validation,clustered,60,69,202701590069,5,751.928,validation/clustered/n60/clustered_n60_0069.tsp,a97c5137eeddb528941b04266b5ebbedcbd247f44374e5e79bcbc35f9d79940a
validation,clustered,60,70,202701590070,5,709.203,validation/clustered/n60/clustered_n60_0070.tsp,e2dd89512919c0268054846812b4fa2baa29ffc0ccfd7ad87561eba875341785
validation,clustered,60,71,202701590071,7,582.851,validation/clustered/n60/clustered_n60_0071.tsp,3833f4e1110cd4a9b0ed0ff3fb764c85a2f511963fcd1f05a0b04663d5682e6d
validation,clustered,60,72,202701590072,5,617.472,validation/clustered/n60/clustered_n60_0072.tsp,29cc0c5432e47cef5ad7a7ff7ad532659eadd0db66f482b8854c1ba0cfaa63c1
validation,clustered,60,73,202701590073,4,813.274,validation/clustered/n60/clustered_n60_0073.tsp,00e211fb3442296e017140ed90a5aa30686c7274cd202b861a4a59733909dd1a
validation,clustered,60,74,202701590074,5,520.591,validation/clustered/n60/clustered_n60_0074.tsp,ee7553de889b9d4a3cd134085766c86f54ea2e250c9e96b03b8d4c1a8221b7aa
validation,clustered,60,75,202701590075,6,773.444,validation/clustered/n60/clustered_n60_0075.tsp,2d50cca94b74fa64a1323b924bbaaea41868c96c5d4411c149ba162dde57dfe5
validation,clustered,60,76,202701590076,4,493.939,validation/clustered/n60/clustered_n60_0076.tsp,d69939e8d3f5fe326ff76b1f77bff52f53414408b5f8c4297ff11ed0e38394c6
validation,clustered,60,77,202701590077,7,650.195,validation/clustered/n60/clustered_n60_0077.tsp,16597598426de833efd6bb16296d0176652f57a3ab2fcb8ce3531cba31136b84
validation,clustered,60,78,202701590078,4,447.536,validation/clustered/n60/clustered_n60_0078.tsp,8941d83b2984d1fd4b79f6152c19c0a22f268dfdbb982c83c7d368583ebaf86a
validation,clustered,60,79,202701590079,4,490.645,validation/clustered/n60/clustered_n60_0079.tsp,a2289e160316e122d3ed2553d6ea2ba5634968b64a157476632b534128157b9b
validation,clustered,60,80,202701590080,7,354.889,validation/clustered/n60/clustered_n60_0080.tsp,d0505e990052a8a639ceb3d1ec140fc9c600c02226e95bc319f2ec4495b511db
validation,clustered,60,81,202701590081,4,316.263,validation/clustered/n60/clustered_n60_0081.tsp,1a516c068ea82d312010f9c45185e93287498891f174ba87665e96cbd4dcc60e
validation,clustered,60,82,202701590082,4,530.01,validation/clustered/n60/clustered_n60_0082.tsp,5dd43e6bbf1c2d63044effee4dd807f4a1de7cde16ab415096eca8ceff8e181d
validation,clustered,60,83,202701590083,5,410.751,validation/clustered/n60/clustered_n60_0083.tsp,daf3a019f88794ca50fa0bf9e1e617c2d675cfc03653f8aba7b0283e1eded067
validation,clustered,60,84,202701590084,5,411.963,validation/clustered/n60/clustered_n60_0084.tsp,1fdf03aefe0153de69e706944dd2fc252bc7dbd38f2e8619bbd0d2a0c2b0fee3
validation,clustered,60,85,202701590085,7,735.313,validation/clustered/n60/clustered_n60_0085.tsp,d63251fb87fa8cd2eeb006ee654d047826cb4e13609cf7b7843bbe72214e4a5d
validation,clustered,60,86,202701590086,4,837.995,validation/clustered/n60/clustered_n60_0086.tsp,72dbe3b1381316b2f3404f81d9574f1358457f977b09ec027db6ae386b879eef
validation,clustered,60,87,202701590087,4,459.476,validation/clustered/n60/clustered_n60_0087.tsp,03807ccdfce41d5b75a335c8876b51c6c382c453f424bb0c56427ea87e6e70be
validation,clustered,60,88,202701590088,7,745.348,validation/clustered/n60/clustered_n60_0088.tsp,ea589edd85fc2e0316b52876c89c4332ac2cdc91590286724fafff527cbb7cc6
validation,clustered,60,89,202701590089,4,638.12,validation/clustered/n60/clustered_n60_0089.tsp,356de8504027271509fd65dd0d98cfe037c633006861674db7466e0db8f64ae2
validation,clustered,60,90,202701590090,6,652.244,validation/clustered/n60/clustered_n60_0090.tsp,28c9db3eb37c676e61350e2760878a9b495f5de01f7e35f04155ca1d533f8965
validation,clustered,60,91,202701590091,5,460.37,validation/clustered/n60/clustered_n60_0091.tsp,34039c3880c9a65e6915e60fcc43f73999e9b7c3b508a3a70bb293f2884dc2ed
validation,clustered,60,92,202701590092,5,467.722,validation/clustered/n60/clustered_n60_0092.tsp,4ebff0f2af1b18faa1a2448eb129c68c4b100364e7f76947687f4384c5cebe22
validation,clustered,60,93,202701590093,4,323.752,validation/clustered/n60/clustered_n60_0093.tsp,905b678564d31921dc87282e27aba749ba03912d1af5a95bbba60494435d6f5a
validation,clustered,60,94,202701590094,6,571.095,validation/clustered/n60/clustered_n60_0094.tsp,3d829cfd3d1018bb43aee20133afcb750f436f59fa4d264d280043d325c16c8e
validation,clustered,60,95,202701590095,5,531.459,validation/clustered/n60/clustered_n60_0095.tsp,08de3ec95facb57495eeaa4ff93ccc6601168d6bcc56ec5b0856d1c10768868c
validation,clustered,60,96,202701590096,4,788.858,validation/clustered/n60/clustered_n60_0096.tsp,9cbfa37906f0e77a0f9307e8fcd312abb79c34416351ba87f0ae3b56cdc66e5d
validation,clustered,60,97,202701590097,6,684.427,validation/clustered/n60/clustered_n60_0097.tsp,29a24b164c1c415250a1c49f701e94534b0e14395655c68df1efb159bfc40eb5
validation,clustered,60,98,202701590098,5,809.134,validation/clustered/n60/clustered_n60_0098.tsp,8f807002bc7aa838b182cb43f69e922a34d65d14ff4a86fea95b864ac204539e
validation,clustered,60,99,202701590099,5,348.861,validation/clustered/n60/clustered_n60_0099.tsp,debdafbbfee0b1ae6ede5a0057bb3d00c816c11a602e239b7603bfc661650537
