epoch,train_mean_length,train_best_length,eval_best_length,mean_reward,loss,fallback_count,fallback_rate,average_candidate_size
1,940.3333129882812,820.0,,-940.3333129882812,0.3139122724533081,0,0.0,4.5
2,988.4444580078125,814.0,,-988.4444580078125,27.26124382019043,0,0.0,4.5
3,1011.111083984375,869.0,,-1011.111083984375,5.307400226593018,0,0.0,4.5
4,1026.4444580078125,878.0,,-1026.4444580078125,-31.4072265625,0,0.0,4.5
5,969.2222290039062,802.0,,-969.2222290039062,-109.03164672851562,0,0.0,4.5
6,973.4444580078125,809.0,,-973.4444580078125,-181.12945556640625,0,0.0,4.5
7,967.888916015625,818.0,,-967.888916015625,-9.070942878723145,0,0.0,4.5
8,928.888916015625,771.0,,-928.888916015625,-58.89952850341797,0,0.0,4.5
9,956.4444580078125,827.0,,-956.4444580078125,-1.1126946210861206,0,0.0,4.5
10,902.4444580078125,801.0,,-902.4444580078125,-51.76074981689453,0,0.0,4.5
11,940.0,773.0,,-940.0,-113.53350067138672,0,0.0,4.5
12,921.4444580078125,840.0,,-921.4444580078125,21.244972229003906,0,0.0,4.5
13,951.5555419921875,883.0,,-951.5555419921875,-44.27139663696289,0,0.0,4.5
14,917.888916015625,815.0,,-917.888916015625,17.98133659362793,0,0.0,4.5
15,912.0,759.0,,-912.0,-16.84105682373047,0,0.0,4.5
16,939.5555419921875,875.0,,-939.5555419921875,7.73896598815918,0,0.0,4.5
17,908.111083984375,764.0,,-908.111083984375,51.98933410644531,0,0.0,4.5
18,866.0,806.0,,-866.0,-9.31332778930664,0,0.0,4.5
19,883.3333129882812,795.0,,-883.3333129882812,24.001245498657227,0,0.0,4.5
20,886.5555419921875,740.0,,-886.5555419921875,32.84402847290039,0,0.0,4.5
21,870.888916015625,776.0,,-870.888916015625,-11.060131072998047,0,0.0,4.5
22,915.888916015625,793.0,,-915.888916015625,49.80180358886719,0,0.0,4.5
23,901.5555419921875,781.0,,-901.5555419921875,22.743919372558594,0,0.0,4.5
24,912.0,843.0,,-912.0,-13.995132446289062,0,0.0,4.5
25,926.0,799.0,,-926.0,-46.797096252441406,0,0.0,4.5
26,922.3333129882812,806.0,,-922.3333129882812,-42.386566162109375,0,0.0,4.5
27,878.2222290039062,773.0,,-878.2222290039062,-4.23548698425293,0,0.0,4.5
28,868.3333129882812,793.0,,-868.3333129882812,-41.69597625732422,0,0.0,4.5
29,903.888916015625,785.0,,-903.888916015625,34.21732711791992,0,0.0,4.5
30,909.888916015625,792.0,,-909.888916015625,-51.11603927612305,0,0.0,4.5
31,921.888916015625,806.0,,-921.888916015625,-9.32449722290039,0,0.0,4.5
32,874.5555419921875,759.0,,-874.5555419921875,5.152703285217285,0,0.0,4.5
33,887.2222290039062,773.0,,-887.2222290039062,-4.44856071472168,0,0.0,4.5
34,851.0,694.0,,-851.0,-16.26417350769043,0,0.0,4.5
35,866.0,799.0,,-866.0,-28.07349395751953,0,0.0,4.5
36,890.3333129882812,732.0,,-890.3333129882812,-22.720081329345703,0,0.0,4.5
37,861.111083984375,681.0,,-861.111083984375,-11.18215560913086,0,0.0,4.5
38,889.2222290039062,795.0,,-889.2222290039062,-2.017561197280884,0,0.0,4.5
39,856.2222290039062,681.0,,-856.2222290039062,67.74129486083984,0,0.0,4.5
40,861.3333129882812,694.0,,-861.3333129882812,-46.38798141479492,0,0.0,4.5
41,892.0,806.0,,-892.0,14.50851058959961,0,0.0,4.5
42,850.2222290039062,759.0,,-850.2222290039062,-41.80937194824219,0,0.0,4.5
43,867.5555419921875,694.0,,-867.5555419921875,-104.78921508789062,0,0.0,4.5
44,851.0,756.0,,-851.0,23.17558479309082,0,0.0,4.5
45,834.111083984375,681.0,,-834.111083984375,-56.12507629394531,0,0.0,4.5
46,846.111083984375,694.0,,-846.111083984375,-111.63109588623047,0,0.0,4.5
47,886.2222290039062,806.0,,-886.2222290039062,-37.96068572998047,0,0.0,4.5
48,858.5555419921875,773.0,,-858.5555419921875,-53.13350296020508,0,0.0,4.5
49,865.888916015625,810.0,,-865.888916015625,33.14548873901367,0,0.0,4.5
50,873.888916015625,792.0,694.0,-873.888916015625,-3.038729429244995,0,0.0,4.5
51,820.2222290039062,694.0,,-820.2222290039062,-104.58580780029297,0,0.0,4.5
52,830.0,694.0,,-830.0,-19.53458023071289,0,0.0,4.5
53,833.4444580078125,694.0,,-833.4444580078125,-25.585342407226562,0,0.0,4.5
54,861.111083984375,782.0,,-861.111083984375,-24.378129959106445,0,0.0,4.5
55,864.5555419921875,755.0,,-864.5555419921875,-64.08859252929688,0,0.0,4.5
56,816.5555419921875,759.0,,-816.5555419921875,-34.19697952270508,0,0.0,4.5
57,844.888916015625,732.0,,-844.888916015625,7.148922443389893,0,0.0,4.5
58,837.5555419921875,795.0,,-837.5555419921875,-55.02588653564453,0,0.0,4.5
59,858.5555419921875,792.0,,-858.5555419921875,9.598858833312988,0,0.0,4.5
60,814.2222290039062,740.0,,-814.2222290039062,-4.121066570281982,0,0.0,4.5
61,850.2222290039062,759.0,,-850.2222290039062,33.68162536621094,0,0.0,4.5
62,823.7777709960938,704.0,,-823.7777709960938,-4.002613544464111,0,0.0,4.5
63,833.6666870117188,704.0,,-833.6666870117188,42.01995086669922,0,0.0,4.5
64,848.6666870117188,789.0,,-848.6666870117188,-6.36922025680542,0,0.0,4.5
65,843.888916015625,694.0,,-843.888916015625,34.08970642089844,0,0.0,4.5
66,832.4444580078125,740.0,,-832.4444580078125,-92.52738952636719,0,0.0,4.5
67,801.2222290039062,741.0,,-801.2222290039062,13.385637283325195,0,0.0,4.5
68,855.3333129882812,755.0,,-855.3333129882812,-35.87060546875,0,0.0,4.5
69,895.0,783.0,,-895.0,-129.00245666503906,0,0.0,4.5
70,846.2222290039062,681.0,,-846.2222290039062,-73.31733703613281,0,0.0,4.5
71,808.2222290039062,680.0,,-808.2222290039062,-6.714667320251465,0,0.0,4.5
72,852.2222290039062,792.0,,-852.2222290039062,-32.9080924987793,0,0.0,4.5
73,847.3333129882812,681.0,,-847.3333129882812,-63.92990493774414,0,0.0,4.5
74,842.2222290039062,755.0,,-842.2222290039062,-10.480501174926758,0,0.0,4.5
75,844.2222290039062,681.0,,-844.2222290039062,15.475199699401855,0,0.0,4.5
76,820.4444580078125,694.0,,-820.4444580078125,56.28887939453125,0,0.0,4.5
77,851.2222290039062,722.0,,-851.2222290039062,53.79447937011719,0,0.0,4.5
78,868.3333129882812,681.0,,-868.3333129882812,37.30696105957031,0,0.0,4.5
79,842.7777709960938,721.0,,-842.7777709960938,-29.90000343322754,0,0.0,4.5
80,841.6666870117188,773.0,,-841.6666870117188,-5.207442283630371,0,0.0,4.5
81,843.111083984375,681.0,,-843.111083984375,-35.96864318847656,0,0.0,4.5
82,810.111083984375,694.0,,-810.111083984375,-29.36874008178711,0,0.0,4.5
83,845.5555419921875,681.0,,-845.5555419921875,-40.38636779785156,0,0.0,4.5
84,795.111083984375,694.0,,-795.111083984375,-20.1044979095459,0,0.0,4.5
85,838.0,707.0,,-838.0,4.058847904205322,0,0.0,4.5
86,792.6666870117188,694.0,,-792.6666870117188,6.317609786987305,0,0.0,4.5
87,795.2222290039062,694.0,,-795.2222290039062,-67.442138671875,0,0.0,4.5
88,790.111083984375,680.0,,-790.111083984375,-28.7034912109375,0,0.0,4.5
89,782.111083984375,704.0,,-782.111083984375,18.942325592041016,0,0.0,4.5
90,822.0,718.0,,-822.0,5.719066143035889,0,0.0,4.5
91,810.2222290039062,680.0,,-810.2222290039062,-11.368529319763184,0,0.0,4.5
92,788.0,681.0,,-788.0,11.065982818603516,0,0.0,4.5
93,829.0,749.0,,-829.0,-40.50273132324219,0,0.0,4.5
94,778.5555419921875,681.0,,-778.5555419921875,22.735801696777344,0,0.0,4.5
95,795.888916015625,694.0,,-795.888916015625,-27.665870666503906,0,0.0,4.5
96,806.7777709960938,681.0,,-806.7777709960938,6.586287498474121,0,0.0,4.5
97,811.7777709960938,694.0,,-811.7777709960938,-31.95403289794922,0,0.0,4.5
98,807.2222290039062,680.0,,-807.2222290039062,-52.69825744628906,0,0.0,4.5
99,777.7777709960938,718.0,,-777.7777709960938,14.543262481689453,0,0.0,4.5
100,787.5555419921875,694.0,681.0,-787.5555419921875,-170.18157958984375,0,0.0,4.5
101,824.111083984375,680.0,,-824.111083984375,-82.65576171875,0,0.0,4.5
102,777.2222290039062,681.0,,-777.2222290039062,-18.182964324951172,0,0.0,4.5
103,801.888916015625,694.0,,-801.888916015625,-77.08638763427734,0,0.0,4.5
104,776.5555419921875,694.0,,-776.5555419921875,-10.810208320617676,0,0.0,4.5
105,774.3333129882812,694.0,,-774.3333129882812,-47.54923629760742,0,0.0,4.5
106,773.4444580078125,681.0,,-773.4444580078125,-23.574867248535156,0,0.0,4.5
107,778.5555419921875,704.0,,-778.5555419921875,-51.06049728393555,0,0.0,4.5
108,774.7777709960938,694.0,,-774.7777709960938,1.409757375717163,0,0.0,4.5
109,767.6666870117188,694.0,,-767.6666870117188,-8.258061408996582,0,0.0,4.5
110,762.7777709960938,704.0,,-762.7777709960938,-48.833003997802734,0,0.0,4.5
111,766.6666870117188,681.0,,-766.6666870117188,30.002363204956055,0,0.0,4.5
112,785.4444580078125,707.0,,-785.4444580078125,-40.92994689941406,0,0.0,4.5
113,793.6666870117188,681.0,,-793.6666870117188,-66.75997161865234,0,0.0,4.5
114,757.0,694.0,,-757.0,-11.086978912353516,0,0.0,4.5
115,749.5555419921875,681.0,,-749.5555419921875,-1.928874135017395,0,0.0,4.5
116,762.3333129882812,680.0,,-762.3333129882812,-6.3979315757751465,0,0.0,4.5
117,766.6666870117188,681.0,,-766.6666870117188,-47.11579895019531,0,0.0,4.5
118,764.3333129882812,681.0,,-764.3333129882812,-84.28559875488281,0,0.0,4.5
119,766.5555419921875,681.0,,-766.5555419921875,-12.521419525146484,0,0.0,4.5
120,754.4444580078125,680.0,,-754.4444580078125,-19.798709869384766,0,0.0,4.5
121,747.6666870117188,680.0,,-747.6666870117188,-27.37287139892578,0,0.0,4.5
122,765.7777709960938,681.0,,-765.7777709960938,-24.622058868408203,0,0.0,4.5
123,754.5555419921875,680.0,,-754.5555419921875,-15.568553924560547,0,0.0,4.5
124,762.4444580078125,680.0,,-762.4444580078125,-44.31546401977539,0,0.0,4.5
125,758.111083984375,680.0,,-758.111083984375,-61.33948516845703,0,0.0,4.5
126,764.5555419921875,680.0,,-764.5555419921875,-41.26847839355469,0,0.0,4.5
127,755.111083984375,680.0,,-755.111083984375,-71.7181396484375,0,0.0,4.5
128,767.7777709960938,706.0,,-767.7777709960938,-63.44557571411133,0,0.0,4.5
129,757.5555419921875,681.0,,-757.5555419921875,-12.075371742248535,0,0.0,4.5
130,759.3333129882812,680.0,,-759.3333129882812,-83.7911148071289,0,0.0,4.5
131,742.888916015625,680.0,,-742.888916015625,-57.05193328857422,0,0.0,4.5
132,754.6666870117188,680.0,,-754.6666870117188,-34.14237594604492,0,0.0,4.5
133,784.5555419921875,680.0,,-784.5555419921875,-135.47634887695312,0,0.0,4.5
134,765.888916015625,680.0,,-765.888916015625,-2.962733030319214,0,0.0,4.5
135,767.5555419921875,680.0,,-767.5555419921875,-24.82103157043457,0,0.0,4.5
136,760.888916015625,680.0,,-760.888916015625,-35.793025970458984,0,0.0,4.5
137,749.2222290039062,680.0,,-749.2222290039062,-85.61860656738281,0,0.0,4.5
138,764.4444580078125,681.0,,-764.4444580078125,-25.39419937133789,0,0.0,4.5
139,751.5555419921875,694.0,,-751.5555419921875,-42.957950592041016,0,0.0,4.5
140,753.2222290039062,680.0,,-753.2222290039062,-7.031139373779297,0,0.0,4.5
141,760.888916015625,680.0,,-760.888916015625,16.723215103149414,0,0.0,4.5
142,759.0,681.0,,-759.0,-14.235149383544922,0,0.0,4.5
143,776.2222290039062,694.0,,-776.2222290039062,-33.04697036743164,0,0.0,4.5
144,750.2222290039062,680.0,,-750.2222290039062,2.673875093460083,0,0.0,4.5
145,766.888916015625,681.0,,-766.888916015625,-21.941627502441406,0,0.0,4.5
146,760.2222290039062,694.0,,-760.2222290039062,-23.192331314086914,0,0.0,4.5
147,760.5555419921875,681.0,,-760.5555419921875,-45.62211990356445,0,0.0,4.5
148,760.4444580078125,681.0,,-760.4444580078125,-4.769162178039551,0,0.0,4.5
149,767.6666870117188,704.0,,-767.6666870117188,26.628068923950195,0,0.0,4.5
150,762.6666870117188,681.0,694.0,-762.6666870117188,-89.19400024414062,0,0.0,4.5
151,757.111083984375,681.0,,-757.111083984375,-3.026632308959961,0,0.0,4.5
152,775.5555419921875,694.0,,-775.5555419921875,-49.48158264160156,0,0.0,4.5
153,758.4444580078125,681.0,,-758.4444580078125,-19.77408218383789,0,0.0,4.5
154,787.6666870117188,681.0,,-787.6666870117188,-214.7914276123047,0,0.0,4.5
155,766.4444580078125,681.0,,-766.4444580078125,-68.73792266845703,0,0.0,4.5
156,768.2222290039062,694.0,,-768.2222290039062,2.006251811981201,0,0.0,4.5
157,761.111083984375,681.0,,-761.111083984375,-27.455711364746094,0,0.0,4.5
158,764.3333129882812,694.0,,-764.3333129882812,-51.19587707519531,0,0.0,4.5
159,769.0,680.0,,-769.0,-34.347049713134766,0,0.0,4.5
160,754.7777709960938,680.0,,-754.7777709960938,-24.631412506103516,0,0.0,4.5
161,749.5555419921875,680.0,,-749.5555419921875,-1.8054817914962769,0,0.0,4.5
162,747.888916015625,680.0,,-747.888916015625,-76.97691345214844,0,0.0,4.5
163,747.888916015625,680.0,,-747.888916015625,-31.82329559326172,0,0.0,4.5
164,755.0,680.0,,-755.0,-4.22035551071167,0,0.0,4.5
165,751.4444580078125,681.0,,-751.4444580078125,-2.5515236854553223,0,0.0,4.5
166,757.3333129882812,681.0,,-757.3333129882812,2.12191104888916,0,0.0,4.5
167,759.888916015625,681.0,,-759.888916015625,3.8012657165527344,0,0.0,4.5
168,755.6666870117188,681.0,,-755.6666870117188,-7.957767009735107,0,0.0,4.5
169,750.7777709960938,680.0,,-750.7777709960938,-15.56280517578125,0,0.0,4.5
170,763.5555419921875,680.0,,-763.5555419921875,-73.48443603515625,0,0.0,4.5
171,750.7777709960938,680.0,,-750.7777709960938,-10.504950523376465,0,0.0,4.5
172,747.111083984375,681.0,,-747.111083984375,-11.522787094116211,0,0.0,4.5
173,768.3333129882812,681.0,,-768.3333129882812,-35.510868072509766,0,0.0,4.5
174,763.111083984375,681.0,,-763.111083984375,-3.532583475112915,0,0.0,4.5
175,745.111083984375,680.0,,-745.111083984375,-20.713905334472656,0,0.0,4.5
176,753.111083984375,680.0,,-753.111083984375,-5.032975196838379,0,0.0,4.5
177,762.2222290039062,694.0,,-762.2222290039062,-44.424251556396484,0,0.0,4.5
178,762.888916015625,681.0,,-762.888916015625,-39.713993072509766,0,0.0,4.5
179,756.5555419921875,680.0,,-756.5555419921875,-13.942648887634277,0,0.0,4.5
180,768.3333129882812,681.0,,-768.3333129882812,-76.12418365478516,0,0.0,4.5
181,751.2222290039062,681.0,,-751.2222290039062,-9.161602020263672,0,0.0,4.5
182,758.888916015625,680.0,,-758.888916015625,-76.03254699707031,0,0.0,4.5
183,747.0,681.0,,-747.0,-16.61058807373047,0,0.0,4.5
184,741.7777709960938,681.0,,-741.7777709960938,11.551816940307617,0,0.0,4.5
185,756.7777709960938,704.0,,-756.7777709960938,20.552213668823242,0,0.0,4.5
186,749.6666870117188,694.0,,-749.6666870117188,-10.158388137817383,0,0.0,4.5
187,761.7777709960938,680.0,,-761.7777709960938,-13.583404541015625,0,0.0,4.5
188,755.3333129882812,706.0,,-755.3333129882812,-19.815763473510742,0,0.0,4.5
189,760.111083984375,694.0,,-760.111083984375,20.22698211669922,0,0.0,4.5
190,758.2222290039062,680.0,,-758.2222290039062,6.381164073944092,0,0.0,4.5
191,754.0,680.0,,-754.0,-34.81937026977539,0,0.0,4.5
192,744.5555419921875,680.0,,-744.5555419921875,5.948132038116455,0,0.0,4.5
193,760.111083984375,680.0,,-760.111083984375,0.9016320705413818,0,0.0,4.5
194,753.7777709960938,681.0,,-753.7777709960938,-5.727212905883789,0,0.0,4.5
195,761.3333129882812,694.0,,-761.3333129882812,-0.10983297228813171,0,0.0,4.5
196,754.0,680.0,,-754.0,4.441250324249268,0,0.0,4.5
197,747.111083984375,681.0,,-747.111083984375,-14.444769859313965,0,0.0,4.5
198,749.0,680.0,,-749.0,-40.72549057006836,0,0.0,4.5
199,766.6666870117188,681.0,,-766.6666870117188,-2.816633462905884,0,0.0,4.5
200,746.5555419921875,681.0,681.0,-746.5555419921875,-40.625831604003906,0,0.0,4.5
201,773.3333129882812,706.0,,-773.3333129882812,-54.10438919067383,0,0.0,4.5
202,764.7777709960938,681.0,,-764.7777709960938,-26.820138931274414,0,0.0,4.5
203,762.0,681.0,,-762.0,-23.915157318115234,0,0.0,4.5
204,768.4444580078125,717.0,,-768.4444580078125,17.827167510986328,0,0.0,4.5
205,753.6666870117188,680.0,,-753.6666870117188,-57.80367660522461,0,0.0,4.5
206,767.4444580078125,694.0,,-767.4444580078125,3.348505735397339,0,0.0,4.5
207,788.5555419921875,721.0,,-788.5555419921875,-29.97296905517578,0,0.0,4.5
208,774.7777709960938,680.0,,-774.7777709960938,-36.917911529541016,0,0.0,4.5
209,779.0,721.0,,-779.0,-9.24428939819336,0,0.0,4.5
210,795.0,717.0,,-795.0,-51.00848388671875,0,0.0,4.5
211,791.3333129882812,720.0,,-791.3333129882812,-18.216026306152344,0,0.0,4.5
212,774.111083984375,681.0,,-774.111083984375,-77.52523803710938,0,0.0,4.5
213,782.7777709960938,680.0,,-782.7777709960938,-101.52812194824219,0,0.0,4.5
214,764.111083984375,680.0,,-764.111083984375,-103.25111389160156,0,0.0,4.5
215,766.5555419921875,694.0,,-766.5555419921875,-47.144039154052734,0,0.0,4.5
216,766.111083984375,706.0,,-766.111083984375,-37.4387321472168,0,0.0,4.5
217,757.2222290039062,680.0,,-757.2222290039062,-71.94952392578125,0,0.0,4.5
218,779.0,681.0,,-779.0,-71.6509017944336,0,0.0,4.5
219,766.3333129882812,680.0,,-766.3333129882812,-22.55826187133789,0,0.0,4.5
220,778.6666870117188,706.0,,-778.6666870117188,-20.227325439453125,0,0.0,4.5
221,783.6666870117188,680.0,,-783.6666870117188,-53.58378601074219,0,0.0,4.5
222,760.5555419921875,680.0,,-760.5555419921875,-26.977378845214844,0,0.0,4.5
223,778.5555419921875,680.0,,-778.5555419921875,-56.96438217163086,0,0.0,4.5
224,774.7777709960938,694.0,,-774.7777709960938,11.047293663024902,0,0.0,4.5
225,776.888916015625,680.0,,-776.888916015625,-36.39009475708008,0,0.0,4.5
226,769.7777709960938,680.0,,-769.7777709960938,-71.10154724121094,0,0.0,4.5
227,759.4444580078125,680.0,,-759.4444580078125,-67.6198959350586,0,0.0,4.5
228,756.5555419921875,680.0,,-756.5555419921875,-10.506181716918945,0,0.0,4.5
229,765.888916015625,681.0,,-765.888916015625,-14.411107063293457,0,0.0,4.5
230,781.5555419921875,680.0,,-781.5555419921875,-12.064273834228516,0,0.0,4.5
231,749.6666870117188,680.0,,-749.6666870117188,4.063638687133789,0,0.0,4.5
232,787.888916015625,681.0,,-787.888916015625,-18.75334930419922,0,0.0,4.5
233,782.2222290039062,680.0,,-782.2222290039062,-7.736217975616455,0,0.0,4.5
234,793.2222290039062,681.0,,-793.2222290039062,-30.43721580505371,0,0.0,4.5
235,784.888916015625,720.0,,-784.888916015625,2.334688425064087,0,0.0,4.5
236,770.0,680.0,,-770.0,-71.05519104003906,0,0.0,4.5
237,762.6666870117188,680.0,,-762.6666870117188,-37.077491760253906,0,0.0,4.5
238,770.7777709960938,680.0,,-770.7777709960938,-21.30390739440918,0,0.0,4.5
239,751.0,680.0,,-751.0,-18.824565887451172,0,0.0,4.5
240,757.888916015625,681.0,,-757.888916015625,-6.91456413269043,0,0.0,4.5
241,741.0,680.0,,-741.0,-11.184253692626953,0,0.0,4.5
242,759.2222290039062,680.0,,-759.2222290039062,-17.507781982421875,0,0.0,4.5
243,767.4444580078125,680.0,,-767.4444580078125,-31.11893653869629,0,0.0,4.5
244,747.3333129882812,680.0,,-747.3333129882812,-7.930352210998535,0,0.0,4.5
245,753.4444580078125,681.0,,-753.4444580078125,7.144257545471191,0,0.0,4.5
246,751.6666870117188,680.0,,-751.6666870117188,-53.0737419128418,0,0.0,4.5
247,739.2222290039062,680.0,,-739.2222290039062,-3.4050378799438477,0,0.0,4.5
248,768.6666870117188,680.0,,-768.6666870117188,-36.68540573120117,0,0.0,4.5
249,753.0,680.0,,-753.0,-37.49604034423828,0,0.0,4.5
250,762.7777709960938,680.0,680.0,-762.7777709960938,-122.24465942382812,0,0.0,4.5
251,746.5555419921875,680.0,,-746.5555419921875,-42.44743728637695,0,0.0,4.5
252,751.3333129882812,680.0,,-751.3333129882812,-30.12348175048828,0,0.0,4.5
253,774.888916015625,680.0,,-774.888916015625,-94.55313873291016,0,0.0,4.5
254,759.7777709960938,680.0,,-759.7777709960938,-69.144775390625,0,0.0,4.5
255,746.6666870117188,680.0,,-746.6666870117188,-42.73200225830078,0,0.0,4.5
256,747.2222290039062,680.0,,-747.2222290039062,-43.09943389892578,0,0.0,4.5
257,752.7777709960938,680.0,,-752.7777709960938,-45.28181457519531,0,0.0,4.5
258,753.3333129882812,680.0,,-753.3333129882812,-24.733322143554688,0,0.0,4.5
259,752.5555419921875,680.0,,-752.5555419921875,-23.77252960205078,0,0.0,4.5
260,746.7777709960938,680.0,,-746.7777709960938,-32.63930892944336,0,0.0,4.5
261,766.2222290039062,680.0,,-766.2222290039062,-51.01100158691406,0,0.0,4.5
262,760.0,680.0,,-760.0,-21.906278610229492,0,0.0,4.5
263,771.3333129882812,680.0,,-771.3333129882812,-55.52651596069336,0,0.0,4.5
264,754.888916015625,680.0,,-754.888916015625,-52.352455139160156,0,0.0,4.5
265,752.111083984375,680.0,,-752.111083984375,-37.27546691894531,0,0.0,4.5
266,760.7777709960938,680.0,,-760.7777709960938,-45.688377380371094,0,0.0,4.5
267,750.5555419921875,681.0,,-750.5555419921875,-12.670172691345215,0,0.0,4.5
268,771.3333129882812,680.0,,-771.3333129882812,-14.05526351928711,0,0.0,4.5
269,783.2222290039062,680.0,,-783.2222290039062,-166.65855407714844,0,0.0,4.5
270,748.7777709960938,680.0,,-748.7777709960938,-47.06175994873047,0,0.0,4.5
271,768.3333129882812,680.0,,-768.3333129882812,-36.19880294799805,0,0.0,4.5
272,745.3333129882812,680.0,,-745.3333129882812,-8.589285850524902,0,0.0,4.5
273,776.2222290039062,680.0,,-776.2222290039062,-121.45806121826172,0,0.0,4.5
274,748.3333129882812,680.0,,-748.3333129882812,-55.78668975830078,0,0.0,4.5
275,743.888916015625,680.0,,-743.888916015625,-31.986236572265625,0,0.0,4.5
276,740.0,680.0,,-740.0,-18.809207916259766,0,0.0,4.5
277,742.4444580078125,680.0,,-742.4444580078125,1.1886887550354004,0,0.0,4.5
278,750.3333129882812,680.0,,-750.3333129882812,-47.65574645996094,0,0.0,4.5
279,755.0,680.0,,-755.0,-75.46215057373047,0,0.0,4.5
280,747.3333129882812,680.0,,-747.3333129882812,2.9160783290863037,0,0.0,4.5
281,737.2222290039062,680.0,,-737.2222290039062,-4.718252182006836,0,0.0,4.5
282,765.888916015625,680.0,,-765.888916015625,-61.40316390991211,0,0.0,4.5
283,744.0,680.0,,-744.0,-21.04182243347168,0,0.0,4.5
284,746.5555419921875,680.0,,-746.5555419921875,-67.63253784179688,0,0.0,4.5
285,747.0,680.0,,-747.0,-22.474674224853516,0,0.0,4.5
286,748.2222290039062,680.0,,-748.2222290039062,-23.708322525024414,0,0.0,4.5
287,744.6666870117188,680.0,,-744.6666870117188,-44.74142074584961,0,0.0,4.5
288,750.111083984375,680.0,,-750.111083984375,-37.218353271484375,0,0.0,4.5
289,758.7777709960938,680.0,,-758.7777709960938,-32.21928405761719,0,0.0,4.5
290,755.4444580078125,680.0,,-755.4444580078125,-29.72297477722168,0,0.0,4.5
291,755.5555419921875,680.0,,-755.5555419921875,-35.575958251953125,0,0.0,4.5
292,742.111083984375,680.0,,-742.111083984375,-35.042724609375,0,0.0,4.5
293,757.4444580078125,680.0,,-757.4444580078125,-46.2320442199707,0,0.0,4.5
294,747.0,680.0,,-747.0,-26.02635383605957,0,0.0,4.5
295,770.7777709960938,680.0,,-770.7777709960938,-126.34109497070312,0,0.0,4.5
296,765.111083984375,680.0,,-765.111083984375,-3.95125675201416,0,0.0,4.5
297,770.3333129882812,680.0,,-770.3333129882812,-36.07481384277344,0,0.0,4.5
298,781.7777709960938,706.0,,-781.7777709960938,-59.84677505493164,0,0.0,4.5
299,761.4444580078125,680.0,,-761.4444580078125,-41.7138786315918,0,0.0,4.5
300,778.888916015625,680.0,680.0,-778.888916015625,-102.65768432617188,0,0.0,4.5
301,743.7777709960938,680.0,,-743.7777709960938,-22.762073516845703,0,0.0,4.5
302,794.5555419921875,707.0,,-794.5555419921875,-20.149831771850586,0,0.0,4.5
303,766.2222290039062,680.0,,-766.2222290039062,-32.498291015625,0,0.0,4.5
304,756.5555419921875,680.0,,-756.5555419921875,-39.26921081542969,0,0.0,4.5
305,766.111083984375,681.0,,-766.111083984375,-46.31472396850586,0,0.0,4.5
306,755.3333129882812,680.0,,-755.3333129882812,-26.14236831665039,0,0.0,4.5
307,744.4444580078125,680.0,,-744.4444580078125,-3.498967409133911,0,0.0,4.5
308,754.111083984375,694.0,,-754.111083984375,-29.34395408630371,0,0.0,4.5
309,746.6666870117188,680.0,,-746.6666870117188,-19.588560104370117,0,0.0,4.5
310,750.0,680.0,,-750.0,-25.46171760559082,0,0.0,4.5
311,747.4444580078125,680.0,,-747.4444580078125,-39.535884857177734,0,0.0,4.5
312,765.5555419921875,680.0,,-765.5555419921875,-117.185302734375,0,0.0,4.5
313,752.2222290039062,680.0,,-752.2222290039062,-78.9425277709961,0,0.0,4.5
314,748.6666870117188,680.0,,-748.6666870117188,-47.111854553222656,0,0.0,4.5
315,743.7777709960938,680.0,,-743.7777709960938,-42.89361572265625,0,0.0,4.5
316,790.6666870117188,680.0,,-790.6666870117188,-52.44961166381836,0,0.0,4.5
317,772.0,680.0,,-772.0,-93.60073852539062,0,0.0,4.5
318,749.3333129882812,680.0,,-749.3333129882812,-116.86063385009766,0,0.0,4.5
319,766.2222290039062,680.0,,-766.2222290039062,-55.837093353271484,0,0.0,4.5
320,776.0,680.0,,-776.0,-50.28697967529297,0,0.0,4.5
321,754.2222290039062,680.0,,-754.2222290039062,-78.02086639404297,0,0.0,4.5
322,759.888916015625,680.0,,-759.888916015625,-80.91130828857422,0,0.0,4.5
323,757.4444580078125,680.0,,-757.4444580078125,-37.54399871826172,0,0.0,4.5
324,783.4444580078125,680.0,,-783.4444580078125,-84.34051513671875,0,0.0,4.5
325,746.3333129882812,680.0,,-746.3333129882812,-58.87710189819336,0,0.0,4.5
326,761.4444580078125,680.0,,-761.4444580078125,-42.27885818481445,0,0.0,4.5
327,757.2222290039062,680.0,,-757.2222290039062,-60.14432907104492,0,0.0,4.5
328,768.7777709960938,680.0,,-768.7777709960938,-25.134742736816406,0,0.0,4.5
329,740.2222290039062,680.0,,-740.2222290039062,-14.580961227416992,0,0.0,4.5
330,747.888916015625,680.0,,-747.888916015625,-46.7668342590332,0,0.0,4.5
331,739.6666870117188,680.0,,-739.6666870117188,-55.06182098388672,0,0.0,4.5
332,749.111083984375,680.0,,-749.111083984375,-118.3468017578125,0,0.0,4.5
333,751.111083984375,680.0,,-751.111083984375,-102.86897277832031,0,0.0,4.5
334,755.4444580078125,681.0,,-755.4444580078125,-31.18940544128418,0,0.0,4.5
335,746.4444580078125,680.0,,-746.4444580078125,-33.45506286621094,0,0.0,4.5
336,733.4444580078125,680.0,,-733.4444580078125,-17.97782325744629,0,0.0,4.5
337,774.2222290039062,681.0,,-774.2222290039062,-60.73185729980469,0,0.0,4.5
338,751.111083984375,680.0,,-751.111083984375,-72.54195404052734,0,0.0,4.5
339,767.888916015625,681.0,,-767.888916015625,-25.67167854309082,0,0.0,4.5
340,754.4444580078125,680.0,,-754.4444580078125,-51.721649169921875,0,0.0,4.5
341,735.2222290039062,680.0,,-735.2222290039062,-14.11600399017334,0,0.0,4.5
342,752.5555419921875,680.0,,-752.5555419921875,-48.86595153808594,0,0.0,4.5
343,753.0,680.0,,-753.0,-31.147457122802734,0,0.0,4.5
344,771.4444580078125,680.0,,-771.4444580078125,-111.64584350585938,0,0.0,4.5
345,764.4444580078125,681.0,,-764.4444580078125,-59.22359085083008,0,0.0,4.5
346,744.888916015625,680.0,,-744.888916015625,-4.963530540466309,0,0.0,4.5
347,747.2222290039062,680.0,,-747.2222290039062,5.8800764083862305,0,0.0,4.5
348,741.3333129882812,680.0,,-741.3333129882812,-16.357898712158203,0,0.0,4.5
349,751.7777709960938,680.0,,-751.7777709960938,-10.757047653198242,0,0.0,4.5
350,750.3333129882812,680.0,680.0,-750.3333129882812,-132.61917114257812,0,0.0,4.5
351,738.111083984375,680.0,,-738.111083984375,-13.465679168701172,0,0.0,4.5
352,738.5555419921875,680.0,,-738.5555419921875,17.85052490234375,0,0.0,4.5
353,742.6666870117188,680.0,,-742.6666870117188,-47.10356521606445,0,0.0,4.5
354,747.888916015625,680.0,,-747.888916015625,-2.6554670333862305,0,0.0,4.5
355,772.5555419921875,680.0,,-772.5555419921875,-76.33474731445312,0,0.0,4.5
356,760.888916015625,680.0,,-760.888916015625,-21.599660873413086,0,0.0,4.5
357,750.7777709960938,680.0,,-750.7777709960938,-109.41693878173828,0,0.0,4.5
358,747.2222290039062,680.0,,-747.2222290039062,-8.349056243896484,0,0.0,4.5
359,779.2222290039062,680.0,,-779.2222290039062,-215.3009033203125,0,0.0,4.5
360,746.111083984375,680.0,,-746.111083984375,-10.971813201904297,0,0.0,4.5
361,742.6666870117188,680.0,,-742.6666870117188,-19.11608123779297,0,0.0,4.5
362,773.3333129882812,680.0,,-773.3333129882812,-180.13308715820312,0,0.0,4.5
363,751.888916015625,680.0,,-751.888916015625,-84.56246948242188,0,0.0,4.5
364,745.2222290039062,680.0,,-745.2222290039062,-28.444536209106445,0,0.0,4.5
365,749.0,680.0,,-749.0,-84.73284149169922,0,0.0,4.5
366,734.5555419921875,680.0,,-734.5555419921875,-35.4383430480957,0,0.0,4.5
367,738.111083984375,680.0,,-738.111083984375,-11.612507820129395,0,0.0,4.5
368,756.7777709960938,680.0,,-756.7777709960938,-99.36018371582031,0,0.0,4.5
369,744.888916015625,680.0,,-744.888916015625,-38.92723083496094,0,0.0,4.5
370,758.7777709960938,680.0,,-758.7777709960938,-13.614754676818848,0,0.0,4.5
371,742.0,680.0,,-742.0,-62.32606506347656,0,0.0,4.5
372,743.4444580078125,680.0,,-743.4444580078125,-18.053056716918945,0,0.0,4.5
373,739.111083984375,680.0,,-739.111083984375,-13.487520217895508,0,0.0,4.5
374,750.111083984375,680.0,,-750.111083984375,-91.42603302001953,0,0.0,4.5
375,740.7777709960938,680.0,,-740.7777709960938,-41.16059875488281,0,0.0,4.5
376,740.111083984375,680.0,,-740.111083984375,-74.8528823852539,0,0.0,4.5
377,751.4444580078125,680.0,,-751.4444580078125,-52.51668167114258,0,0.0,4.5
378,741.2222290039062,680.0,,-741.2222290039062,-122.86119079589844,0,0.0,4.5
379,751.2222290039062,680.0,,-751.2222290039062,-87.80580139160156,0,0.0,4.5
380,745.7777709960938,680.0,,-745.7777709960938,-73.30934143066406,0,0.0,4.5
381,737.3333129882812,680.0,,-737.3333129882812,-39.702816009521484,0,0.0,4.5
382,760.4444580078125,680.0,,-760.4444580078125,-45.69325256347656,0,0.0,4.5
383,733.7777709960938,680.0,,-733.7777709960938,-50.40928268432617,0,0.0,4.5
384,746.888916015625,680.0,,-746.888916015625,-69.1649169921875,0,0.0,4.5
385,752.7777709960938,680.0,,-752.7777709960938,-38.50898742675781,0,0.0,4.5
386,740.6666870117188,680.0,,-740.6666870117188,-38.61727523803711,0,0.0,4.5
387,747.888916015625,680.0,,-747.888916015625,-45.71707534790039,0,0.0,4.5
388,739.4444580078125,680.0,,-739.4444580078125,-15.697294235229492,0,0.0,4.5
389,735.4444580078125,680.0,,-735.4444580078125,-33.2347526550293,0,0.0,4.5
390,741.6666870117188,680.0,,-741.6666870117188,-24.886255264282227,0,0.0,4.5
391,741.3333129882812,680.0,,-741.3333129882812,-50.03262710571289,0,0.0,4.5
392,749.2222290039062,680.0,,-749.2222290039062,-83.97118377685547,0,0.0,4.5
393,744.4444580078125,680.0,,-744.4444580078125,-40.10955810546875,0,0.0,4.5
394,740.7777709960938,680.0,,-740.7777709960938,-28.711843490600586,0,0.0,4.5
395,757.6666870117188,680.0,,-757.6666870117188,-56.61525344848633,0,0.0,4.5
396,750.0,680.0,,-750.0,-67.68046569824219,0,0.0,4.5
397,739.0,680.0,,-739.0,-13.72226333618164,0,0.0,4.5
398,752.5555419921875,680.0,,-752.5555419921875,-103.99234008789062,0,0.0,4.5
399,738.6666870117188,680.0,,-738.6666870117188,-52.73790740966797,0,0.0,4.5
400,741.4444580078125,680.0,680.0,-741.4444580078125,-53.67033004760742,0,0.0,4.5
401,737.888916015625,680.0,,-737.888916015625,-53.31806945800781,0,0.0,4.5
402,736.6666870117188,680.0,,-736.6666870117188,-37.45859909057617,0,0.0,4.5
403,767.7777709960938,680.0,,-767.7777709960938,-91.34318542480469,0,0.0,4.5
404,747.7777709960938,680.0,,-747.7777709960938,-63.26765823364258,0,0.0,4.5
405,748.111083984375,680.0,,-748.111083984375,-47.78160858154297,0,0.0,4.5
406,729.111083984375,680.0,,-729.111083984375,-27.308265686035156,0,0.0,4.5
407,733.888916015625,680.0,,-733.888916015625,-19.889732360839844,0,0.0,4.5
408,756.111083984375,680.0,,-756.111083984375,-16.72775650024414,0,0.0,4.5
409,746.2222290039062,680.0,,-746.2222290039062,-22.34929847717285,0,0.0,4.5
410,751.7777709960938,680.0,,-751.7777709960938,-58.07899856567383,0,0.0,4.5
411,740.7777709960938,680.0,,-740.7777709960938,-51.96434020996094,0,0.0,4.5
412,750.0,680.0,,-750.0,-101.15702056884766,0,0.0,4.5
413,735.6666870117188,680.0,,-735.6666870117188,-19.811044692993164,0,0.0,4.5
414,752.2222290039062,680.0,,-752.2222290039062,-27.322628021240234,0,0.0,4.5
415,735.7777709960938,680.0,,-735.7777709960938,-9.631707191467285,0,0.0,4.5
416,729.2222290039062,680.0,,-729.2222290039062,-4.884809494018555,0,0.0,4.5
417,755.3333129882812,680.0,,-755.3333129882812,-25.326248168945312,0,0.0,4.5
418,751.4444580078125,680.0,,-751.4444580078125,-21.996158599853516,0,0.0,4.5
419,730.111083984375,680.0,,-730.111083984375,-34.7239875793457,0,0.0,4.5
420,749.0,680.0,,-749.0,-48.73092269897461,0,0.0,4.5
421,747.888916015625,680.0,,-747.888916015625,-70.03863525390625,0,0.0,4.5
422,758.4444580078125,680.0,,-758.4444580078125,-38.616981506347656,0,0.0,4.5
423,755.111083984375,680.0,,-755.111083984375,-38.858890533447266,0,0.0,4.5
424,749.7777709960938,680.0,,-749.7777709960938,-109.17484283447266,0,0.0,4.5
425,746.0,680.0,,-746.0,-68.92878723144531,0,0.0,4.5
426,749.3333129882812,680.0,,-749.3333129882812,1.4875922203063965,0,0.0,4.5
427,757.6666870117188,680.0,,-757.6666870117188,-63.39533233642578,0,0.0,4.5
428,743.111083984375,680.0,,-743.111083984375,-31.744110107421875,0,0.0,4.5
429,737.888916015625,680.0,,-737.888916015625,-69.56562805175781,0,0.0,4.5
430,720.888916015625,680.0,,-720.888916015625,-40.829139709472656,0,0.0,4.5
431,749.6666870117188,680.0,,-749.6666870117188,-41.626319885253906,0,0.0,4.5
432,733.4444580078125,680.0,,-733.4444580078125,15.728471755981445,0,0.0,4.5
433,721.3333129882812,680.0,,-721.3333129882812,-30.04021453857422,0,0.0,4.5
434,736.3333129882812,680.0,,-736.3333129882812,-38.31388473510742,0,0.0,4.5
435,712.111083984375,680.0,,-712.111083984375,-23.10291862487793,0,0.0,4.5
436,722.0,680.0,,-722.0,-23.597082138061523,0,0.0,4.5
437,722.3333129882812,680.0,,-722.3333129882812,-30.77334976196289,0,0.0,4.5
438,730.0,680.0,,-730.0,-32.16840362548828,0,0.0,4.5
439,724.5555419921875,680.0,,-724.5555419921875,-20.489139556884766,0,0.0,4.5
440,727.111083984375,680.0,,-727.111083984375,-44.31897735595703,0,0.0,4.5
441,716.111083984375,680.0,,-716.111083984375,-45.93821334838867,0,0.0,4.5
442,709.3333129882812,680.0,,-709.3333129882812,1.5994207859039307,0,0.0,4.5
443,710.0,680.0,,-710.0,9.100358963012695,0,0.0,4.5
444,724.111083984375,680.0,,-724.111083984375,-17.913835525512695,0,0.0,4.5
445,705.4444580078125,680.0,,-705.4444580078125,-6.575201988220215,0,0.0,4.5
446,709.0,680.0,,-709.0,-25.020877838134766,0,0.0,4.5
447,718.0,680.0,,-718.0,-20.353614807128906,0,0.0,4.5
448,712.6666870117188,680.0,,-712.6666870117188,0.16881264746189117,0,0.0,4.5
449,702.111083984375,680.0,,-702.111083984375,-29.948354721069336,0,0.0,4.5
450,704.0,680.0,680.0,-704.0,-58.34105682373047,0,0.0,4.5
451,702.2222290039062,680.0,,-702.2222290039062,-8.583768844604492,0,0.0,4.5
452,706.4444580078125,680.0,,-706.4444580078125,-17.73023796081543,0,0.0,4.5
453,719.2222290039062,680.0,,-719.2222290039062,-23.224916458129883,0,0.0,4.5
454,718.4444580078125,681.0,,-718.4444580078125,-14.977567672729492,0,0.0,4.5
455,715.888916015625,680.0,,-715.888916015625,-87.65550231933594,0,0.0,4.5
456,710.2222290039062,680.0,,-710.2222290039062,-36.03274154663086,0,0.0,4.5
457,697.0,680.0,,-697.0,-17.009681701660156,0,0.0,4.5
458,708.3333129882812,680.0,,-708.3333129882812,-8.540735244750977,0,0.0,4.5
459,713.6666870117188,680.0,,-713.6666870117188,-16.658653259277344,0,0.0,4.5
460,711.888916015625,680.0,,-711.888916015625,-20.23088836669922,0,0.0,4.5
461,717.5555419921875,680.0,,-717.5555419921875,-21.74301528930664,0,0.0,4.5
462,733.6666870117188,680.0,,-733.6666870117188,-96.90618896484375,0,0.0,4.5
463,702.7777709960938,680.0,,-702.7777709960938,0.04091654717922211,0,0.0,4.5
464,728.2222290039062,694.0,,-728.2222290039062,-38.00080871582031,0,0.0,4.5
465,712.888916015625,681.0,,-712.888916015625,-16.432212829589844,0,0.0,4.5
466,696.4444580078125,680.0,,-696.4444580078125,1.2171540260314941,0,0.0,4.5
467,722.4444580078125,694.0,,-722.4444580078125,-29.50262451171875,0,0.0,4.5
468,715.3333129882812,680.0,,-715.3333129882812,-26.370309829711914,0,0.0,4.5
469,702.7777709960938,680.0,,-702.7777709960938,-15.740138053894043,0,0.0,4.5
470,697.6666870117188,680.0,,-697.6666870117188,-7.938767433166504,0,0.0,4.5
471,720.4444580078125,680.0,,-720.4444580078125,-83.42217254638672,0,0.0,4.5
472,696.2222290039062,680.0,,-696.2222290039062,-44.10402297973633,0,0.0,4.5
473,694.0,680.0,,-694.0,-11.29996109008789,0,0.0,4.5
474,690.7777709960938,680.0,,-690.7777709960938,-4.598365783691406,0,0.0,4.5
475,689.3333129882812,680.0,,-689.3333129882812,-8.719265937805176,0,0.0,4.5
476,686.0,680.0,,-686.0,-1.0346932411193848,0,0.0,4.5
477,701.6666870117188,680.0,,-701.6666870117188,-15.65009593963623,0,0.0,4.5
478,689.3333129882812,680.0,,-689.3333129882812,-10.834728240966797,0,0.0,4.5
479,692.2222290039062,680.0,,-692.2222290039062,-39.59925842285156,0,0.0,4.5
480,694.7777709960938,680.0,,-694.7777709960938,-17.049938201904297,0,0.0,4.5
481,688.0,680.0,,-688.0,-9.252071380615234,0,0.0,4.5
482,686.5555419921875,680.0,,-686.5555419921875,-4.423859119415283,0,0.0,4.5
483,691.5555419921875,680.0,,-691.5555419921875,-11.232932090759277,0,0.0,4.5
484,684.7777709960938,680.0,,-684.7777709960938,-6.375132083892822,0,0.0,4.5
485,694.6666870117188,680.0,,-694.6666870117188,-22.838672637939453,0,0.0,4.5
486,686.4444580078125,680.0,,-686.4444580078125,-5.494845390319824,0,0.0,4.5
487,702.111083984375,680.0,,-702.111083984375,-44.69149398803711,0,0.0,4.5
488,704.111083984375,680.0,,-704.111083984375,-41.200199127197266,0,0.0,4.5
489,703.3333129882812,680.0,,-703.3333129882812,-21.66925811767578,0,0.0,4.5
490,691.888916015625,680.0,,-691.888916015625,-21.035640716552734,0,0.0,4.5
491,698.7777709960938,680.0,,-698.7777709960938,-26.061941146850586,0,0.0,4.5
492,697.5555419921875,680.0,,-697.5555419921875,-9.524846076965332,0,0.0,4.5
493,697.2222290039062,680.0,,-697.2222290039062,-15.22100830078125,0,0.0,4.5
494,698.5555419921875,680.0,,-698.5555419921875,-88.18720245361328,0,0.0,4.5
495,710.2222290039062,680.0,,-710.2222290039062,-114.14139556884766,0,0.0,4.5
496,688.4444580078125,680.0,,-688.4444580078125,-7.553771018981934,0,0.0,4.5
497,691.6666870117188,680.0,,-691.6666870117188,-51.23698425292969,0,0.0,4.5
498,688.2222290039062,680.0,,-688.2222290039062,-19.714479446411133,0,0.0,4.5
499,688.2222290039062,680.0,,-688.2222290039062,-3.880171060562134,0,0.0,4.5
500,689.0,680.0,680.0,-689.0,-11.291015625,0,0.0,4.5
501,696.111083984375,680.0,,-696.111083984375,-16.945613861083984,0,0.0,4.5
502,693.5555419921875,680.0,,-693.5555419921875,-24.049028396606445,0,0.0,4.5
503,693.111083984375,680.0,,-693.111083984375,-25.30364227294922,0,0.0,4.5
504,690.6666870117188,680.0,,-690.6666870117188,-8.400132179260254,0,0.0,4.5
505,686.0,680.0,,-686.0,-0.10345607250928879,0,0.0,4.5
506,681.6666870117188,680.0,,-681.6666870117188,-0.5960514545440674,0,0.0,4.5
507,704.111083984375,680.0,,-704.111083984375,-18.133647918701172,0,0.0,4.5
508,702.2222290039062,680.0,,-702.2222290039062,-32.85321807861328,0,0.0,4.5
509,716.4444580078125,680.0,,-716.4444580078125,-61.41297149658203,0,0.0,4.5
510,683.888916015625,680.0,,-683.888916015625,0.5413925647735596,0,0.0,4.5
511,710.7777709960938,680.0,,-710.7777709960938,-69.18453979492188,0,0.0,4.5
512,688.4444580078125,680.0,,-688.4444580078125,-4.656790256500244,0,0.0,4.5
513,688.3333129882812,680.0,,-688.3333129882812,-6.79296875,0,0.0,4.5
514,683.7777709960938,680.0,,-683.7777709960938,-0.26557719707489014,0,0.0,4.5
515,699.888916015625,680.0,,-699.888916015625,-41.018524169921875,0,0.0,4.5
516,697.4444580078125,680.0,,-697.4444580078125,-28.267059326171875,0,0.0,4.5
517,689.0,680.0,,-689.0,-21.378618240356445,0,0.0,4.5
518,690.4444580078125,680.0,,-690.4444580078125,0.011944240890443325,0,0.0,4.5
519,688.2222290039062,680.0,,-688.2222290039062,-0.1688571572303772,0,0.0,4.5
520,702.0,680.0,,-702.0,-47.88133239746094,0,0.0,4.5
521,702.2222290039062,680.0,,-702.2222290039062,-27.099506378173828,0,0.0,4.5
522,685.0,680.0,,-685.0,-2.859736919403076,0,0.0,4.5
523,685.111083984375,680.0,,-685.111083984375,-0.008884323760867119,0,0.0,4.5
524,686.3333129882812,680.0,,-686.3333129882812,-3.7482380867004395,0,0.0,4.5
525,691.4444580078125,680.0,,-691.4444580078125,-6.713998794555664,0,0.0,4.5
526,686.4444580078125,680.0,,-686.4444580078125,-2.9266786575317383,0,0.0,4.5
527,693.7777709960938,680.0,,-693.7777709960938,-10.860244750976562,0,0.0,4.5
528,684.7777709960938,680.0,,-684.7777709960938,-1.6784136295318604,0,0.0,4.5
529,695.2222290039062,680.0,,-695.2222290039062,-17.59458351135254,0,0.0,4.5
530,691.6666870117188,680.0,,-691.6666870117188,-18.206035614013672,0,0.0,4.5
531,687.7777709960938,680.0,,-687.7777709960938,-24.54328155517578,0,0.0,4.5
532,689.4444580078125,680.0,,-689.4444580078125,-5.772789478302002,0,0.0,4.5
533,689.4444580078125,680.0,,-689.4444580078125,-10.849370002746582,0,0.0,4.5
534,689.3333129882812,680.0,,-689.3333129882812,-7.986629009246826,0,0.0,4.5
535,683.2222290039062,680.0,,-683.2222290039062,0.24060514569282532,0,0.0,4.5
536,685.4444580078125,680.0,,-685.4444580078125,-2.87054181098938,0,0.0,4.5
537,687.111083984375,680.0,,-687.111083984375,-4.125932693481445,0,0.0,4.5
538,684.7777709960938,680.0,,-684.7777709960938,-17.416791915893555,0,0.0,4.5
539,684.7777709960938,680.0,,-684.7777709960938,-11.636849403381348,0,0.0,4.5
540,698.2222290039062,680.0,,-698.2222290039062,-49.23240661621094,0,0.0,4.5
541,683.2222290039062,680.0,,-683.2222290039062,0.3495207726955414,0,0.0,4.5
542,685.3333129882812,680.0,,-685.3333129882812,-0.30898815393447876,0,0.0,4.5
543,694.4444580078125,680.0,,-694.4444580078125,-16.02155303955078,0,0.0,4.5
544,698.3333129882812,680.0,,-698.3333129882812,-54.127384185791016,0,0.0,4.5
545,693.3333129882812,680.0,,-693.3333129882812,-4.9205522537231445,0,0.0,4.5
546,693.7777709960938,680.0,,-693.7777709960938,-32.30792999267578,0,0.0,4.5
547,685.3333129882812,680.0,,-685.3333129882812,-1.8560646772384644,0,0.0,4.5
548,707.111083984375,680.0,,-707.111083984375,-85.74586486816406,0,0.0,4.5
549,693.6666870117188,680.0,,-693.6666870117188,-9.66507625579834,0,0.0,4.5
550,701.0,680.0,680.0,-701.0,-55.770347595214844,0,0.0,4.5
551,698.4444580078125,680.0,,-698.4444580078125,-15.176657676696777,0,0.0,4.5
552,689.6666870117188,680.0,,-689.6666870117188,-31.69101333618164,0,0.0,4.5
553,692.4444580078125,680.0,,-692.4444580078125,-45.85919189453125,0,0.0,4.5
554,691.111083984375,680.0,,-691.111083984375,-15.930441856384277,0,0.0,4.5
555,700.5555419921875,680.0,,-700.5555419921875,-33.243858337402344,0,0.0,4.5
556,697.4444580078125,680.0,,-697.4444580078125,-43.45643997192383,0,0.0,4.5
557,685.3333129882812,680.0,,-685.3333129882812,-0.01930946856737137,0,0.0,4.5
558,683.2222290039062,680.0,,-683.2222290039062,0.3194137215614319,0,0.0,4.5
559,685.3333129882812,680.0,,-685.3333129882812,-1.9203643798828125,0,0.0,4.5
560,685.3333129882812,680.0,,-685.3333129882812,-2.4065656661987305,0,0.0,4.5
561,700.111083984375,680.0,,-700.111083984375,-40.19554901123047,0,0.0,4.5
562,688.6666870117188,680.0,,-688.6666870117188,-8.891459465026855,0,0.0,4.5
563,683.4444580078125,680.0,,-683.4444580078125,-6.088196754455566,0,0.0,4.5
564,686.888916015625,680.0,,-686.888916015625,-11.17458724975586,0,0.0,4.5
565,683.2222290039062,680.0,,-683.2222290039062,-2.7743518352508545,0,0.0,4.5
566,686.111083984375,680.0,,-686.111083984375,-0.8423502445220947,0,0.0,4.5
567,686.2222290039062,680.0,,-686.2222290039062,-4.77982759475708,0,0.0,4.5
568,699.5555419921875,680.0,,-699.5555419921875,-12.437423706054688,0,0.0,4.5
569,690.2222290039062,680.0,,-690.2222290039062,-10.016210556030273,0,0.0,4.5
570,696.0,680.0,,-696.0,-20.174793243408203,0,0.0,4.5
571,695.6666870117188,680.0,,-695.6666870117188,-36.985774993896484,0,0.0,4.5
572,685.4444580078125,680.0,,-685.4444580078125,-2.2384493350982666,0,0.0,4.5
573,683.4444580078125,680.0,,-683.4444580078125,-0.6659042835235596,0,0.0,4.5
574,686.4444580078125,680.0,,-686.4444580078125,-5.966637134552002,0,0.0,4.5
575,683.2222290039062,680.0,,-683.2222290039062,-0.9820122122764587,0,0.0,4.5
576,688.6666870117188,680.0,,-688.6666870117188,-15.118891716003418,0,0.0,4.5
577,692.2222290039062,680.0,,-692.2222290039062,-15.745213508605957,0,0.0,4.5
578,681.888916015625,680.0,,-681.888916015625,0.2922666668891907,0,0.0,4.5
579,696.4444580078125,680.0,,-696.4444580078125,-67.59963989257812,0,0.0,4.5
580,683.3333129882812,680.0,,-683.3333129882812,-0.36917221546173096,0,0.0,4.5
581,680.4444580078125,680.0,,-680.4444580078125,-0.3791378140449524,0,0.0,4.5
582,686.5555419921875,680.0,,-686.5555419921875,-4.52122688293457,0,0.0,4.5
583,684.888916015625,680.0,,-684.888916015625,-0.6295020580291748,0,0.0,4.5
584,689.3333129882812,680.0,,-689.3333129882812,-10.987338066101074,0,0.0,4.5
585,683.4444580078125,680.0,,-683.4444580078125,-0.9158657789230347,0,0.0,4.5
586,683.4444580078125,680.0,,-683.4444580078125,-2.1045920848846436,0,0.0,4.5
587,689.888916015625,680.0,,-689.888916015625,-31.88198471069336,0,0.0,4.5
588,693.111083984375,680.0,,-693.111083984375,-33.49357604980469,0,0.0,4.5
589,680.5555419921875,680.0,,-680.5555419921875,-0.14305002987384796,0,0.0,4.5
590,687.7777709960938,680.0,,-687.7777709960938,-27.677288055419922,0,0.0,4.5
591,709.2222290039062,680.0,,-709.2222290039062,-37.00121307373047,0,0.0,4.5
592,691.4444580078125,680.0,,-691.4444580078125,-18.67273712158203,0,0.0,4.5
593,687.4444580078125,680.0,,-687.4444580078125,-4.643225193023682,0,0.0,4.5
594,689.3333129882812,680.0,,-689.3333129882812,-13.02495288848877,0,0.0,4.5
595,687.6666870117188,680.0,,-687.6666870117188,-13.768123626708984,0,0.0,4.5
596,682.0,680.0,,-682.0,-0.20931535959243774,0,0.0,4.5
597,691.0,680.0,,-691.0,-12.51313591003418,0,0.0,4.5
598,686.5555419921875,680.0,,-686.5555419921875,-12.508420944213867,0,0.0,4.5
599,683.3333129882812,680.0,,-683.3333129882812,-1.1365647315979004,0,0.0,4.5
600,686.2222290039062,680.0,680.0,-686.2222290039062,-1.984814167022705,0,0.0,4.5
601,684.4444580078125,680.0,,-684.4444580078125,-10.680245399475098,0,0.0,4.5
602,688.2222290039062,680.0,,-688.2222290039062,-8.39329719543457,0,0.0,4.5
603,683.4444580078125,680.0,,-683.4444580078125,0.19002045691013336,0,0.0,4.5
604,688.0,680.0,,-688.0,-2.3966610431671143,0,0.0,4.5
605,690.111083984375,680.0,,-690.111083984375,-13.465810775756836,0,0.0,4.5
606,684.7777709960938,680.0,,-684.7777709960938,-6.215372562408447,0,0.0,4.5
607,682.6666870117188,680.0,,-682.6666870117188,-3.878906726837158,0,0.0,4.5
608,684.6666870117188,680.0,,-684.6666870117188,-2.4877729415893555,0,0.0,4.5
609,696.111083984375,680.0,,-696.111083984375,-48.61907196044922,0,0.0,4.5
610,705.4444580078125,680.0,,-705.4444580078125,-82.44792175292969,0,0.0,4.5
611,683.5555419921875,680.0,,-683.5555419921875,-2.809511423110962,0,0.0,4.5
612,693.2222290039062,680.0,,-693.2222290039062,-25.496767044067383,0,0.0,4.5
613,687.6666870117188,680.0,,-687.6666870117188,-8.057332038879395,0,0.0,4.5
614,682.888916015625,680.0,,-682.888916015625,-9.843756675720215,0,0.0,4.5
615,681.7777709960938,680.0,,-681.7777709960938,-1.281882643699646,0,0.0,4.5
616,708.5555419921875,680.0,,-708.5555419921875,-90.537841796875,0,0.0,4.5
617,686.3333129882812,680.0,,-686.3333129882812,-2.2702767848968506,0,0.0,4.5
618,685.5555419921875,680.0,,-685.5555419921875,-5.690103530883789,0,0.0,4.5
619,683.4444580078125,680.0,,-683.4444580078125,-0.7322340607643127,0,0.0,4.5
620,686.2222290039062,680.0,,-686.2222290039062,-22.11522102355957,0,0.0,4.5
621,707.4444580078125,680.0,,-707.4444580078125,-56.90687561035156,0,0.0,4.5
622,689.0,680.0,,-689.0,-0.9602478742599487,0,0.0,4.5
623,704.3333129882812,680.0,,-704.3333129882812,-47.82178497314453,0,0.0,4.5
624,697.3333129882812,680.0,,-697.3333129882812,-3.142097234725952,0,0.0,4.5
625,691.2222290039062,680.0,,-691.2222290039062,1.6182678937911987,0,0.0,4.5
626,687.6666870117188,680.0,,-687.6666870117188,2.4052603244781494,0,0.0,4.5
627,690.6666870117188,680.0,,-690.6666870117188,-0.5471692681312561,0,0.0,4.5
628,694.0,680.0,,-694.0,-1.7228862047195435,0,0.0,4.5
629,707.5555419921875,680.0,,-707.5555419921875,-35.94160461425781,0,0.0,4.5
630,727.111083984375,680.0,,-727.111083984375,-57.28351593017578,0,0.0,4.5
631,698.5555419921875,680.0,,-698.5555419921875,-27.589799880981445,0,0.0,4.5
632,722.5555419921875,681.0,,-722.5555419921875,-131.43394470214844,0,0.0,4.5
633,699.0,680.0,,-699.0,-34.61165237426758,0,0.0,4.5
634,688.5555419921875,680.0,,-688.5555419921875,-12.390872955322266,0,0.0,4.5
635,688.6666870117188,680.0,,-688.6666870117188,-11.77267837524414,0,0.0,4.5
636,722.7777709960938,680.0,,-722.7777709960938,-33.24861145019531,0,0.0,4.5
637,694.7777709960938,680.0,,-694.7777709960938,-6.019896507263184,0,0.0,4.5
638,695.7777709960938,680.0,,-695.7777709960938,0.20804129540920258,0,0.0,4.5
639,702.111083984375,680.0,,-702.111083984375,-18.559471130371094,0,0.0,4.5
640,714.0,680.0,,-714.0,-48.97087097167969,0,0.0,4.5
641,691.0,680.0,,-691.0,-18.50452423095703,0,0.0,4.5
642,696.4444580078125,680.0,,-696.4444580078125,-42.206607818603516,0,0.0,4.5
643,693.111083984375,680.0,,-693.111083984375,-4.8077545166015625,0,0.0,4.5
644,695.7777709960938,680.0,,-695.7777709960938,2.394432544708252,0,0.0,4.5
645,697.6666870117188,680.0,,-697.6666870117188,-3.512951374053955,0,0.0,4.5
646,684.0,680.0,,-684.0,-5.422243595123291,0,0.0,4.5
647,697.6666870117188,680.0,,-697.6666870117188,-2.3499324321746826,0,0.0,4.5
648,688.0,680.0,,-688.0,1.8207380771636963,0,0.0,4.5
649,707.2222290039062,680.0,,-707.2222290039062,-12.893511772155762,0,0.0,4.5
650,688.0,680.0,680.0,-688.0,-1.2943801879882812,0,0.0,4.5
651,699.2222290039062,680.0,,-699.2222290039062,-11.813220977783203,0,0.0,4.5
652,690.888916015625,680.0,,-690.888916015625,-5.2260613441467285,0,0.0,4.5
653,699.5555419921875,680.0,,-699.5555419921875,-34.6998291015625,0,0.0,4.5
654,700.111083984375,680.0,,-700.111083984375,-21.479482650756836,0,0.0,4.5
655,715.6666870117188,680.0,,-715.6666870117188,-83.33991241455078,0,0.0,4.5
656,688.4444580078125,680.0,,-688.4444580078125,-5.824085712432861,0,0.0,4.5
657,704.4444580078125,680.0,,-704.4444580078125,-106.31072998046875,0,0.0,4.5
658,683.4444580078125,680.0,,-683.4444580078125,-0.10898695886135101,0,0.0,4.5
659,681.888916015625,680.0,,-681.888916015625,-1.292182445526123,0,0.0,4.5
660,702.7777709960938,680.0,,-702.7777709960938,-51.4529914855957,0,0.0,4.5
661,693.6666870117188,680.0,,-693.6666870117188,-23.817337036132812,0,0.0,4.5
662,683.3333129882812,680.0,,-683.3333129882812,-5.559908390045166,0,0.0,4.5
663,685.6666870117188,680.0,,-685.6666870117188,-1.1159380674362183,0,0.0,4.5
664,686.6666870117188,680.0,,-686.6666870117188,-7.249472618103027,0,0.0,4.5
665,695.2222290039062,680.0,,-695.2222290039062,-68.27799224853516,0,0.0,4.5
666,684.0,680.0,,-684.0,-1.397767424583435,0,0.0,4.5
667,688.2222290039062,680.0,,-688.2222290039062,-2.0711793899536133,0,0.0,4.5
668,689.3333129882812,680.0,,-689.3333129882812,-6.200057506561279,0,0.0,4.5
669,697.2222290039062,680.0,,-697.2222290039062,-10.892684936523438,0,0.0,4.5
670,692.6666870117188,680.0,,-692.6666870117188,-1.357426404953003,0,0.0,4.5
671,692.111083984375,680.0,,-692.111083984375,-6.441799640655518,0,0.0,4.5
672,686.7777709960938,680.0,,-686.7777709960938,-3.8970696926116943,0,0.0,4.5
673,690.888916015625,680.0,,-690.888916015625,-9.182063102722168,0,0.0,4.5
674,687.6666870117188,680.0,,-687.6666870117188,-10.34643268585205,0,0.0,4.5
675,714.5555419921875,680.0,,-714.5555419921875,-93.75528717041016,0,0.0,4.5
676,690.0,680.0,,-690.0,-5.627784729003906,0,0.0,4.5
677,687.0,680.0,,-687.0,-13.44754409790039,0,0.0,4.5
678,682.5555419921875,680.0,,-682.5555419921875,0.9944735765457153,0,0.0,4.5
679,706.111083984375,680.0,,-706.111083984375,-9.721861839294434,0,0.0,4.5
680,692.5555419921875,680.0,,-692.5555419921875,-20.98415184020996,0,0.0,4.5
681,685.4444580078125,680.0,,-685.4444580078125,-3.222532272338867,0,0.0,4.5
682,686.7777709960938,680.0,,-686.7777709960938,-4.7788567543029785,0,0.0,4.5
683,694.2222290039062,680.0,,-694.2222290039062,-11.07181453704834,0,0.0,4.5
684,683.888916015625,680.0,,-683.888916015625,0.17206794023513794,0,0.0,4.5
685,686.111083984375,680.0,,-686.111083984375,-1.7407695055007935,0,0.0,4.5
686,694.2222290039062,680.0,,-694.2222290039062,-52.69402313232422,0,0.0,4.5
687,686.888916015625,680.0,,-686.888916015625,-4.6583967208862305,0,0.0,4.5
688,683.7777709960938,680.0,,-683.7777709960938,0.19694079458713531,0,0.0,4.5
689,688.6666870117188,680.0,,-688.6666870117188,-6.593353748321533,0,0.0,4.5
690,695.3333129882812,680.0,,-695.3333129882812,-58.00532913208008,0,0.0,4.5
691,684.0,680.0,,-684.0,-2.139880657196045,0,0.0,4.5
692,705.0,680.0,,-705.0,-75.31465148925781,0,0.0,4.5
693,694.111083984375,680.0,,-694.111083984375,-34.5445556640625,0,0.0,4.5
694,683.7777709960938,680.0,,-683.7777709960938,-0.12922848761081696,0,0.0,4.5
695,687.4444580078125,680.0,,-687.4444580078125,-4.379744052886963,0,0.0,4.5
696,683.7777709960938,680.0,,-683.7777709960938,0.13676971197128296,0,0.0,4.5
697,686.2222290039062,680.0,,-686.2222290039062,-5.974802017211914,0,0.0,4.5
698,683.2222290039062,680.0,,-683.2222290039062,-3.4485583305358887,0,0.0,4.5
699,683.6666870117188,680.0,,-683.6666870117188,-1.559415340423584,0,0.0,4.5
700,683.111083984375,680.0,680.0,-683.111083984375,-0.5344295501708984,0,0.0,4.5
701,686.3333129882812,680.0,,-686.3333129882812,-5.306973934173584,0,0.0,4.5
702,688.6666870117188,680.0,,-688.6666870117188,-14.440349578857422,0,0.0,4.5
703,694.2222290039062,680.0,,-694.2222290039062,-30.78662872314453,0,0.0,4.5
704,687.5555419921875,680.0,,-687.5555419921875,-21.9970703125,0,0.0,4.5
705,684.6666870117188,680.0,,-684.6666870117188,-9.326936721801758,0,0.0,4.5
706,686.2222290039062,680.0,,-686.2222290039062,-5.473517894744873,0,0.0,4.5
707,690.6666870117188,680.0,,-690.6666870117188,-8.114500045776367,0,0.0,4.5
708,685.4444580078125,680.0,,-685.4444580078125,1.7486573457717896,0,0.0,4.5
709,683.2222290039062,680.0,,-683.2222290039062,0.2626619040966034,0,0.0,4.5
710,690.6666870117188,680.0,,-690.6666870117188,-9.333144187927246,0,0.0,4.5
711,692.3333129882812,680.0,,-692.3333129882812,-4.123195171356201,0,0.0,4.5
712,686.888916015625,680.0,,-686.888916015625,-0.8323261737823486,0,0.0,4.5
713,687.5555419921875,680.0,,-687.5555419921875,-2.7134554386138916,0,0.0,4.5
714,697.3333129882812,680.0,,-697.3333129882812,-32.06903839111328,0,0.0,4.5
715,686.2222290039062,680.0,,-686.2222290039062,3.7791905403137207,0,0.0,4.5
716,684.5555419921875,680.0,,-684.5555419921875,1.6063657999038696,0,0.0,4.5
717,685.0,680.0,,-685.0,-1.3804665803909302,0,0.0,4.5
718,687.7777709960938,680.0,,-687.7777709960938,-4.3681488037109375,0,0.0,4.5
719,687.888916015625,680.0,,-687.888916015625,-0.18509885668754578,0,0.0,4.5
720,689.888916015625,680.0,,-689.888916015625,-16.216367721557617,0,0.0,4.5
721,687.888916015625,680.0,,-687.888916015625,-2.138535737991333,0,0.0,4.5
722,686.4444580078125,680.0,,-686.4444580078125,-3.260998249053955,0,0.0,4.5
723,704.2222290039062,680.0,,-704.2222290039062,-16.033489227294922,0,0.0,4.5
724,693.7777709960938,680.0,,-693.7777709960938,-17.13104248046875,0,0.0,4.5
725,708.3333129882812,680.0,,-708.3333129882812,-12.708224296569824,0,0.0,4.5
726,695.7777709960938,680.0,,-695.7777709960938,-41.08664321899414,0,0.0,4.5
727,690.6666870117188,680.0,,-690.6666870117188,-6.4239935874938965,0,0.0,4.5
728,689.111083984375,680.0,,-689.111083984375,-21.352577209472656,0,0.0,4.5
729,688.2222290039062,680.0,,-688.2222290039062,-4.796196937561035,0,0.0,4.5
730,692.4444580078125,680.0,,-692.4444580078125,-13.128013610839844,0,0.0,4.5
731,680.3333129882812,680.0,,-680.3333129882812,-0.5183627605438232,0,0.0,4.5
732,683.3333129882812,680.0,,-683.3333129882812,1.9242174625396729,0,0.0,4.5
733,687.888916015625,680.0,,-687.888916015625,-12.844945907592773,0,0.0,4.5
734,689.5555419921875,680.0,,-689.5555419921875,-6.743609428405762,0,0.0,4.5
735,687.888916015625,680.0,,-687.888916015625,-8.15541934967041,0,0.0,4.5
736,694.111083984375,680.0,,-694.111083984375,-22.833274841308594,0,0.0,4.5
737,683.3333129882812,680.0,,-683.3333129882812,-2.9116318225860596,0,0.0,4.5
738,681.7777709960938,680.0,,-681.7777709960938,0.2693929076194763,0,0.0,4.5
739,685.3333129882812,680.0,,-685.3333129882812,-3.3606131076812744,0,0.0,4.5
740,687.4444580078125,680.0,,-687.4444580078125,-3.4769794940948486,0,0.0,4.5
741,683.2222290039062,680.0,,-683.2222290039062,-0.048843808472156525,0,0.0,4.5
742,695.5555419921875,680.0,,-695.5555419921875,-48.46218490600586,0,0.0,4.5
743,693.0,680.0,,-693.0,-17.861310958862305,0,0.0,4.5
744,683.888916015625,680.0,,-683.888916015625,-0.09401682019233704,0,0.0,4.5
745,681.7777709960938,680.0,,-681.7777709960938,0.29684001207351685,0,0.0,4.5
746,685.3333129882812,680.0,,-685.3333129882812,-1.9527277946472168,0,0.0,4.5
747,690.6666870117188,680.0,,-690.6666870117188,-19.926027297973633,0,0.0,4.5
748,685.3333129882812,680.0,,-685.3333129882812,-2.151001453399658,0,0.0,4.5
749,685.4444580078125,680.0,,-685.4444580078125,-4.347798824310303,0,0.0,4.5
750,686.0,680.0,680.0,-686.0,-3.342251777648926,0,0.0,4.5
751,681.7777709960938,680.0,,-681.7777709960938,0.21767336130142212,0,0.0,4.5
752,685.3333129882812,680.0,,-685.3333129882812,-2.660993814468384,0,0.0,4.5
753,683.2222290039062,680.0,,-683.2222290039062,-0.43782734870910645,0,0.0,4.5
754,683.2222290039062,680.0,,-683.2222290039062,-5.26600980758667,0,0.0,4.5
755,685.3333129882812,680.0,,-685.3333129882812,-3.0133111476898193,0,0.0,4.5
756,684.7777709960938,680.0,,-684.7777709960938,-3.155877113342285,0,0.0,4.5
757,681.7777709960938,680.0,,-681.7777709960938,0.2210123986005783,0,0.0,4.5
758,694.4444580078125,680.0,,-694.4444580078125,-75.52826690673828,0,0.0,4.5
759,681.7777709960938,680.0,,-681.7777709960938,0.14979669451713562,0,0.0,4.5
760,683.3333129882812,680.0,,-683.3333129882812,-1.4102863073349,0,0.0,4.5
761,698.111083984375,680.0,,-698.111083984375,-17.860780715942383,0,0.0,4.5
762,699.3333129882812,680.0,,-699.3333129882812,-2.8792717456817627,0,0.0,4.5
763,717.888916015625,680.0,,-717.888916015625,-93.14553833007812,0,0.0,4.5
764,698.5555419921875,680.0,,-698.5555419921875,-11.77236270904541,0,0.0,4.5
765,697.111083984375,680.0,,-697.111083984375,-1.9038982391357422,0,0.0,4.5
766,685.5555419921875,680.0,,-685.5555419921875,0.9433311820030212,0,0.0,4.5
767,693.6666870117188,680.0,,-693.6666870117188,-5.676387786865234,0,0.0,4.5
768,699.4444580078125,680.0,,-699.4444580078125,-27.166345596313477,0,0.0,4.5
769,687.111083984375,680.0,,-687.111083984375,-1.0373766422271729,0,0.0,4.5
770,686.0,680.0,,-686.0,-3.2237730026245117,0,0.0,4.5
771,684.5555419921875,680.0,,-684.5555419921875,1.1593595743179321,0,0.0,4.5
772,693.4444580078125,680.0,,-693.4444580078125,-11.058945655822754,0,0.0,4.5
773,699.4444580078125,680.0,,-699.4444580078125,-44.73879623413086,0,0.0,4.5
774,692.3333129882812,680.0,,-692.3333129882812,-17.81643295288086,0,0.0,4.5
775,692.888916015625,680.0,,-692.888916015625,-25.437028884887695,0,0.0,4.5
776,694.2222290039062,680.0,,-694.2222290039062,-13.592549324035645,0,0.0,4.5
777,683.2222290039062,680.0,,-683.2222290039062,-3.0479507446289062,0,0.0,4.5
778,687.2222290039062,680.0,,-687.2222290039062,-7.12791633605957,0,0.0,4.5
779,683.2222290039062,680.0,,-683.2222290039062,0.2101404368877411,0,0.0,4.5
780,695.888916015625,680.0,,-695.888916015625,-27.397911071777344,0,0.0,4.5
781,687.7777709960938,680.0,,-687.7777709960938,-10.86386775970459,0,0.0,4.5
782,707.5555419921875,680.0,,-707.5555419921875,-56.882442474365234,0,0.0,4.5
783,681.6666870117188,680.0,,-681.6666870117188,0.6467136740684509,0,0.0,4.5
784,683.111083984375,680.0,,-683.111083984375,2.267306327819824,0,0.0,4.5
785,680.4444580078125,680.0,,-680.4444580078125,-0.4001349210739136,0,0.0,4.5
786,681.7777709960938,680.0,,-681.7777709960938,-0.22959740459918976,0,0.0,4.5
787,681.7777709960938,680.0,,-681.7777709960938,0.40008944272994995,0,0.0,4.5
788,681.888916015625,680.0,,-681.888916015625,0.37206628918647766,0,0.0,4.5
789,683.6666870117188,680.0,,-683.6666870117188,-4.093183517456055,0,0.0,4.5
790,685.3333129882812,680.0,,-685.3333129882812,-4.423781394958496,0,0.0,4.5
791,683.4444580078125,680.0,,-683.4444580078125,0.6328980326652527,0,0.0,4.5
792,680.4444580078125,680.0,,-680.4444580078125,-0.18585854768753052,0,0.0,4.5
793,694.4444580078125,680.0,,-694.4444580078125,-15.448991775512695,0,0.0,4.5
794,685.0,680.0,,-685.0,-7.681998252868652,0,0.0,4.5
795,683.5555419921875,680.0,,-683.5555419921875,-4.157919883728027,0,0.0,4.5
796,681.888916015625,680.0,,-681.888916015625,-0.044481515884399414,0,0.0,4.5
797,683.6666870117188,680.0,,-683.6666870117188,4.596740245819092,0,0.0,4.5
798,686.3333129882812,680.0,,-686.3333129882812,-5.210906982421875,0,0.0,4.5
799,682.5555419921875,680.0,,-682.5555419921875,-4.554006576538086,0,0.0,4.5
800,680.4444580078125,680.0,680.0,-680.4444580078125,-0.18916171789169312,0,0.0,4.5
801,684.7777709960938,680.0,,-684.7777709960938,-2.7039859294891357,0,0.0,4.5
802,688.111083984375,680.0,,-688.111083984375,-19.367212295532227,0,0.0,4.5
803,685.4444580078125,680.0,,-685.4444580078125,-2.6746315956115723,0,0.0,4.5
804,690.4444580078125,680.0,,-690.4444580078125,-35.48381042480469,0,0.0,4.5
805,685.0,680.0,,-685.0,-2.854914665222168,0,0.0,4.5
806,692.2222290039062,680.0,,-692.2222290039062,-20.794389724731445,0,0.0,4.5
807,691.0,680.0,,-691.0,-11.110898971557617,0,0.0,4.5
808,683.3333129882812,680.0,,-683.3333129882812,-2.9640164375305176,0,0.0,4.5
809,690.7777709960938,680.0,,-690.7777709960938,-34.09078598022461,0,0.0,4.5
810,685.0,680.0,,-685.0,-3.22750186920166,0,0.0,4.5
811,685.111083984375,680.0,,-685.111083984375,-2.961367607116699,0,0.0,4.5
812,684.7777709960938,680.0,,-684.7777709960938,-3.85510516166687,0,0.0,4.5
813,684.6666870117188,680.0,,-684.6666870117188,-4.314783096313477,0,0.0,4.5
814,683.2222290039062,680.0,,-683.2222290039062,-2.688844919204712,0,0.0,4.5
815,681.888916015625,680.0,,-681.888916015625,-0.7300186157226562,0,0.0,4.5
816,684.7777709960938,680.0,,-684.7777709960938,-5.368473052978516,0,0.0,4.5
817,682.5555419921875,680.0,,-682.5555419921875,-4.534358978271484,0,0.0,4.5
818,682.4444580078125,680.0,,-682.4444580078125,-4.725555419921875,0,0.0,4.5
819,684.2222290039062,680.0,,-684.2222290039062,-3.7245874404907227,0,0.0,4.5
820,683.4444580078125,680.0,,-683.4444580078125,-5.321653842926025,0,0.0,4.5
821,680.3333129882812,680.0,,-680.3333129882812,-0.056321367621421814,0,0.0,4.5
822,681.888916015625,680.0,,-681.888916015625,-2.1698970794677734,0,0.0,4.5
823,683.4444580078125,680.0,,-683.4444580078125,-4.477241516113281,0,0.0,4.5
824,686.5555419921875,680.0,,-686.5555419921875,-17.219738006591797,0,0.0,4.5
825,681.888916015625,680.0,,-681.888916015625,-1.4672915935516357,0,0.0,4.5
826,691.5555419921875,680.0,,-691.5555419921875,-29.345970153808594,0,0.0,4.5
827,682.2222290039062,680.0,,-682.2222290039062,-3.3700788021087646,0,0.0,4.5
828,681.5555419921875,680.0,,-681.5555419921875,-6.043689250946045,0,0.0,4.5
829,680.5555419921875,680.0,,-680.5555419921875,-0.24818308651447296,0,0.0,4.5
830,686.6666870117188,680.0,,-686.6666870117188,-9.07624340057373,0,0.0,4.5
831,687.5555419921875,680.0,,-687.5555419921875,-15.542842864990234,0,0.0,4.5
832,683.5555419921875,680.0,,-683.5555419921875,-2.554830312728882,0,0.0,4.5
833,683.5555419921875,680.0,,-683.5555419921875,-7.168306350708008,0,0.0,4.5
834,681.7777709960938,680.0,,-681.7777709960938,-1.2076191902160645,0,0.0,4.5
835,684.888916015625,680.0,,-684.888916015625,-3.9242935180664062,0,0.0,4.5
836,682.4444580078125,680.0,,-682.4444580078125,-3.6195292472839355,0,0.0,4.5
837,680.3333129882812,680.0,,-680.3333129882812,-0.07875221222639084,0,0.0,4.5
838,680.3333129882812,680.0,,-680.3333129882812,-0.13448315858840942,0,0.0,4.5
839,682.4444580078125,680.0,,-682.4444580078125,-3.3078267574310303,0,0.0,4.5
840,681.7777709960938,680.0,,-681.7777709960938,-1.0043824911117554,0,0.0,4.5
841,683.888916015625,680.0,,-683.888916015625,-2.378462314605713,0,0.0,4.5
842,703.5555419921875,680.0,,-703.5555419921875,-53.74361801147461,0,0.0,4.5
843,687.0,680.0,,-687.0,-16.264589309692383,0,0.0,4.5
844,686.5555419921875,680.0,,-686.5555419921875,-21.190834045410156,0,0.0,4.5
845,681.7777709960938,680.0,,-681.7777709960938,-1.6378141641616821,0,0.0,4.5
846,685.6666870117188,680.0,,-685.6666870117188,-23.989999771118164,0,0.0,4.5
847,688.3333129882812,680.0,,-688.3333129882812,-39.170536041259766,0,0.0,4.5
848,680.3333129882812,680.0,,-680.3333129882812,-0.169538676738739,0,0.0,4.5
849,680.3333129882812,680.0,,-680.3333129882812,-0.0661998987197876,0,0.0,4.5
850,680.5555419921875,680.0,680.0,-680.5555419921875,-0.2224932760000229,0,0.0,4.5
851,681.888916015625,680.0,,-681.888916015625,-2.94419264793396,0,0.0,4.5
852,680.3333129882812,680.0,,-680.3333129882812,0.0022819770965725183,0,0.0,4.5
853,680.2222290039062,680.0,,-680.2222290039062,0.07613499462604523,0,0.0,4.5
854,680.5555419921875,680.0,,-680.5555419921875,-0.10820877552032471,0,0.0,4.5
855,682.4444580078125,680.0,,-682.4444580078125,-4.506347179412842,0,0.0,4.5
856,683.5555419921875,680.0,,-683.5555419921875,-5.761444091796875,0,0.0,4.5
857,682.4444580078125,680.0,,-682.4444580078125,-3.6274425983428955,0,0.0,4.5
858,683.3333129882812,680.0,,-683.3333129882812,-12.560495376586914,0,0.0,4.5
859,687.0,680.0,,-687.0,-7.837882041931152,0,0.0,4.5
860,682.5555419921875,680.0,,-682.5555419921875,-3.76243257522583,0,0.0,4.5
861,680.5555419921875,680.0,,-680.5555419921875,-0.21685948967933655,0,0.0,4.5
862,681.888916015625,680.0,,-681.888916015625,-3.7865889072418213,0,0.0,4.5
863,680.3333129882812,680.0,,-680.3333129882812,-0.05952022597193718,0,0.0,4.5
864,680.4444580078125,680.0,,-680.4444580078125,-0.05085008963942528,0,0.0,4.5
865,685.0,680.0,,-685.0,-7.629182815551758,0,0.0,4.5
866,692.6666870117188,680.0,,-692.6666870117188,-37.53401184082031,0,0.0,4.5
867,680.3333129882812,680.0,,-680.3333129882812,0.03322760760784149,0,0.0,4.5
868,689.2222290039062,680.0,,-689.2222290039062,-10.443330764770508,0,0.0,4.5
869,685.2222290039062,680.0,,-685.2222290039062,-8.192181587219238,0,0.0,4.5
870,688.0,680.0,,-688.0,-19.20796012878418,0,0.0,4.5
871,681.888916015625,680.0,,-681.888916015625,-1.5077675580978394,0,0.0,4.5
872,680.4444580078125,680.0,,-680.4444580078125,-0.1189139187335968,0,0.0,4.5
873,683.4444580078125,680.0,,-683.4444580078125,-3.524491786956787,0,0.0,4.5
874,680.4444580078125,680.0,,-680.4444580078125,-0.16658180952072144,0,0.0,4.5
875,680.4444580078125,680.0,,-680.4444580078125,-0.19950999319553375,0,0.0,4.5
876,681.7777709960938,680.0,,-681.7777709960938,-1.30879545211792,0,0.0,4.5
877,685.0,680.0,,-685.0,-7.4882025718688965,0,0.0,4.5
878,681.7777709960938,680.0,,-681.7777709960938,-1.3418020009994507,0,0.0,4.5
879,681.888916015625,680.0,,-681.888916015625,-1.1764692068099976,0,0.0,4.5
880,682.0,680.0,,-682.0,-1.1630935668945312,0,0.0,4.5
881,685.2222290039062,680.0,,-685.2222290039062,-7.683586120605469,0,0.0,4.5
882,680.4444580078125,680.0,,-680.4444580078125,-0.12998522818088531,0,0.0,4.5
883,680.2222290039062,680.0,,-680.2222290039062,0.2794862985610962,0,0.0,4.5
884,681.888916015625,680.0,,-681.888916015625,-4.4882001876831055,0,0.0,4.5
885,681.888916015625,680.0,,-681.888916015625,-1.897421956062317,0,0.0,4.5
886,680.3333129882812,680.0,,-680.3333129882812,-0.042231760919094086,0,0.0,4.5
887,685.111083984375,680.0,,-685.111083984375,-8.543172836303711,0,0.0,4.5
888,682.4444580078125,680.0,,-682.4444580078125,-5.470692157745361,0,0.0,4.5
889,682.0,680.0,,-682.0,-6.933310031890869,0,0.0,4.5
890,682.6666870117188,680.0,,-682.6666870117188,-4.7961106300354,0,0.0,4.5
891,680.3333129882812,680.0,,-680.3333129882812,-0.07926496863365173,0,0.0,4.5
892,680.3333129882812,680.0,,-680.3333129882812,-0.13125967979431152,0,0.0,4.5
893,681.888916015625,680.0,,-681.888916015625,-3.2305843830108643,0,0.0,4.5
894,680.3333129882812,680.0,,-680.3333129882812,-0.0714230015873909,0,0.0,4.5
895,680.5555419921875,680.0,,-680.5555419921875,-0.30017316341400146,0,0.0,4.5
896,683.4444580078125,680.0,,-683.4444580078125,-8.637378692626953,0,0.0,4.5
897,683.4444580078125,680.0,,-683.4444580078125,-5.770448207855225,0,0.0,4.5
898,681.888916015625,680.0,,-681.888916015625,-2.984044313430786,0,0.0,4.5
899,682.3333129882812,680.0,,-682.3333129882812,-3.7904460430145264,0,0.0,4.5
900,680.3333129882812,680.0,680.0,-680.3333129882812,-0.025514032691717148,0,0.0,4.5
901,680.5555419921875,680.0,,-680.5555419921875,-0.3035111725330353,0,0.0,4.5
902,680.4444580078125,680.0,,-680.4444580078125,-0.1821156144142151,0,0.0,4.5
903,680.4444580078125,680.0,,-680.4444580078125,-0.1759270876646042,0,0.0,4.5
904,680.4444580078125,680.0,,-680.4444580078125,0.09190548211336136,0,0.0,4.5
905,680.5555419921875,680.0,,-680.5555419921875,-0.1705128252506256,0,0.0,4.5
906,680.5555419921875,680.0,,-680.5555419921875,-0.2654954493045807,0,0.0,4.5
907,683.111083984375,680.0,,-683.111083984375,-5.320438385009766,0,0.0,4.5
908,680.4444580078125,680.0,,-680.4444580078125,-0.11394613236188889,0,0.0,4.5
909,680.3333129882812,680.0,,-680.3333129882812,-0.015469145029783249,0,0.0,4.5
910,680.4444580078125,680.0,,-680.4444580078125,-0.13958777487277985,0,0.0,4.5
911,680.3333129882812,680.0,,-680.3333129882812,-0.014407899230718613,0,0.0,4.5
912,680.3333129882812,680.0,,-680.3333129882812,-0.013990749605000019,0,0.0,4.5
913,685.111083984375,680.0,,-685.111083984375,-17.69823455810547,0,0.0,4.5
914,680.5555419921875,680.0,,-680.5555419921875,-0.15062811970710754,0,0.0,4.5
915,680.3333129882812,680.0,,-680.3333129882812,-0.013372613117098808,0,0.0,4.5
916,680.3333129882812,680.0,,-680.3333129882812,-0.06511526554822922,0,0.0,4.5
917,682.5555419921875,680.0,,-682.5555419921875,-3.7838335037231445,0,0.0,4.5
918,680.3333129882812,680.0,,-680.3333129882812,-0.012651241384446621,0,0.0,4.5
919,680.3333129882812,680.0,,-680.3333129882812,-0.012609781697392464,0,0.0,4.5
920,682.5555419921875,680.0,,-682.5555419921875,-3.6304659843444824,0,0.0,4.5
921,680.4444580078125,680.0,,-680.4444580078125,-0.11018194258213043,0,0.0,4.5
922,680.5555419921875,680.0,,-680.5555419921875,-0.18399885296821594,0,0.0,4.5
923,680.4444580078125,680.0,,-680.4444580078125,-0.24259203672409058,0,0.0,4.5
924,680.3333129882812,680.0,,-680.3333129882812,-0.2020508497953415,0,0.0,4.5
925,680.5555419921875,680.0,,-680.5555419921875,-0.2887502908706665,0,0.0,4.5
926,680.3333129882812,680.0,,-680.3333129882812,-0.06203649565577507,0,0.0,4.5
927,682.4444580078125,680.0,,-682.4444580078125,-3.9630117416381836,0,0.0,4.5
928,680.4444580078125,680.0,,-680.4444580078125,-0.22730973362922668,0,0.0,4.5
929,682.5555419921875,680.0,,-682.5555419921875,-4.152353763580322,0,0.0,4.5
930,685.2222290039062,680.0,,-685.2222290039062,-18.447593688964844,0,0.0,4.5
931,680.3333129882812,680.0,,-680.3333129882812,-0.1459949016571045,0,0.0,4.5
932,682.6666870117188,680.0,,-682.6666870117188,-4.291328430175781,0,0.0,4.5
933,680.3333129882812,680.0,,-680.3333129882812,-0.027000678703188896,0,0.0,4.5
934,689.6666870117188,680.0,,-689.6666870117188,-37.16783905029297,0,0.0,4.5
935,680.3333129882812,680.0,,-680.3333129882812,-0.053793907165527344,0,0.0,4.5
936,704.111083984375,680.0,,-704.111083984375,-51.896209716796875,0,0.0,4.5
937,680.3333129882812,680.0,,-680.3333129882812,-0.1872953623533249,0,0.0,4.5
938,684.7777709960938,680.0,,-684.7777709960938,-2.5756821632385254,0,0.0,4.5
939,684.6666870117188,680.0,,-684.6666870117188,-2.081956624984741,0,0.0,4.5
940,680.3333129882812,680.0,,-680.3333129882812,-0.15320409834384918,0,0.0,4.5
941,680.4444580078125,680.0,,-680.4444580078125,-0.16195160150527954,0,0.0,4.5
942,680.3333129882812,680.0,,-680.3333129882812,-0.07187797129154205,0,0.0,4.5
943,685.111083984375,680.0,,-685.111083984375,-0.24783474206924438,0,0.0,4.5
944,680.2222290039062,680.0,,-680.2222290039062,-0.23835617303848267,0,0.0,4.5
945,685.0,680.0,,-685.0,-0.6850395202636719,0,0.0,4.5
946,688.7777709960938,680.0,,-688.7777709960938,-20.381967544555664,0,0.0,4.5
947,686.3333129882812,680.0,,-686.3333129882812,-7.777499675750732,0,0.0,4.5
948,693.3333129882812,680.0,,-693.3333129882812,-16.44540786743164,0,0.0,4.5
949,685.3333129882812,680.0,,-685.3333129882812,-7.589169979095459,0,0.0,4.5
950,685.0,680.0,680.0,-685.0,-9.89512825012207,0,0.0,4.5
951,686.0,680.0,,-686.0,-14.030269622802734,0,0.0,4.5
952,691.2222290039062,680.0,,-691.2222290039062,-80.24140930175781,0,0.0,4.5
953,690.4444580078125,680.0,,-690.4444580078125,-36.977474212646484,0,0.0,4.5
954,682.111083984375,680.0,,-682.111083984375,-2.2480382919311523,0,0.0,4.5
955,681.888916015625,680.0,,-681.888916015625,-0.21408312022686005,0,0.0,4.5
956,686.3333129882812,680.0,,-686.3333129882812,-4.691558837890625,0,0.0,4.5
957,704.0,680.0,,-704.0,-8.759283065795898,0,0.0,4.5
958,699.3333129882812,680.0,,-699.3333129882812,-6.579288959503174,0,0.0,4.5
959,696.7777709960938,680.0,,-696.7777709960938,-3.942431926727295,0,0.0,4.5
960,681.888916015625,680.0,,-681.888916015625,0.1878768652677536,0,0.0,4.5
961,685.0,680.0,,-685.0,-6.207446098327637,0,0.0,4.5
962,683.4444580078125,680.0,,-683.4444580078125,-1.3507256507873535,0,0.0,4.5
963,683.3333129882812,680.0,,-683.3333129882812,-3.7821638584136963,0,0.0,4.5
964,680.3333129882812,680.0,,-680.3333129882812,0.07894578576087952,0,0.0,4.5
965,681.7777709960938,680.0,,-681.7777709960938,-5.0564165115356445,0,0.0,4.5
966,688.7777709960938,680.0,,-688.7777709960938,-27.702524185180664,0,0.0,4.5
967,684.2222290039062,680.0,,-684.2222290039062,-5.876802444458008,0,0.0,4.5
968,686.111083984375,680.0,,-686.111083984375,-12.479759216308594,0,0.0,4.5
969,680.2222290039062,680.0,,-680.2222290039062,0.052079733461141586,0,0.0,4.5
970,680.7777709960938,680.0,,-680.7777709960938,-0.16554491221904755,0,0.0,4.5
971,680.4444580078125,680.0,,-680.4444580078125,-0.14382433891296387,0,0.0,4.5
972,680.7777709960938,680.0,,-680.7777709960938,-0.17601463198661804,0,0.0,4.5
973,682.0,680.0,,-682.0,-3.6352925300598145,0,0.0,4.5
974,682.3333129882812,680.0,,-682.3333129882812,-3.675171375274658,0,0.0,4.5
975,682.6666870117188,680.0,,-682.6666870117188,-2.443190574645996,0,0.0,4.5
976,681.888916015625,680.0,,-681.888916015625,-3.42505145072937,0,0.0,4.5
977,680.5555419921875,680.0,,-680.5555419921875,-0.17856337130069733,0,0.0,4.5
978,682.3333129882812,680.0,,-682.3333129882812,-3.8762104511260986,0,0.0,4.5
979,681.888916015625,680.0,,-681.888916015625,-2.907992124557495,0,0.0,4.5
980,685.2222290039062,680.0,,-685.2222290039062,-15.852231979370117,0,0.0,4.5
981,680.4444580078125,680.0,,-680.4444580078125,-0.3081468343734741,0,0.0,4.5
982,680.4444580078125,680.0,,-680.4444580078125,-0.1292704939842224,0,0.0,4.5
983,680.2222290039062,680.0,,-680.2222290039062,-0.023762397468090057,0,0.0,4.5
984,680.3333129882812,680.0,,-680.3333129882812,-0.10140392184257507,0,0.0,4.5
985,682.3333129882812,680.0,,-682.3333129882812,-3.0599193572998047,0,0.0,4.5
986,680.3333129882812,680.0,,-680.3333129882812,-0.08523222804069519,0,0.0,4.5
987,680.4444580078125,680.0,,-680.4444580078125,-0.1426546573638916,0,0.0,4.5
988,680.2222290039062,680.0,,-680.2222290039062,0.04472879692912102,0,0.0,4.5
989,680.2222290039062,680.0,,-680.2222290039062,-0.06207062304019928,0,0.0,4.5
990,683.0,680.0,,-683.0,-15.483345985412598,0,0.0,4.5
991,680.2222290039062,680.0,,-680.2222290039062,0.07135175168514252,0,0.0,4.5
992,680.2222290039062,680.0,,-680.2222290039062,-0.03354499116539955,0,0.0,4.5
993,680.4444580078125,680.0,,-680.4444580078125,-0.1800430566072464,0,0.0,4.5
994,680.4444580078125,680.0,,-680.4444580078125,-0.2342713624238968,0,0.0,4.5
995,680.4444580078125,680.0,,-680.4444580078125,-0.23473098874092102,0,0.0,4.5
996,689.3333129882812,680.0,,-689.3333129882812,-23.30278968811035,0,0.0,4.5
997,680.3333129882812,680.0,,-680.3333129882812,-0.1376534253358841,0,0.0,4.5
998,680.4444580078125,680.0,,-680.4444580078125,-0.16883616149425507,0,0.0,4.5
999,680.3333129882812,680.0,,-680.3333129882812,-0.11528196930885315,0,0.0,4.5
1000,684.7777709960938,680.0,680.0,-684.7777709960938,-2.9647395610809326,0,0.0,4.5
1001,686.3333129882812,680.0,,-686.3333129882812,-8.583008766174316,0,0.0,4.5
1002,686.2222290039062,680.0,,-686.2222290039062,-17.891403198242188,0,0.0,4.5
1003,684.5555419921875,680.0,,-684.5555419921875,-8.491939544677734,0,0.0,4.5
1004,680.111083984375,680.0,,-680.111083984375,-0.013173623010516167,0,0.0,4.5
1005,680.2222290039062,680.0,,-680.2222290039062,-0.5195877552032471,0,0.0,4.5
1006,680.3333129882812,680.0,,-680.3333129882812,-0.050225429236888885,0,0.0,4.5
1007,682.4444580078125,680.0,,-682.4444580078125,-5.059586524963379,0,0.0,4.5
1008,680.2222290039062,680.0,,-680.2222290039062,-0.02611597254872322,0,0.0,4.5
1009,680.3333129882812,680.0,,-680.3333129882812,-0.15348565578460693,0,0.0,4.5
1010,680.6666870117188,680.0,,-680.6666870117188,-0.17660488188266754,0,0.0,4.5
1011,680.3333129882812,680.0,,-680.3333129882812,-0.20134824514389038,0,0.0,4.5
1012,683.3333129882812,680.0,,-683.3333129882812,-6.870689868927002,0,0.0,4.5
1013,680.4444580078125,680.0,,-680.4444580078125,-0.2664138078689575,0,0.0,4.5
1014,683.2222290039062,680.0,,-683.2222290039062,-6.351078033447266,0,0.0,4.5
1015,681.7777709960938,680.0,,-681.7777709960938,-2.366640567779541,0,0.0,4.5
1016,701.888916015625,680.0,,-701.888916015625,-35.21989059448242,0,0.0,4.5
1017,680.3333129882812,680.0,,-680.3333129882812,-0.045905642211437225,0,0.0,4.5
1018,683.2222290039062,680.0,,-683.2222290039062,-6.582825183868408,0,0.0,4.5
1019,680.6666870117188,680.0,,-680.6666870117188,-0.11802323907613754,0,0.0,4.5
1020,680.6666870117188,680.0,,-680.6666870117188,-0.15239471197128296,0,0.0,4.5
1021,680.4444580078125,680.0,,-680.4444580078125,-0.12508879601955414,0,0.0,4.5
1022,680.6666870117188,680.0,,-680.6666870117188,-0.1369887739419937,0,0.0,4.5
1023,683.6666870117188,680.0,,-683.6666870117188,-7.046473979949951,0,0.0,4.5
1024,680.3333129882812,680.0,,-680.3333129882812,0.12594623863697052,0,0.0,4.5
1025,680.5555419921875,680.0,,-680.5555419921875,-0.13606476783752441,0,0.0,4.5
1026,680.5555419921875,680.0,,-680.5555419921875,-0.08731847256422043,0,0.0,4.5
1027,685.7777709960938,680.0,,-685.7777709960938,-19.671031951904297,0,0.0,4.5
1028,691.6666870117188,680.0,,-691.6666870117188,-11.310736656188965,0,0.0,4.5
1029,680.5555419921875,680.0,,-680.5555419921875,-0.0869838297367096,0,0.0,4.5
1030,680.4444580078125,680.0,,-680.4444580078125,-0.11823204159736633,0,0.0,4.5
1031,683.3333129882812,680.0,,-683.3333129882812,-3.5233983993530273,0,0.0,4.5
1032,683.4444580078125,680.0,,-683.4444580078125,-2.7519068717956543,0,0.0,4.5
1033,680.6666870117188,680.0,,-680.6666870117188,-0.19378890097141266,0,0.0,4.5
1034,680.4444580078125,680.0,,-680.4444580078125,-0.060069747269153595,0,0.0,4.5
1035,681.888916015625,680.0,,-681.888916015625,-1.265730381011963,0,0.0,4.5
1036,692.7777709960938,680.0,,-692.7777709960938,-32.720176696777344,0,0.0,4.5
1037,688.111083984375,680.0,,-688.111083984375,-7.368397235870361,0,0.0,4.5
1038,691.0,680.0,,-691.0,-13.078603744506836,0,0.0,4.5
1039,683.2222290039062,680.0,,-683.2222290039062,-0.6256790161132812,0,0.0,4.5
1040,683.2222290039062,680.0,,-683.2222290039062,-0.5792418718338013,0,0.0,4.5
1041,681.888916015625,680.0,,-681.888916015625,-1.1364631652832031,0,0.0,4.5
1042,684.7777709960938,680.0,,-684.7777709960938,-1.2584201097488403,0,0.0,4.5
1043,683.3333129882812,680.0,,-683.3333129882812,-6.609844207763672,0,0.0,4.5
1044,686.7777709960938,680.0,,-686.7777709960938,-30.965389251708984,0,0.0,4.5
1045,680.3333129882812,680.0,,-680.3333129882812,-0.1789543479681015,0,0.0,4.5
1046,685.4444580078125,680.0,,-685.4444580078125,-5.724919319152832,0,0.0,4.5
1047,681.7777709960938,680.0,,-681.7777709960938,-0.8121613264083862,0,0.0,4.5
1048,680.3333129882812,680.0,,-680.3333129882812,-0.09814659506082535,0,0.0,4.5
1049,680.2222290039062,680.0,,-680.2222290039062,-0.06459713727235794,0,0.0,4.5
1050,681.5555419921875,680.0,680.0,-681.5555419921875,-1.1672923564910889,0,0.0,4.5
1051,681.7777709960938,680.0,,-681.7777709960938,-1.3248522281646729,0,0.0,4.5
1052,680.4444580078125,680.0,,-680.4444580078125,-0.23160894215106964,0,0.0,4.5
1053,686.0,680.0,,-686.0,-14.100643157958984,0,0.0,4.5
1054,688.4444580078125,680.0,,-688.4444580078125,-6.00936222076416,0,0.0,4.5
1055,680.5555419921875,680.0,,-680.5555419921875,-0.2535198926925659,0,0.0,4.5
1056,681.7777709960938,680.0,,-681.7777709960938,-2.7891135215759277,0,0.0,4.5
1057,680.5555419921875,680.0,,-680.5555419921875,-0.48263394832611084,0,0.0,4.5
1058,682.3333129882812,680.0,,-682.3333129882812,-2.8558733463287354,0,0.0,4.5
1059,681.7777709960938,680.0,,-681.7777709960938,-4.572061538696289,0,0.0,4.5
1060,682.3333129882812,680.0,,-682.3333129882812,-2.927884101867676,0,0.0,4.5
1061,680.2222290039062,680.0,,-680.2222290039062,-0.009956617839634418,0,0.0,4.5
1062,680.2222290039062,680.0,,-680.2222290039062,-0.051307227462530136,0,0.0,4.5
1063,685.5555419921875,680.0,,-685.5555419921875,-9.116911888122559,0,0.0,4.5
1064,680.3333129882812,680.0,,-680.3333129882812,-0.1292487382888794,0,0.0,4.5
1065,680.3333129882812,680.0,,-680.3333129882812,-0.37962856888771057,0,0.0,4.5
1066,684.7777709960938,680.0,,-684.7777709960938,-14.98635196685791,0,0.0,4.5
1067,680.3333129882812,680.0,,-680.3333129882812,-0.22273264825344086,0,0.0,4.5
1068,680.3333129882812,680.0,,-680.3333129882812,-0.1630878448486328,0,0.0,4.5
1069,680.5555419921875,680.0,,-680.5555419921875,-0.2800944447517395,0,0.0,4.5
1070,681.7777709960938,680.0,,-681.7777709960938,-7.984955787658691,0,0.0,4.5
1071,680.4444580078125,680.0,,-680.4444580078125,-0.3284767270088196,0,0.0,4.5
1072,684.7777709960938,680.0,,-684.7777709960938,-5.174860954284668,0,0.0,4.5
1073,684.888916015625,680.0,,-684.888916015625,-9.080894470214844,0,0.0,4.5
1074,680.3333129882812,680.0,,-680.3333129882812,-0.24508418142795563,0,0.0,4.5
1075,680.2222290039062,680.0,,-680.2222290039062,-0.1299770176410675,0,0.0,4.5
1076,681.7777709960938,680.0,,-681.7777709960938,-4.412027835845947,0,0.0,4.5
1077,680.5555419921875,680.0,,-680.5555419921875,-0.2804007828235626,0,0.0,4.5
1078,689.4444580078125,680.0,,-689.4444580078125,-13.727522850036621,0,0.0,4.5
1079,680.2222290039062,680.0,,-680.2222290039062,0.05698327347636223,0,0.0,4.5
1080,685.111083984375,680.0,,-685.111083984375,-6.830649375915527,0,0.0,4.5
1081,680.3333129882812,680.0,,-680.3333129882812,-0.1263321191072464,0,0.0,4.5
1082,680.4444580078125,680.0,,-680.4444580078125,-0.25474226474761963,0,0.0,4.5
1083,680.3333129882812,680.0,,-680.3333129882812,-0.02877376414835453,0,0.0,4.5
1084,680.2222290039062,680.0,,-680.2222290039062,0.011838058941066265,0,0.0,4.5
1085,682.4444580078125,680.0,,-682.4444580078125,-3.666958808898926,0,0.0,4.5
1086,691.0,680.0,,-691.0,-20.062089920043945,0,0.0,4.5
1087,680.3333129882812,680.0,,-680.3333129882812,-0.03225025162100792,0,0.0,4.5
1088,680.5555419921875,680.0,,-680.5555419921875,-0.18149328231811523,0,0.0,4.5
1089,682.4444580078125,680.0,,-682.4444580078125,-5.556000232696533,0,0.0,4.5
1090,691.0,680.0,,-691.0,-30.23965072631836,0,0.0,4.5
1091,683.5555419921875,680.0,,-683.5555419921875,-4.668532371520996,0,0.0,4.5
1092,683.4444580078125,680.0,,-683.4444580078125,-3.6969075202941895,0,0.0,4.5
1093,683.3333129882812,680.0,,-683.3333129882812,-13.511855125427246,0,0.0,4.5
1094,680.4444580078125,680.0,,-680.4444580078125,-0.47115468978881836,0,0.0,4.5
1095,683.3333129882812,680.0,,-683.3333129882812,-2.4375057220458984,0,0.0,4.5
1096,699.0,680.0,,-699.0,-40.86552810668945,0,0.0,4.5
1097,680.4444580078125,680.0,,-680.4444580078125,-0.035752926021814346,0,0.0,4.5
1098,680.4444580078125,680.0,,-680.4444580078125,-0.009532053954899311,0,0.0,4.5
1099,691.2222290039062,680.0,,-691.2222290039062,-15.18210506439209,0,0.0,4.5
1100,693.6666870117188,680.0,680.0,-693.6666870117188,-13.241548538208008,0,0.0,4.5
1101,680.5555419921875,680.0,,-680.5555419921875,-0.23623885214328766,0,0.0,4.5
1102,680.5555419921875,680.0,,-680.5555419921875,-0.16110053658485413,0,0.0,4.5
1103,687.888916015625,680.0,,-687.888916015625,-6.838379383087158,0,0.0,4.5
1104,680.6666870117188,680.0,,-680.6666870117188,-0.05214764177799225,0,0.0,4.5
1105,680.6666870117188,680.0,,-680.6666870117188,-0.0994090661406517,0,0.0,4.5
1106,682.111083984375,680.0,,-682.111083984375,-1.7020952701568604,0,0.0,4.5
1107,680.5555419921875,680.0,,-680.5555419921875,-0.2495117485523224,0,0.0,4.5
1108,685.3333129882812,680.0,,-685.3333129882812,-7.777616024017334,0,0.0,4.5
1109,683.4444580078125,680.0,,-683.4444580078125,-4.353297233581543,0,0.0,4.5
1110,680.4444580078125,680.0,,-680.4444580078125,-0.18064041435718536,0,0.0,4.5
1111,680.5555419921875,680.0,,-680.5555419921875,-0.2779932916164398,0,0.0,4.5
1112,683.5555419921875,680.0,,-683.5555419921875,-5.655646324157715,0,0.0,4.5
1113,680.5555419921875,680.0,,-680.5555419921875,-0.20131495594978333,0,0.0,4.5
1114,685.111083984375,680.0,,-685.111083984375,-12.743073463439941,0,0.0,4.5
1115,680.3333129882812,680.0,,-680.3333129882812,0.0323014110326767,0,0.0,4.5
1116,685.3333129882812,680.0,,-685.3333129882812,-14.965160369873047,0,0.0,4.5
1117,683.4444580078125,680.0,,-683.4444580078125,-18.462146759033203,0,0.0,4.5
1118,680.5555419921875,680.0,,-680.5555419921875,-0.24770691990852356,0,0.0,4.5
1119,680.3333129882812,680.0,,-680.3333129882812,-0.024642430245876312,0,0.0,4.5
1120,680.3333129882812,680.0,,-680.3333129882812,-0.10035917162895203,0,0.0,4.5
1121,680.5555419921875,680.0,,-680.5555419921875,-0.10036259889602661,0,0.0,4.5
1122,680.4444580078125,680.0,,-680.4444580078125,-0.21693141758441925,0,0.0,4.5
1123,683.888916015625,680.0,,-683.888916015625,-8.590338706970215,0,0.0,4.5
1124,680.3333129882812,680.0,,-680.3333129882812,-0.17842735350131989,0,0.0,4.5
1125,680.3333129882812,680.0,,-680.3333129882812,0.055299464613199234,0,0.0,4.5
1126,680.4444580078125,680.0,,-680.4444580078125,-0.15964491665363312,0,0.0,4.5
1127,680.3333129882812,680.0,,-680.3333129882812,-0.09733646363019943,0,0.0,4.5
1128,689.7777709960938,680.0,,-689.7777709960938,-10.022669792175293,0,0.0,4.5
1129,696.4444580078125,680.0,,-696.4444580078125,-105.36709594726562,0,0.0,4.5
1130,680.4444580078125,680.0,,-680.4444580078125,-0.0461900569498539,0,0.0,4.5
1131,680.3333129882812,680.0,,-680.3333129882812,-0.07052367180585861,0,0.0,4.5
1132,682.0,680.0,,-682.0,-2.7358858585357666,0,0.0,4.5
1133,680.5555419921875,680.0,,-680.5555419921875,-0.0653415098786354,0,0.0,4.5
1134,683.5555419921875,680.0,,-683.5555419921875,-4.35687255859375,0,0.0,4.5
1135,680.4444580078125,680.0,,-680.4444580078125,-0.06183193624019623,0,0.0,4.5
1136,687.111083984375,680.0,,-687.111083984375,-1.097436547279358,0,0.0,4.5
1137,688.6666870117188,680.0,,-688.6666870117188,-4.136350631713867,0,0.0,4.5
1138,686.3333129882812,680.0,,-686.3333129882812,-7.8343024253845215,0,0.0,4.5
1139,700.6666870117188,680.0,,-700.6666870117188,-19.577125549316406,0,0.0,4.5
1140,683.3333129882812,680.0,,-683.3333129882812,-8.387531280517578,0,0.0,4.5
1141,687.5555419921875,680.0,,-687.5555419921875,-2.196532726287842,0,0.0,4.5
1142,687.5555419921875,680.0,,-687.5555419921875,-2.0614304542541504,0,0.0,4.5
1143,700.2222290039062,680.0,,-700.2222290039062,-48.40743637084961,0,0.0,4.5
1144,681.6666870117188,680.0,,-681.6666870117188,-2.463442325592041,0,0.0,4.5
1145,680.2222290039062,680.0,,-680.2222290039062,-0.28842416405677795,0,0.0,4.5
1146,683.3333129882812,680.0,,-683.3333129882812,0.09280268102884293,0,0.0,4.5
1147,695.3333129882812,680.0,,-695.3333129882812,-34.0037841796875,0,0.0,4.5
1148,689.5555419921875,680.0,,-689.5555419921875,-30.08999252319336,0,0.0,4.5
1149,687.6666870117188,680.0,,-687.6666870117188,-7.4066901206970215,0,0.0,4.5
1150,691.7777709960938,680.0,680.0,-691.7777709960938,-25.60552215576172,0,0.0,4.5
1151,684.7777709960938,680.0,,-684.7777709960938,-6.190178394317627,0,0.0,4.5
1152,680.5555419921875,680.0,,-680.5555419921875,0.05115687847137451,0,0.0,4.5
1153,680.3333129882812,680.0,,-680.3333129882812,-0.16205424070358276,0,0.0,4.5
1154,682.0,680.0,,-682.0,-4.440248489379883,0,0.0,4.5
1155,682.111083984375,680.0,,-682.111083984375,-2.261608123779297,0,0.0,4.5
1156,686.6666870117188,680.0,,-686.6666870117188,-9.314126968383789,0,0.0,4.5
1157,698.6666870117188,680.0,,-698.6666870117188,-41.29621887207031,0,0.0,4.5
1158,684.888916015625,680.0,,-684.888916015625,-24.17209815979004,0,0.0,4.5
1159,680.5555419921875,680.0,,-680.5555419921875,-0.14344948530197144,0,0.0,4.5
1160,681.7777709960938,680.0,,-681.7777709960938,0.9009643197059631,0,0.0,4.5
1161,681.888916015625,680.0,,-681.888916015625,0.2702982723712921,0,0.0,4.5
1162,688.4444580078125,680.0,,-688.4444580078125,-4.080164909362793,0,0.0,4.5
1163,682.111083984375,680.0,,-682.111083984375,-3.8557353019714355,0,0.0,4.5
1164,682.0,680.0,,-682.0,0.5799777507781982,0,0.0,4.5
1165,683.4444580078125,680.0,,-683.4444580078125,-1.5148634910583496,0,0.0,4.5
1166,682.111083984375,680.0,,-682.111083984375,1.055901050567627,0,0.0,4.5
1167,700.3333129882812,680.0,,-700.3333129882812,-41.03681564331055,0,0.0,4.5
1168,681.888916015625,680.0,,-681.888916015625,0.41337108612060547,0,0.0,4.5
1169,709.5555419921875,680.0,,-709.5555419921875,-74.96585083007812,0,0.0,4.5
1170,683.0,680.0,,-683.0,-5.958173751831055,0,0.0,4.5
1171,698.111083984375,680.0,,-698.111083984375,-85.84805297851562,0,0.0,4.5
1172,680.6666870117188,680.0,,-680.6666870117188,0.033720713108778,0,0.0,4.5
1173,680.6666870117188,680.0,,-680.6666870117188,-0.13551919162273407,0,0.0,4.5
1174,684.888916015625,680.0,,-684.888916015625,-13.983125686645508,0,0.0,4.5
1175,683.2222290039062,680.0,,-683.2222290039062,-1.6981199979782104,0,0.0,4.5
1176,689.2222290039062,680.0,,-689.2222290039062,-11.840179443359375,0,0.0,4.5
1177,683.4444580078125,680.0,,-683.4444580078125,-0.36938974261283875,0,0.0,4.5
1178,685.111083984375,680.0,,-685.111083984375,-1.293017864227295,0,0.0,4.5
1179,681.888916015625,680.0,,-681.888916015625,1.3479704856872559,0,0.0,4.5
1180,686.4444580078125,680.0,,-686.4444580078125,-10.944012641906738,0,0.0,4.5
1181,693.5555419921875,680.0,,-693.5555419921875,-21.212724685668945,0,0.0,4.5
1182,682.0,680.0,,-682.0,0.4010528028011322,0,0.0,4.5
1183,682.3333129882812,680.0,,-682.3333129882812,-5.036910057067871,0,0.0,4.5
1184,698.888916015625,680.0,,-698.888916015625,-77.34140014648438,0,0.0,4.5
1185,687.3333129882812,680.0,,-687.3333129882812,-25.537965774536133,0,0.0,4.5
1186,680.5555419921875,680.0,,-680.5555419921875,-0.054188475012779236,0,0.0,4.5
1187,683.4444580078125,680.0,,-683.4444580078125,-1.2761194705963135,0,0.0,4.5
1188,683.4444580078125,680.0,,-683.4444580078125,-1.14723539352417,0,0.0,4.5
1189,682.0,680.0,,-682.0,-1.379942774772644,0,0.0,4.5
1190,680.5555419921875,680.0,,-680.5555419921875,0.11459551751613617,0,0.0,4.5
1191,680.6666870117188,680.0,,-680.6666870117188,0.1733742356300354,0,0.0,4.5
1192,680.888916015625,680.0,,-680.888916015625,-0.05445004254579544,0,0.0,4.5
1193,680.7777709960938,680.0,,-680.7777709960938,-0.012052152305841446,0,0.0,4.5
1194,683.5555419921875,680.0,,-683.5555419921875,-5.8863983154296875,0,0.0,4.5
1195,697.4444580078125,680.0,,-697.4444580078125,-45.69984436035156,0,0.0,4.5
1196,685.6666870117188,680.0,,-685.6666870117188,-7.46766996383667,0,0.0,4.5
1197,680.7777709960938,680.0,,-680.7777709960938,0.2886775732040405,0,0.0,4.5
1198,680.7777709960938,680.0,,-680.7777709960938,0.03446701914072037,0,0.0,4.5
1199,680.5555419921875,680.0,,-680.5555419921875,0.14592419564723969,0,0.0,4.5
1200,680.5555419921875,680.0,680.0,-680.5555419921875,0.044171612709760666,0,0.0,4.5
1201,683.4444580078125,680.0,,-683.4444580078125,-0.7246570587158203,0,0.0,4.5
1202,683.6666870117188,680.0,,-683.6666870117188,-9.444302558898926,0,0.0,4.5
1203,680.5555419921875,680.0,,-680.5555419921875,0.3288057744503021,0,0.0,4.5
1204,680.5555419921875,680.0,,-680.5555419921875,0.39361417293548584,0,0.0,4.5
1205,683.7777709960938,680.0,,-683.7777709960938,-7.43510103225708,0,0.0,4.5
1206,680.6666870117188,680.0,,-680.6666870117188,-0.05695594847202301,0,0.0,4.5
1207,686.6666870117188,680.0,,-686.6666870117188,-18.40285873413086,0,0.0,4.5
1208,680.6666870117188,680.0,,-680.6666870117188,0.053885433822870255,0,0.0,4.5
1209,680.7777709960938,680.0,,-680.7777709960938,0.06966454535722733,0,0.0,4.5
1210,694.6666870117188,680.0,,-694.6666870117188,-41.17890167236328,0,0.0,4.5
1211,699.2222290039062,680.0,,-699.2222290039062,-49.20942306518555,0,0.0,4.5
1212,680.5555419921875,680.0,,-680.5555419921875,-0.0095137357711792,0,0.0,4.5
1213,684.5555419921875,680.0,,-684.5555419921875,-13.966236114501953,0,0.0,4.5
1214,680.3333129882812,680.0,,-680.3333129882812,-0.14230605959892273,0,0.0,4.5
1215,687.7777709960938,680.0,,-687.7777709960938,-13.241719245910645,0,0.0,4.5
1216,686.5555419921875,680.0,,-686.5555419921875,-1.0854945182800293,0,0.0,4.5
1217,683.3333129882812,680.0,,-683.3333129882812,-0.4574504494667053,0,0.0,4.5
1218,686.4444580078125,680.0,,-686.4444580078125,-8.274578094482422,0,0.0,4.5
1219,683.3333129882812,680.0,,-683.3333129882812,-0.9644067287445068,0,0.0,4.5
1220,681.7777709960938,680.0,,-681.7777709960938,-6.436437129974365,0,0.0,4.5
1221,684.0,680.0,,-684.0,-7.323803424835205,0,0.0,4.5
1222,681.6666870117188,680.0,,-681.6666870117188,-2.8462154865264893,0,0.0,4.5
1223,683.3333129882812,680.0,,-683.3333129882812,-3.3514535427093506,0,0.0,4.5
1224,683.2222290039062,680.0,,-683.2222290039062,-8.041123390197754,0,0.0,4.5
1225,686.3333129882812,680.0,,-686.3333129882812,-24.37044334411621,0,0.0,4.5
1226,699.111083984375,680.0,,-699.111083984375,-73.6151351928711,0,0.0,4.5
1227,681.7777709960938,680.0,,-681.7777709960938,-0.44003328680992126,0,0.0,4.5
1228,683.3333129882812,680.0,,-683.3333129882812,-1.7095848321914673,0,0.0,4.5
1229,682.0,680.0,,-682.0,-2.609804391860962,0,0.0,4.5
1230,697.111083984375,680.0,,-697.111083984375,-52.80843734741211,0,0.0,4.5
1231,690.0,680.0,,-690.0,-24.498825073242188,0,0.0,4.5
1232,683.3333129882812,680.0,,-683.3333129882812,-3.7610063552856445,0,0.0,4.5
1233,681.7777709960938,680.0,,-681.7777709960938,0.11737925559282303,0,0.0,4.5
1234,681.7777709960938,680.0,,-681.7777709960938,0.04266361892223358,0,0.0,4.5
1235,688.6666870117188,680.0,,-688.6666870117188,-13.335193634033203,0,0.0,4.5
1236,681.7777709960938,680.0,,-681.7777709960938,0.1488826423883438,0,0.0,4.5
1237,686.2222290039062,680.0,,-686.2222290039062,-10.084275245666504,0,0.0,4.5
1238,681.888916015625,680.0,,-681.888916015625,1.1022522449493408,0,0.0,4.5
1239,680.4444580078125,680.0,,-680.4444580078125,-0.2988162040710449,0,0.0,4.5
1240,680.888916015625,680.0,,-680.888916015625,-0.11625109612941742,0,0.0,4.5
1241,683.4444580078125,680.0,,-683.4444580078125,-5.338252067565918,0,0.0,4.5
1242,681.7777709960938,680.0,,-681.7777709960938,-0.6868517994880676,0,0.0,4.5
1243,693.888916015625,680.0,,-693.888916015625,-39.815982818603516,0,0.0,4.5
1244,680.3333129882812,680.0,,-680.3333129882812,-0.17197582125663757,0,0.0,4.5
1245,682.6666870117188,680.0,,-682.6666870117188,-3.144632339477539,0,0.0,4.5
1246,697.6666870117188,680.0,,-697.6666870117188,-67.82881164550781,0,0.0,4.5
1247,680.2222290039062,680.0,,-680.2222290039062,0.06293279677629471,0,0.0,4.5
1248,683.6666870117188,680.0,,-683.6666870117188,-9.04604434967041,0,0.0,4.5
1249,688.4444580078125,680.0,,-688.4444580078125,-35.92683792114258,0,0.0,4.5
1250,682.0,680.0,680.0,-682.0,-1.0401718616485596,0,0.0,4.5
1251,684.7777709960938,680.0,,-684.7777709960938,-10.189205169677734,0,0.0,4.5
1252,687.888916015625,680.0,,-687.888916015625,-6.054018974304199,0,0.0,4.5
1253,691.3333129882812,680.0,,-691.3333129882812,-29.128902435302734,0,0.0,4.5
1254,686.0,680.0,,-686.0,-12.636371612548828,0,0.0,4.5
1255,680.7777709960938,680.0,,-680.7777709960938,-0.12758898735046387,0,0.0,4.5
1256,680.5555419921875,680.0,,-680.5555419921875,-0.1952531933784485,0,0.0,4.5
1257,687.6666870117188,680.0,,-687.6666870117188,-41.07725143432617,0,0.0,4.5
1258,683.4444580078125,680.0,,-683.4444580078125,-5.309617519378662,0,0.0,4.5
1259,682.0,680.0,,-682.0,-3.8010966777801514,0,0.0,4.5
1260,681.888916015625,680.0,,-681.888916015625,-1.0338945388793945,0,0.0,4.5
1261,680.4444580078125,680.0,,-680.4444580078125,-0.12276358157396317,0,0.0,4.5
1262,683.2222290039062,680.0,,-683.2222290039062,-3.7393620014190674,0,0.0,4.5
1263,683.3333129882812,680.0,,-683.3333129882812,-5.662624359130859,0,0.0,4.5
1264,680.4444580078125,680.0,,-680.4444580078125,0.04184553399682045,0,0.0,4.5
1265,680.3333129882812,680.0,,-680.3333129882812,0.03068738430738449,0,0.0,4.5
1266,680.2222290039062,680.0,,-680.2222290039062,-0.02492455579340458,0,0.0,4.5
1267,680.3333129882812,680.0,,-680.3333129882812,-0.0437626987695694,0,0.0,4.5
1268,680.5555419921875,680.0,,-680.5555419921875,-0.18610478937625885,0,0.0,4.5
1269,688.0,680.0,,-688.0,-49.80146026611328,0,0.0,4.5
1270,682.0,680.0,,-682.0,-4.326796054840088,0,0.0,4.5
1271,680.4444580078125,680.0,,-680.4444580078125,-0.21096323430538177,0,0.0,4.5
1272,680.5555419921875,680.0,,-680.5555419921875,-0.047738075256347656,0,0.0,4.5
1273,680.2222290039062,680.0,,-680.2222290039062,0.16149669885635376,0,0.0,4.5
1274,680.5555419921875,680.0,,-680.5555419921875,-0.30618369579315186,0,0.0,4.5
1275,697.0,680.0,,-697.0,-75.48451232910156,0,0.0,4.5
1276,680.5555419921875,680.0,,-680.5555419921875,-0.11165806651115417,0,0.0,4.5
1277,680.4444580078125,680.0,,-680.4444580078125,0.05585801601409912,0,0.0,4.5
1278,680.4444580078125,680.0,,-680.4444580078125,0.07781178504228592,0,0.0,4.5
1279,680.4444580078125,680.0,,-680.4444580078125,-0.09235551208257675,0,0.0,4.5
1280,680.3333129882812,680.0,,-680.3333129882812,-0.22798559069633484,0,0.0,4.5
1281,680.5555419921875,680.0,,-680.5555419921875,0.02818029187619686,0,0.0,4.5
1282,689.3333129882812,680.0,,-689.3333129882812,-62.82579803466797,0,0.0,4.5
1283,680.4444580078125,680.0,,-680.4444580078125,-0.015786578878760338,0,0.0,4.5
1284,683.2222290039062,680.0,,-683.2222290039062,-7.6028900146484375,0,0.0,4.5
1285,680.2222290039062,680.0,,-680.2222290039062,-0.2049507200717926,0,0.0,4.5
1286,680.5555419921875,680.0,,-680.5555419921875,-0.03430251404643059,0,0.0,4.5
1287,680.3333129882812,680.0,,-680.3333129882812,0.1019388809800148,0,0.0,4.5
1288,680.3333129882812,680.0,,-680.3333129882812,0.11110290884971619,0,0.0,4.5
1289,680.7777709960938,680.0,,-680.7777709960938,0.1138845682144165,0,0.0,4.5
1290,680.5555419921875,680.0,,-680.5555419921875,0.022785615175962448,0,0.0,4.5
1291,680.4444580078125,680.0,,-680.4444580078125,0.051391296088695526,0,0.0,4.5
1292,685.0,680.0,,-685.0,-21.77100372314453,0,0.0,4.5
1293,680.5555419921875,680.0,,-680.5555419921875,-0.15272529423236847,0,0.0,4.5
1294,680.6666870117188,680.0,,-680.6666870117188,0.0823313444852829,0,0.0,4.5
1295,680.6666870117188,680.0,,-680.6666870117188,-0.0851387158036232,0,0.0,4.5
1296,680.7777709960938,680.0,,-680.7777709960938,-0.07558080554008484,0,0.0,4.5
1297,680.5555419921875,680.0,,-680.5555419921875,-0.10096453875303268,0,0.0,4.5
1298,680.4444580078125,680.0,,-680.4444580078125,-0.09665143489837646,0,0.0,4.5
1299,684.888916015625,680.0,,-684.888916015625,-21.13861846923828,0,0.0,4.5
1300,680.6666870117188,680.0,680.0,-680.6666870117188,-0.09210679680109024,0,0.0,4.5
1301,680.4444580078125,680.0,,-680.4444580078125,0.09778932482004166,0,0.0,4.5
1302,680.3333129882812,680.0,,-680.3333129882812,0.0987977460026741,0,0.0,4.5
1303,680.5555419921875,680.0,,-680.5555419921875,-0.10292764753103256,0,0.0,4.5
1304,680.5555419921875,680.0,,-680.5555419921875,-0.2479812353849411,0,0.0,4.5
1305,680.4444580078125,680.0,,-680.4444580078125,-0.07140621542930603,0,0.0,4.5
1306,680.4444580078125,680.0,,-680.4444580078125,-0.19817480444908142,0,0.0,4.5
1307,680.4444580078125,680.0,,-680.4444580078125,-0.13143330812454224,0,0.0,4.5
1308,680.5555419921875,680.0,,-680.5555419921875,-0.19380603730678558,0,0.0,4.5
1309,683.3333129882812,680.0,,-683.3333129882812,-16.509796142578125,0,0.0,4.5
1310,680.5555419921875,680.0,,-680.5555419921875,-0.1593591868877411,0,0.0,4.5
1311,680.3333129882812,680.0,,-680.3333129882812,0.004798985086381435,0,0.0,4.5
1312,680.4444580078125,680.0,,-680.4444580078125,-0.11743215471506119,0,0.0,4.5
1313,680.2222290039062,680.0,,-680.2222290039062,0.025360094383358955,0,0.0,4.5
1314,680.3333129882812,680.0,,-680.3333129882812,-0.10799676924943924,0,0.0,4.5
1315,680.3333129882812,680.0,,-680.3333129882812,-0.01389666274189949,0,0.0,4.5
1316,680.111083984375,680.0,,-680.111083984375,0.05106931924819946,0,0.0,4.5
1317,680.2222290039062,680.0,,-680.2222290039062,-0.15103596448898315,0,0.0,4.5
1318,680.2222290039062,680.0,,-680.2222290039062,0.008774765767157078,0,0.0,4.5
1319,680.3333129882812,680.0,,-680.3333129882812,-0.3146246671676636,0,0.0,4.5
1320,680.2222290039062,680.0,,-680.2222290039062,0.042209845036268234,0,0.0,4.5
1321,680.2222290039062,680.0,,-680.2222290039062,0.004375909920781851,0,0.0,4.5
1322,680.2222290039062,680.0,,-680.2222290039062,0.003215904114767909,0,0.0,4.5
1323,680.3333129882812,680.0,,-680.3333129882812,-0.13632328808307648,0,0.0,4.5
1324,684.3333129882812,680.0,,-684.3333129882812,-14.944727897644043,0,0.0,4.5
1325,680.4444580078125,680.0,,-680.4444580078125,-0.41093143820762634,0,0.0,4.5
1326,680.3333129882812,680.0,,-680.3333129882812,-0.2359877973794937,0,0.0,4.5
1327,680.3333129882812,680.0,,-680.3333129882812,-0.28849682211875916,0,0.0,4.5
1328,680.4444580078125,680.0,,-680.4444580078125,-0.32375770807266235,0,0.0,4.5
1329,680.4444580078125,680.0,,-680.4444580078125,-0.1318596452474594,0,0.0,4.5
1330,700.888916015625,680.0,,-700.888916015625,-197.74923706054688,0,0.0,4.5
1331,680.5555419921875,680.0,,-680.5555419921875,-0.2866688072681427,0,0.0,4.5
1332,680.4444580078125,680.0,,-680.4444580078125,-0.27571016550064087,0,0.0,4.5
1333,680.3333129882812,680.0,,-680.3333129882812,0.020340319722890854,0,0.0,4.5
1334,685.7777709960938,680.0,,-685.7777709960938,-3.8235058784484863,0,0.0,4.5
1335,682.4444580078125,680.0,,-682.4444580078125,0.04453017935156822,0,0.0,4.5
1336,697.111083984375,680.0,,-697.111083984375,-28.69929313659668,0,0.0,4.5
1337,688.7777709960938,680.0,,-688.7777709960938,-8.267474174499512,0,0.0,4.5
1338,685.2222290039062,680.0,,-685.2222290039062,-2.4297878742218018,0,0.0,4.5
1339,703.7777709960938,680.0,,-703.7777709960938,-54.32429504394531,0,0.0,4.5
1340,680.4444580078125,680.0,,-680.4444580078125,-0.11144112050533295,0,0.0,4.5
1341,688.5555419921875,680.0,,-688.5555419921875,-13.218512535095215,0,0.0,4.5
1342,681.888916015625,680.0,,-681.888916015625,-1.7727608680725098,0,0.0,4.5
1343,683.111083984375,680.0,,-683.111083984375,-1.0721664428710938,0,0.0,4.5
1344,681.7777709960938,680.0,,-681.7777709960938,-1.9030814170837402,0,0.0,4.5
1345,681.7777709960938,680.0,,-681.7777709960938,-0.988597571849823,0,0.0,4.5
1346,686.3333129882812,680.0,,-686.3333129882812,-9.04186725616455,0,0.0,4.5
1347,695.3333129882812,680.0,,-695.3333129882812,-32.88188171386719,0,0.0,4.5
1348,680.2222290039062,680.0,,-680.2222290039062,0.05697156861424446,0,0.0,4.5
1349,680.3333129882812,680.0,,-680.3333129882812,-0.43911319971084595,0,0.0,4.5
1350,681.7777709960938,680.0,680.0,-681.7777709960938,-2.7947070598602295,0,0.0,4.5
1351,682.888916015625,680.0,,-682.888916015625,-4.32018518447876,0,0.0,4.5
1352,680.4444580078125,680.0,,-680.4444580078125,-0.30620744824409485,0,0.0,4.5
1353,680.3333129882812,680.0,,-680.3333129882812,0.010515851899981499,0,0.0,4.5
1354,683.4444580078125,680.0,,-683.4444580078125,-15.970545768737793,0,0.0,4.5
1355,680.4444580078125,680.0,,-680.4444580078125,-0.02028101682662964,0,0.0,4.5
1356,680.4444580078125,680.0,,-680.4444580078125,-0.09312336891889572,0,0.0,4.5
1357,680.2222290039062,680.0,,-680.2222290039062,0.0039385524578392506,0,0.0,4.5
1358,680.4444580078125,680.0,,-680.4444580078125,0.05293457582592964,0,0.0,4.5
1359,680.2222290039062,680.0,,-680.2222290039062,-0.0037270253524184227,0,0.0,4.5
1360,680.3333129882812,680.0,,-680.3333129882812,-0.13649556040763855,0,0.0,4.5
1361,696.2222290039062,680.0,,-696.2222290039062,-85.42889404296875,0,0.0,4.5
1362,680.3333129882812,680.0,,-680.3333129882812,-0.09736359119415283,0,0.0,4.5
1363,680.4444580078125,680.0,,-680.4444580078125,-0.2314566969871521,0,0.0,4.5
1364,680.2222290039062,680.0,,-680.2222290039062,0.16891996562480927,0,0.0,4.5
1365,680.6666870117188,680.0,,-680.6666870117188,-0.20173436403274536,0,0.0,4.5
1366,685.6666870117188,680.0,,-685.6666870117188,-29.2928466796875,0,0.0,4.5
1367,684.5555419921875,680.0,,-684.5555419921875,-9.715506553649902,0,0.0,4.5
1368,680.2222290039062,680.0,,-680.2222290039062,0.08947495371103287,0,0.0,4.5
1369,680.3333129882812,680.0,,-680.3333129882812,-0.11153581738471985,0,0.0,4.5
1370,680.4444580078125,680.0,,-680.4444580078125,-0.42355048656463623,0,0.0,4.5
1371,681.7777709960938,680.0,,-681.7777709960938,-3.269336700439453,0,0.0,4.5
1372,680.3333129882812,680.0,,-680.3333129882812,0.12467082589864731,0,0.0,4.5
1373,680.4444580078125,680.0,,-680.4444580078125,-0.04778793081641197,0,0.0,4.5
1374,686.2222290039062,680.0,,-686.2222290039062,-16.806278228759766,0,0.0,4.5
1375,683.5555419921875,680.0,,-683.5555419921875,-7.140897274017334,0,0.0,4.5
1376,680.3333129882812,680.0,,-680.3333129882812,-0.088416188955307,0,0.0,4.5
1377,680.3333129882812,680.0,,-680.3333129882812,-0.03120211511850357,0,0.0,4.5
1378,680.4444580078125,680.0,,-680.4444580078125,-0.06768906116485596,0,0.0,4.5
1379,680.3333129882812,680.0,,-680.3333129882812,0.0403665155172348,0,0.0,4.5
1380,680.4444580078125,680.0,,-680.4444580078125,-0.04591356962919235,0,0.0,4.5
1381,680.6666870117188,680.0,,-680.6666870117188,-0.15800100564956665,0,0.0,4.5
1382,680.4444580078125,680.0,,-680.4444580078125,-0.12638647854328156,0,0.0,4.5
1383,680.4444580078125,680.0,,-680.4444580078125,-0.07204577326774597,0,0.0,4.5
1384,683.4444580078125,680.0,,-683.4444580078125,-21.3333797454834,0,0.0,4.5
1385,680.4444580078125,680.0,,-680.4444580078125,-0.0719541609287262,0,0.0,4.5
1386,680.5555419921875,680.0,,-680.5555419921875,-0.1302647441625595,0,0.0,4.5
1387,680.3333129882812,680.0,,-680.3333129882812,-0.08758093416690826,0,0.0,4.5
1388,680.6666870117188,680.0,,-680.6666870117188,-0.15584146976470947,0,0.0,4.5
1389,680.2222290039062,680.0,,-680.2222290039062,-0.13062596321105957,0,0.0,4.5
1390,680.4444580078125,680.0,,-680.4444580078125,-0.08853868395090103,0,0.0,4.5
1391,680.6666870117188,680.0,,-680.6666870117188,-0.17344483733177185,0,0.0,4.5
1392,686.7777709960938,680.0,,-686.7777709960938,-20.024614334106445,0,0.0,4.5
1393,683.0,680.0,,-683.0,-9.55165958404541,0,0.0,4.5
1394,680.3333129882812,680.0,,-680.3333129882812,-0.16476909816265106,0,0.0,4.5
1395,680.4444580078125,680.0,,-680.4444580078125,-0.14256039261817932,0,0.0,4.5
1396,680.3333129882812,680.0,,-680.3333129882812,-0.061163559556007385,0,0.0,4.5
1397,680.6666870117188,680.0,,-680.6666870117188,-0.15268449485301971,0,0.0,4.5
1398,680.5555419921875,680.0,,-680.5555419921875,-0.10880175977945328,0,0.0,4.5
1399,680.5555419921875,680.0,,-680.5555419921875,-0.18127727508544922,0,0.0,4.5
1400,680.3333129882812,680.0,680.0,-680.3333129882812,-0.10294466465711594,0,0.0,4.5
1401,680.4444580078125,680.0,,-680.4444580078125,-0.05359317362308502,0,0.0,4.5
1402,680.4444580078125,680.0,,-680.4444580078125,-0.08545250445604324,0,0.0,4.5
1403,680.4444580078125,680.0,,-680.4444580078125,-0.12018807977437973,0,0.0,4.5
1404,680.7777709960938,680.0,,-680.7777709960938,-0.11542696505784988,0,0.0,4.5
1405,680.3333129882812,680.0,,-680.3333129882812,-0.011105762794613838,0,0.0,4.5
1406,681.7777709960938,680.0,,-681.7777709960938,-4.352514743804932,0,0.0,4.5
1407,680.5555419921875,680.0,,-680.5555419921875,-0.26668262481689453,0,0.0,4.5
1408,680.3333129882812,680.0,,-680.3333129882812,0.09935230016708374,0,0.0,4.5
1409,680.3333129882812,680.0,,-680.3333129882812,0.004136085510253906,0,0.0,4.5
1410,680.4444580078125,680.0,,-680.4444580078125,-0.12959572672843933,0,0.0,4.5
1411,680.6666870117188,680.0,,-680.6666870117188,-0.11392871290445328,0,0.0,4.5
1412,680.3333129882812,680.0,,-680.3333129882812,-0.11644534021615982,0,0.0,4.5
1413,680.4444580078125,680.0,,-680.4444580078125,-0.03875657916069031,0,0.0,4.5
1414,680.5555419921875,680.0,,-680.5555419921875,-0.26773059368133545,0,0.0,4.5
1415,682.5555419921875,680.0,,-682.5555419921875,-3.2606990337371826,0,0.0,4.5
1416,680.4444580078125,680.0,,-680.4444580078125,-0.15687783062458038,0,0.0,4.5
1417,680.3333129882812,680.0,,-680.3333129882812,-0.0006190140848048031,0,0.0,4.5
1418,680.4444580078125,680.0,,-680.4444580078125,-0.10458730161190033,0,0.0,4.5
1419,680.3333129882812,680.0,,-680.3333129882812,-0.15511250495910645,0,0.0,4.5
1420,680.5555419921875,680.0,,-680.5555419921875,-0.20942799746990204,0,0.0,4.5
1421,680.5555419921875,680.0,,-680.5555419921875,-0.15560124814510345,0,0.0,4.5
1422,683.111083984375,680.0,,-683.111083984375,-9.630451202392578,0,0.0,4.5
1423,680.4444580078125,680.0,,-680.4444580078125,-0.3811319172382355,0,0.0,4.5
1424,680.3333129882812,680.0,,-680.3333129882812,-0.293137788772583,0,0.0,4.5
1425,680.4444580078125,680.0,,-680.4444580078125,-0.18006397783756256,0,0.0,4.5
1426,680.4444580078125,680.0,,-680.4444580078125,-0.26241183280944824,0,0.0,4.5
1427,680.4444580078125,680.0,,-680.4444580078125,-0.16256973147392273,0,0.0,4.5
1428,680.4444580078125,680.0,,-680.4444580078125,-0.1861952692270279,0,0.0,4.5
1429,680.4444580078125,680.0,,-680.4444580078125,-0.17881059646606445,0,0.0,4.5
1430,680.2222290039062,680.0,,-680.2222290039062,0.039477840065956116,0,0.0,4.5
1431,694.111083984375,680.0,,-694.111083984375,-75.0250015258789,0,0.0,4.5
1432,680.3333129882812,680.0,,-680.3333129882812,-0.07199347764253616,0,0.0,4.5
1433,680.3333129882812,680.0,,-680.3333129882812,-0.17248879373073578,0,0.0,4.5
1434,680.2222290039062,680.0,,-680.2222290039062,-0.011945241130888462,0,0.0,4.5
1435,680.2222290039062,680.0,,-680.2222290039062,0.02318384312093258,0,0.0,4.5
1436,683.3333129882812,680.0,,-683.3333129882812,-1.4743818044662476,0,0.0,4.5
1437,680.111083984375,680.0,,-680.111083984375,-0.009346263483166695,0,0.0,4.5
1438,683.2222290039062,680.0,,-683.2222290039062,-8.269757270812988,0,0.0,4.5
1439,680.2222290039062,680.0,,-680.2222290039062,-0.19282200932502747,0,0.0,4.5
1440,680.111083984375,680.0,,-680.111083984375,0.06885501742362976,0,0.0,4.5
1441,686.6666870117188,680.0,,-686.6666870117188,-35.56290054321289,0,0.0,4.5
1442,683.4444580078125,680.0,,-683.4444580078125,-6.029764175415039,0,0.0,4.5
1443,681.888916015625,680.0,,-681.888916015625,-9.966181755065918,0,0.0,4.5
1444,680.4444580078125,680.0,,-680.4444580078125,-0.24797742068767548,0,0.0,4.5
1445,682.5555419921875,680.0,,-682.5555419921875,-2.4434728622436523,0,0.0,4.5
1446,680.3333129882812,680.0,,-680.3333129882812,-0.04923876002430916,0,0.0,4.5
1447,694.5555419921875,680.0,,-694.5555419921875,-63.62263488769531,0,0.0,4.5
1448,685.5555419921875,680.0,,-685.5555419921875,-27.69428253173828,0,0.0,4.5
1449,680.4444580078125,680.0,,-680.4444580078125,-0.23130464553833008,0,0.0,4.5
1450,682.3333129882812,680.0,680.0,-682.3333129882812,-2.1849451065063477,0,0.0,4.5
1451,694.888916015625,680.0,,-694.888916015625,-91.45193481445312,0,0.0,4.5
1452,680.3333129882812,680.0,,-680.3333129882812,0.035766713321208954,0,0.0,4.5
1453,680.4444580078125,680.0,,-680.4444580078125,-0.20785216987133026,0,0.0,4.5
1454,680.3333129882812,680.0,,-680.3333129882812,-0.157206729054451,0,0.0,4.5
1455,680.3333129882812,680.0,,-680.3333129882812,-0.011696431785821915,0,0.0,4.5
1456,680.2222290039062,680.0,,-680.2222290039062,0.013422111980617046,0,0.0,4.5
1457,686.6666870117188,680.0,,-686.6666870117188,-37.38761901855469,0,0.0,4.5
1458,693.7777709960938,680.0,,-693.7777709960938,-24.098421096801758,0,0.0,4.5
1459,680.4444580078125,680.0,,-680.4444580078125,-0.10868806391954422,0,0.0,4.5
1460,680.5555419921875,680.0,,-680.5555419921875,-0.2500898540019989,0,0.0,4.5
1461,680.4444580078125,680.0,,-680.4444580078125,-0.1271485537290573,0,0.0,4.5
1462,680.2222290039062,680.0,,-680.2222290039062,0.04299229383468628,0,0.0,4.5
1463,681.6666870117188,680.0,,-681.6666870117188,-2.967496395111084,0,0.0,4.5
1464,686.6666870117188,680.0,,-686.6666870117188,-21.82703971862793,0,0.0,4.5
1465,688.6666870117188,680.0,,-688.6666870117188,-32.62643814086914,0,0.0,4.5
1466,680.5555419921875,680.0,,-680.5555419921875,-0.33259424567222595,0,0.0,4.5
1467,680.111083984375,680.0,,-680.111083984375,0.056891944259405136,0,0.0,4.5
1468,680.2222290039062,680.0,,-680.2222290039062,0.05706367269158363,0,0.0,4.5
1469,680.3333129882812,680.0,,-680.3333129882812,-0.1502968668937683,0,0.0,4.5
1470,694.111083984375,680.0,,-694.111083984375,-21.427268981933594,0,0.0,4.5
1471,682.0,680.0,,-682.0,-7.679854393005371,0,0.0,4.5
1472,680.3333129882812,680.0,,-680.3333129882812,0.015571600757539272,0,0.0,4.5
1473,683.3333129882812,680.0,,-683.3333129882812,-3.7354185581207275,0,0.0,4.5
1474,680.5555419921875,680.0,,-680.5555419921875,-0.25700175762176514,0,0.0,4.5
1475,683.111083984375,680.0,,-683.111083984375,-5.744496822357178,0,0.0,4.5
1476,680.3333129882812,680.0,,-680.3333129882812,-0.17120163142681122,0,0.0,4.5
1477,686.111083984375,680.0,,-686.111083984375,-12.123449325561523,0,0.0,4.5
1478,686.4444580078125,680.0,,-686.4444580078125,-9.456099510192871,0,0.0,4.5
1479,680.5555419921875,680.0,,-680.5555419921875,-0.17970389127731323,0,0.0,4.5
1480,680.5555419921875,680.0,,-680.5555419921875,-0.2700960338115692,0,0.0,4.5
1481,680.4444580078125,680.0,,-680.4444580078125,-0.38408324122428894,0,0.0,4.5
1482,680.5555419921875,680.0,,-680.5555419921875,-0.14948005974292755,0,0.0,4.5
1483,680.3333129882812,680.0,,-680.3333129882812,-0.1500035673379898,0,0.0,4.5
1484,680.3333129882812,680.0,,-680.3333129882812,-0.09063486009836197,0,0.0,4.5
1485,680.5555419921875,680.0,,-680.5555419921875,-0.26276135444641113,0,0.0,4.5
1486,680.4444580078125,680.0,,-680.4444580078125,-0.14438635110855103,0,0.0,4.5
1487,680.3333129882812,680.0,,-680.3333129882812,-0.048402559012174606,0,0.0,4.5
1488,680.2222290039062,680.0,,-680.2222290039062,-0.09886257350444794,0,0.0,4.5
1489,680.2222290039062,680.0,,-680.2222290039062,-0.010942284017801285,0,0.0,4.5
1490,680.3333129882812,680.0,,-680.3333129882812,-0.18645884096622467,0,0.0,4.5
1491,680.3333129882812,680.0,,-680.3333129882812,-0.11575417965650558,0,0.0,4.5
1492,689.4444580078125,680.0,,-689.4444580078125,-34.150634765625,0,0.0,4.5
1493,680.3333129882812,680.0,,-680.3333129882812,-0.20945827662944794,0,0.0,4.5
1494,680.2222290039062,680.0,,-680.2222290039062,0.005928456783294678,0,0.0,4.5
1495,680.2222290039062,680.0,,-680.2222290039062,0.054699089378118515,0,0.0,4.5
1496,680.5555419921875,680.0,,-680.5555419921875,-0.17762534320354462,0,0.0,4.5
1497,694.0,680.0,,-694.0,-61.09899139404297,0,0.0,4.5
1498,680.2222290039062,680.0,,-680.2222290039062,-0.10075566172599792,0,0.0,4.5
1499,680.2222290039062,680.0,,-680.2222290039062,-0.06359312683343887,0,0.0,4.5
1500,680.2222290039062,680.0,680.0,-680.2222290039062,-0.029476867988705635,0,0.0,4.5
1501,680.2222290039062,680.0,,-680.2222290039062,-0.12675680220127106,0,0.0,4.5
1502,680.2222290039062,680.0,,-680.2222290039062,-0.11942756175994873,0,0.0,4.5
1503,680.2222290039062,680.0,,-680.2222290039062,-0.16950972378253937,0,0.0,4.5
1504,680.2222290039062,680.0,,-680.2222290039062,-0.06847967207431793,0,0.0,4.5
1505,690.0,680.0,,-690.0,-29.85625457763672,0,0.0,4.5
1506,680.3333129882812,680.0,,-680.3333129882812,-0.2874505817890167,0,0.0,4.5
1507,683.4444580078125,680.0,,-683.4444580078125,-7.964949607849121,0,0.0,4.5
1508,680.2222290039062,680.0,,-680.2222290039062,-0.018071329221129417,0,0.0,4.5
1509,680.2222290039062,680.0,,-680.2222290039062,0.0014078947715461254,0,0.0,4.5
1510,680.2222290039062,680.0,,-680.2222290039062,0.0612374022603035,0,0.0,4.5
1511,680.3333129882812,680.0,,-680.3333129882812,-0.15520726144313812,0,0.0,4.5
1512,680.2222290039062,680.0,,-680.2222290039062,-0.10318081825971603,0,0.0,4.5
1513,688.111083984375,680.0,,-688.111083984375,-23.089092254638672,0,0.0,4.5
1514,680.2222290039062,680.0,,-680.2222290039062,0.03416420891880989,0,0.0,4.5
1515,680.2222290039062,680.0,,-680.2222290039062,0.007988955825567245,0,0.0,4.5
1516,680.4444580078125,680.0,,-680.4444580078125,-0.18759028613567352,0,0.0,4.5
1517,684.6666870117188,680.0,,-684.6666870117188,-19.54383087158203,0,0.0,4.5
1518,681.888916015625,680.0,,-681.888916015625,-1.5793302059173584,0,0.0,4.5
1519,680.3333129882812,680.0,,-680.3333129882812,-0.3434210419654846,0,0.0,4.5
1520,680.4444580078125,680.0,,-680.4444580078125,-0.02806830406188965,0,0.0,4.5
1521,681.888916015625,680.0,,-681.888916015625,-1.6520730257034302,0,0.0,4.5
1522,680.3333129882812,680.0,,-680.3333129882812,-0.05868680030107498,0,0.0,4.5
1523,680.4444580078125,680.0,,-680.4444580078125,-0.30062368512153625,0,0.0,4.5
1524,683.3333129882812,680.0,,-683.3333129882812,-7.391922950744629,0,0.0,4.5
1525,680.4444580078125,680.0,,-680.4444580078125,-0.1445959210395813,0,0.0,4.5
1526,682.0,680.0,,-682.0,-6.589813232421875,0,0.0,4.5
1527,680.4444580078125,680.0,,-680.4444580078125,-0.2526978552341461,0,0.0,4.5
1528,680.4444580078125,680.0,,-680.4444580078125,-0.06151619181036949,0,0.0,4.5
1529,680.3333129882812,680.0,,-680.3333129882812,-0.05599174275994301,0,0.0,4.5
1530,680.5555419921875,680.0,,-680.5555419921875,-0.12951181828975677,0,0.0,4.5
1531,680.4444580078125,680.0,,-680.4444580078125,-0.17776454985141754,0,0.0,4.5
1532,680.4444580078125,680.0,,-680.4444580078125,-0.14390049874782562,0,0.0,4.5
1533,684.888916015625,680.0,,-684.888916015625,-18.39881706237793,0,0.0,4.5
1534,680.3333129882812,680.0,,-680.3333129882812,-0.14788499474525452,0,0.0,4.5
1535,680.3333129882812,680.0,,-680.3333129882812,-0.06697163730859756,0,0.0,4.5
1536,680.4444580078125,680.0,,-680.4444580078125,-0.13973794877529144,0,0.0,4.5
1537,680.2222290039062,680.0,,-680.2222290039062,0.012214945629239082,0,0.0,4.5
1538,680.2222290039062,680.0,,-680.2222290039062,-0.15659773349761963,0,0.0,4.5
1539,680.2222290039062,680.0,,-680.2222290039062,-0.07067922502756119,0,0.0,4.5
1540,680.4444580078125,680.0,,-680.4444580078125,-0.08270863443613052,0,0.0,4.5
1541,680.3333129882812,680.0,,-680.3333129882812,-0.23979595303535461,0,0.0,4.5
1542,680.6666870117188,680.0,,-680.6666870117188,-0.22341622412204742,0,0.0,4.5
1543,680.4444580078125,680.0,,-680.4444580078125,-0.10926465690135956,0,0.0,4.5
1544,685.0,680.0,,-685.0,-14.81919002532959,0,0.0,4.5
1545,683.0,680.0,,-683.0,-8.050142288208008,0,0.0,4.5
1546,680.3333129882812,680.0,,-680.3333129882812,-0.14526663720607758,0,0.0,4.5
1547,680.111083984375,680.0,,-680.111083984375,0.03929789364337921,0,0.0,4.5
1548,680.111083984375,680.0,,-680.111083984375,-0.1546822190284729,0,0.0,4.5
1549,680.111083984375,680.0,,-680.111083984375,-0.05975852906703949,0,0.0,4.5
1550,680.3333129882812,680.0,680.0,-680.3333129882812,-0.07733653485774994,0,0.0,4.5
1551,680.4444580078125,680.0,,-680.4444580078125,-0.1419048309326172,0,0.0,4.5
1552,680.4444580078125,680.0,,-680.4444580078125,-0.21652230620384216,0,0.0,4.5
1553,680.5555419921875,680.0,,-680.5555419921875,-0.32090580463409424,0,0.0,4.5
1554,680.4444580078125,680.0,,-680.4444580078125,-0.21221321821212769,0,0.0,4.5
1555,680.3333129882812,680.0,,-680.3333129882812,-0.0581362247467041,0,0.0,4.5
1556,680.3333129882812,680.0,,-680.3333129882812,-0.1947990357875824,0,0.0,4.5
1557,683.0,680.0,,-683.0,-12.706412315368652,0,0.0,4.5
1558,680.3333129882812,680.0,,-680.3333129882812,-0.3010805547237396,0,0.0,4.5
1559,680.3333129882812,680.0,,-680.3333129882812,-0.10581093281507492,0,0.0,4.5
1560,680.3333129882812,680.0,,-680.3333129882812,-0.10076089948415756,0,0.0,4.5
1561,680.2222290039062,680.0,,-680.2222290039062,0.00323023390956223,0,0.0,4.5
1562,680.2222290039062,680.0,,-680.2222290039062,0.0190512016415596,0,0.0,4.5
1563,680.4444580078125,680.0,,-680.4444580078125,-0.1639374941587448,0,0.0,4.5
1564,680.4444580078125,680.0,,-680.4444580078125,-0.4462890028953552,0,0.0,4.5
1565,680.3333129882812,680.0,,-680.3333129882812,-0.3340204954147339,0,0.0,4.5
1566,680.3333129882812,680.0,,-680.3333129882812,-0.058281369507312775,0,0.0,4.5
1567,680.2222290039062,680.0,,-680.2222290039062,-0.10604839026927948,0,0.0,4.5
1568,680.2222290039062,680.0,,-680.2222290039062,0.04403145611286163,0,0.0,4.5
1569,680.2222290039062,680.0,,-680.2222290039062,-0.12605899572372437,0,0.0,4.5
1570,680.2222290039062,680.0,,-680.2222290039062,0.025523539632558823,0,0.0,4.5
1571,680.2222290039062,680.0,,-680.2222290039062,-0.22478492558002472,0,0.0,4.5
1572,680.4444580078125,680.0,,-680.4444580078125,-0.3127756118774414,0,0.0,4.5
1573,680.2222290039062,680.0,,-680.2222290039062,-0.16490142047405243,0,0.0,4.5
1574,683.111083984375,680.0,,-683.111083984375,-9.082938194274902,0,0.0,4.5
1575,680.2222290039062,680.0,,-680.2222290039062,0.040348462760448456,0,0.0,4.5
1576,680.3333129882812,680.0,,-680.3333129882812,-0.22306865453720093,0,0.0,4.5
1577,680.2222290039062,680.0,,-680.2222290039062,-0.0870896726846695,0,0.0,4.5
1578,680.2222290039062,680.0,,-680.2222290039062,0.04674345254898071,0,0.0,4.5
1579,680.2222290039062,680.0,,-680.2222290039062,-0.35104382038116455,0,0.0,4.5
1580,680.2222290039062,680.0,,-680.2222290039062,0.1445254683494568,0,0.0,4.5
1581,682.3333129882812,680.0,,-682.3333129882812,-8.65688419342041,0,0.0,4.5
1582,680.2222290039062,680.0,,-680.2222290039062,-0.10570332407951355,0,0.0,4.5
1583,680.3333129882812,680.0,,-680.3333129882812,-0.2924538254737854,0,0.0,4.5
1584,680.3333129882812,680.0,,-680.3333129882812,-0.21073654294013977,0,0.0,4.5
1585,680.3333129882812,680.0,,-680.3333129882812,-0.20633523166179657,0,0.0,4.5
1586,680.3333129882812,680.0,,-680.3333129882812,-0.16037088632583618,0,0.0,4.5
1587,682.2222290039062,680.0,,-682.2222290039062,-9.006946563720703,0,0.0,4.5
1588,680.4444580078125,680.0,,-680.4444580078125,-0.3500642776489258,0,0.0,4.5
1589,680.3333129882812,680.0,,-680.3333129882812,-0.1827765852212906,0,0.0,4.5
1590,680.3333129882812,680.0,,-680.3333129882812,-0.1661308854818344,0,0.0,4.5
1591,680.4444580078125,680.0,,-680.4444580078125,-0.22878625988960266,0,0.0,4.5
1592,680.3333129882812,680.0,,-680.3333129882812,-0.11419309675693512,0,0.0,4.5
1593,680.111083984375,680.0,,-680.111083984375,0.06968117505311966,0,0.0,4.5
1594,680.2222290039062,680.0,,-680.2222290039062,-0.08322224766016006,0,0.0,4.5
1595,680.7777709960938,680.0,,-680.7777709960938,-0.2544560432434082,0,0.0,4.5
1596,680.3333129882812,680.0,,-680.3333129882812,-0.20567265152931213,0,0.0,4.5
1597,680.2222290039062,680.0,,-680.2222290039062,-0.07133527100086212,0,0.0,4.5
1598,680.3333129882812,680.0,,-680.3333129882812,-0.0487663596868515,0,0.0,4.5
1599,680.2222290039062,680.0,,-680.2222290039062,0.0003167655668221414,0,0.0,4.5
1600,680.2222290039062,680.0,680.0,-680.2222290039062,0.015658285468816757,0,0.0,4.5
1601,680.3333129882812,680.0,,-680.3333129882812,-0.19359254837036133,0,0.0,4.5
1602,680.2222290039062,680.0,,-680.2222290039062,-0.03217737376689911,0,0.0,4.5
1603,681.888916015625,680.0,,-681.888916015625,-7.58534049987793,0,0.0,4.5
1604,680.3333129882812,680.0,,-680.3333129882812,-0.11869671940803528,0,0.0,4.5
1605,680.3333129882812,680.0,,-680.3333129882812,-0.02009768597781658,0,0.0,4.5
1606,680.2222290039062,680.0,,-680.2222290039062,-0.06665097177028656,0,0.0,4.5
1607,680.3333129882812,680.0,,-680.3333129882812,-0.13838544487953186,0,0.0,4.5
1608,680.3333129882812,680.0,,-680.3333129882812,-0.1951831728219986,0,0.0,4.5
1609,680.111083984375,680.0,,-680.111083984375,0.04955175518989563,0,0.0,4.5
1610,680.2222290039062,680.0,,-680.2222290039062,-0.17723576724529266,0,0.0,4.5
1611,680.2222290039062,680.0,,-680.2222290039062,-0.11623182892799377,0,0.0,4.5
1612,680.5555419921875,680.0,,-680.5555419921875,-0.2703310251235962,0,0.0,4.5
1613,680.3333129882812,680.0,,-680.3333129882812,-0.24786216020584106,0,0.0,4.5
1614,680.3333129882812,680.0,,-680.3333129882812,-0.18926768004894257,0,0.0,4.5
1615,680.2222290039062,680.0,,-680.2222290039062,-0.1942947804927826,0,0.0,4.5
1616,680.2222290039062,680.0,,-680.2222290039062,-0.15300878882408142,0,0.0,4.5
1617,680.4444580078125,680.0,,-680.4444580078125,-0.3599977493286133,0,0.0,4.5
1618,680.2222290039062,680.0,,-680.2222290039062,-0.08547324687242508,0,0.0,4.5
1619,680.2222290039062,680.0,,-680.2222290039062,-0.1095547154545784,0,0.0,4.5
1620,683.3333129882812,680.0,,-683.3333129882812,-3.665325164794922,0,0.0,4.5
1621,680.111083984375,680.0,,-680.111083984375,0.03096599131822586,0,0.0,4.5
1622,680.3333129882812,680.0,,-680.3333129882812,-0.15470989048480988,0,0.0,4.5
1623,683.2222290039062,680.0,,-683.2222290039062,-6.753518581390381,0,0.0,4.5
1624,680.2222290039062,680.0,,-680.2222290039062,-0.056598663330078125,0,0.0,4.5
1625,680.2222290039062,680.0,,-680.2222290039062,-0.07106781750917435,0,0.0,4.5
1626,680.5555419921875,680.0,,-680.5555419921875,-0.3127603530883789,0,0.0,4.5
1627,680.2222290039062,680.0,,-680.2222290039062,-0.04279205575585365,0,0.0,4.5
1628,680.2222290039062,680.0,,-680.2222290039062,-0.20409837365150452,0,0.0,4.5
1629,680.2222290039062,680.0,,-680.2222290039062,0.03585479035973549,0,0.0,4.5
1630,680.111083984375,680.0,,-680.111083984375,0.019400127232074738,0,0.0,4.5
1631,680.3333129882812,680.0,,-680.3333129882812,-0.12170868366956711,0,0.0,4.5
1632,680.3333129882812,680.0,,-680.3333129882812,-0.2622146010398865,0,0.0,4.5
1633,680.2222290039062,680.0,,-680.2222290039062,0.002906335750594735,0,0.0,4.5
1634,680.4444580078125,680.0,,-680.4444580078125,-0.29628899693489075,0,0.0,4.5
1635,680.2222290039062,680.0,,-680.2222290039062,-0.06829056143760681,0,0.0,4.5
1636,680.2222290039062,680.0,,-680.2222290039062,-0.050616305321455,0,0.0,4.5
1637,680.2222290039062,680.0,,-680.2222290039062,0.07795373350381851,0,0.0,4.5
1638,680.3333129882812,680.0,,-680.3333129882812,-0.22664833068847656,0,0.0,4.5
1639,680.3333129882812,680.0,,-680.3333129882812,-0.14041021466255188,0,0.0,4.5
1640,680.2222290039062,680.0,,-680.2222290039062,0.009954813867807388,0,0.0,4.5
1641,680.2222290039062,680.0,,-680.2222290039062,0.04149532690644264,0,0.0,4.5
1642,680.4444580078125,680.0,,-680.4444580078125,-0.25929391384124756,0,0.0,4.5
1643,680.111083984375,680.0,,-680.111083984375,0.04130131006240845,0,0.0,4.5
1644,680.3333129882812,680.0,,-680.3333129882812,-0.04768311604857445,0,0.0,4.5
1645,680.3333129882812,680.0,,-680.3333129882812,-0.1283477395772934,0,0.0,4.5
1646,680.5555419921875,680.0,,-680.5555419921875,-0.2382567971944809,0,0.0,4.5
1647,680.3333129882812,680.0,,-680.3333129882812,-0.17122218012809753,0,0.0,4.5
1648,680.4444580078125,680.0,,-680.4444580078125,-0.2984118163585663,0,0.0,4.5
1649,680.3333129882812,680.0,,-680.3333129882812,-0.10058262944221497,0,0.0,4.5
1650,680.3333129882812,680.0,680.0,-680.3333129882812,-0.33076414465904236,0,0.0,4.5
1651,680.3333129882812,680.0,,-680.3333129882812,-0.04556702822446823,0,0.0,4.5
1652,680.111083984375,680.0,,-680.111083984375,0.1361234188079834,0,0.0,4.5
1653,680.2222290039062,680.0,,-680.2222290039062,-0.13208729028701782,0,0.0,4.5
1654,680.2222290039062,680.0,,-680.2222290039062,-0.04811813309788704,0,0.0,4.5
1655,681.6666870117188,680.0,,-681.6666870117188,-6.304383754730225,0,0.0,4.5
1656,683.3333129882812,680.0,,-683.3333129882812,-14.876120567321777,0,0.0,4.5
1657,680.3333129882812,680.0,,-680.3333129882812,-0.12639220058918,0,0.0,4.5
1658,680.2222290039062,680.0,,-680.2222290039062,-0.07797141373157501,0,0.0,4.5
1659,680.4444580078125,680.0,,-680.4444580078125,-0.3661740720272064,0,0.0,4.5
1660,680.2222290039062,680.0,,-680.2222290039062,-0.12188418954610825,0,0.0,4.5
1661,680.2222290039062,680.0,,-680.2222290039062,-0.15908117592334747,0,0.0,4.5
1662,680.2222290039062,680.0,,-680.2222290039062,-0.08755233138799667,0,0.0,4.5
1663,680.2222290039062,680.0,,-680.2222290039062,-0.18686699867248535,0,0.0,4.5
1664,680.2222290039062,680.0,,-680.2222290039062,-0.016074441373348236,0,0.0,4.5
1665,680.2222290039062,680.0,,-680.2222290039062,0.05716131627559662,0,0.0,4.5
1666,680.2222290039062,680.0,,-680.2222290039062,0.018438998609781265,0,0.0,4.5
1667,680.2222290039062,680.0,,-680.2222290039062,-0.2721317410469055,0,0.0,4.5
1668,685.0,680.0,,-685.0,-26.272872924804688,0,0.0,4.5
1669,680.3333129882812,680.0,,-680.3333129882812,-0.1648482233285904,0,0.0,4.5
1670,680.111083984375,680.0,,-680.111083984375,0.02513824962079525,0,0.0,4.5
1671,680.2222290039062,680.0,,-680.2222290039062,0.01450494583696127,0,0.0,4.5
1672,680.2222290039062,680.0,,-680.2222290039062,-0.13590916991233826,0,0.0,4.5
1673,680.3333129882812,680.0,,-680.3333129882812,-0.16794060170650482,0,0.0,4.5
1674,680.5555419921875,680.0,,-680.5555419921875,-0.3230578899383545,0,0.0,4.5
1675,690.111083984375,680.0,,-690.111083984375,-49.455081939697266,0,0.0,4.5
1676,680.3333129882812,680.0,,-680.3333129882812,-0.07507382333278656,0,0.0,4.5
1677,685.6666870117188,680.0,,-685.6666870117188,-26.435508728027344,0,0.0,4.5
1678,680.3333129882812,680.0,,-680.3333129882812,-0.1663544625043869,0,0.0,4.5
1679,680.3333129882812,680.0,,-680.3333129882812,-0.3870239853858948,0,0.0,4.5
1680,681.888916015625,680.0,,-681.888916015625,-3.4976279735565186,0,0.0,4.5
1681,680.2222290039062,680.0,,-680.2222290039062,-0.11831971257925034,0,0.0,4.5
1682,680.3333129882812,680.0,,-680.3333129882812,-0.03227245807647705,0,0.0,4.5
1683,680.2222290039062,680.0,,-680.2222290039062,-0.12670373916625977,0,0.0,4.5
1684,680.2222290039062,680.0,,-680.2222290039062,0.052525464445352554,0,0.0,4.5
1685,680.2222290039062,680.0,,-680.2222290039062,-0.08854150027036667,0,0.0,4.5
1686,680.3333129882812,680.0,,-680.3333129882812,-0.2678907811641693,0,0.0,4.5
1687,680.2222290039062,680.0,,-680.2222290039062,0.011265145614743233,0,0.0,4.5
1688,680.3333129882812,680.0,,-680.3333129882812,-0.012563319876790047,0,0.0,4.5
1689,680.3333129882812,680.0,,-680.3333129882812,-0.007132546976208687,0,0.0,4.5
1690,680.2222290039062,680.0,,-680.2222290039062,0.1623639464378357,0,0.0,4.5
1691,680.111083984375,680.0,,-680.111083984375,-0.13410653173923492,0,0.0,4.5
1692,680.2222290039062,680.0,,-680.2222290039062,0.020356863737106323,0,0.0,4.5
1693,680.2222290039062,680.0,,-680.2222290039062,-0.09678313136100769,0,0.0,4.5
1694,694.4444580078125,680.0,,-694.4444580078125,-26.54920196533203,0,0.0,4.5
1695,682.3333129882812,680.0,,-682.3333129882812,-4.698127746582031,0,0.0,4.5
1696,680.2222290039062,680.0,,-680.2222290039062,0.012461036443710327,0,0.0,4.5
1697,680.3333129882812,680.0,,-680.3333129882812,-0.26935988664627075,0,0.0,4.5
1698,680.111083984375,680.0,,-680.111083984375,0.04206250607967377,0,0.0,4.5
1699,680.3333129882812,680.0,,-680.3333129882812,-0.42430323362350464,0,0.0,4.5
1700,680.3333129882812,680.0,680.0,-680.3333129882812,-0.3627234697341919,0,0.0,4.5
1701,680.2222290039062,680.0,,-680.2222290039062,0.006191356107592583,0,0.0,4.5
1702,680.3333129882812,680.0,,-680.3333129882812,-0.1359066367149353,0,0.0,4.5
1703,680.2222290039062,680.0,,-680.2222290039062,0.004695344250649214,0,0.0,4.5
1704,680.3333129882812,680.0,,-680.3333129882812,-0.36111173033714294,0,0.0,4.5
1705,680.3333129882812,680.0,,-680.3333129882812,-0.14515812695026398,0,0.0,4.5
1706,680.2222290039062,680.0,,-680.2222290039062,-0.13758905231952667,0,0.0,4.5
1707,680.2222290039062,680.0,,-680.2222290039062,0.018469391390681267,0,0.0,4.5
1708,680.2222290039062,680.0,,-680.2222290039062,-0.13185922801494598,0,0.0,4.5
1709,680.2222290039062,680.0,,-680.2222290039062,0.017004285007715225,0,0.0,4.5
1710,680.3333129882812,680.0,,-680.3333129882812,-0.3648272156715393,0,0.0,4.5
1711,681.7777709960938,680.0,,-681.7777709960938,-5.209338665008545,0,0.0,4.5
1712,680.2222290039062,680.0,,-680.2222290039062,0.01945013739168644,0,0.0,4.5
1713,680.2222290039062,680.0,,-680.2222290039062,0.018243199214339256,0,0.0,4.5
1714,680.2222290039062,680.0,,-680.2222290039062,-0.1710904836654663,0,0.0,4.5
1715,680.4444580078125,680.0,,-680.4444580078125,-0.2037208527326584,0,0.0,4.5
1716,680.3333129882812,680.0,,-680.3333129882812,-0.18270964920520782,0,0.0,4.5
1717,680.3333129882812,680.0,,-680.3333129882812,-0.02221968211233616,0,0.0,4.5
1718,680.3333129882812,680.0,,-680.3333129882812,-0.2127850353717804,0,0.0,4.5
1719,680.3333129882812,680.0,,-680.3333129882812,-0.2497318536043167,0,0.0,4.5
1720,680.3333129882812,680.0,,-680.3333129882812,-0.33869755268096924,0,0.0,4.5
1721,680.2222290039062,680.0,,-680.2222290039062,-0.18154919147491455,0,0.0,4.5
1722,680.2222290039062,680.0,,-680.2222290039062,0.0009583979845046997,0,0.0,4.5
1723,680.3333129882812,680.0,,-680.3333129882812,-0.23412376642227173,0,0.0,4.5
1724,680.2222290039062,680.0,,-680.2222290039062,0.0007155355415306985,0,0.0,4.5
1725,680.2222290039062,680.0,,-680.2222290039062,0.0005752891302108765,0,0.0,4.5
1726,680.2222290039062,680.0,,-680.2222290039062,0.0411020927131176,0,0.0,4.5
1727,680.3333129882812,680.0,,-680.3333129882812,-0.21815206110477448,0,0.0,4.5
1728,684.3333129882812,680.0,,-684.3333129882812,-15.28152847290039,0,0.0,4.5
1729,680.2222290039062,680.0,,-680.2222290039062,0.019926423206925392,0,0.0,4.5
1730,680.2222290039062,680.0,,-680.2222290039062,0.003137709340080619,0,0.0,4.5
1731,680.2222290039062,680.0,,-680.2222290039062,-0.17721250653266907,0,0.0,4.5
1732,680.2222290039062,680.0,,-680.2222290039062,0.004857748746871948,0,0.0,4.5
1733,680.2222290039062,680.0,,-680.2222290039062,0.019529588520526886,0,0.0,4.5
1734,680.2222290039062,680.0,,-680.2222290039062,-0.20761924982070923,0,0.0,4.5
1735,680.2222290039062,680.0,,-680.2222290039062,0.0063799056224524975,0,0.0,4.5
1736,680.2222290039062,680.0,,-680.2222290039062,0.01899678073823452,0,0.0,4.5
1737,680.3333129882812,680.0,,-680.3333129882812,-0.21967332065105438,0,0.0,4.5
1738,680.2222290039062,680.0,,-680.2222290039062,0.09031999111175537,0,0.0,4.5
1739,680.2222290039062,680.0,,-680.2222290039062,0.007371852640062571,0,0.0,4.5
1740,680.2222290039062,680.0,,-680.2222290039062,0.019498037174344063,0,0.0,4.5
1741,680.3333129882812,680.0,,-680.3333129882812,-0.23126943409442902,0,0.0,4.5
1742,680.2222290039062,680.0,,-680.2222290039062,0.01800421252846718,0,0.0,4.5
1743,680.111083984375,680.0,,-680.111083984375,0.06406417489051819,0,0.0,4.5
1744,680.111083984375,680.0,,-680.111083984375,0.054338451474905014,0,0.0,4.5
1745,680.2222290039062,680.0,,-680.2222290039062,0.007871991954743862,0,0.0,4.5
1746,680.2222290039062,680.0,,-680.2222290039062,0.07270333170890808,0,0.0,4.5
1747,680.2222290039062,680.0,,-680.2222290039062,0.07330869138240814,0,0.0,4.5
1748,680.2222290039062,680.0,,-680.2222290039062,0.018224777653813362,0,0.0,4.5
1749,680.3333129882812,680.0,,-680.3333129882812,-0.27404507994651794,0,0.0,4.5
1750,680.4444580078125,680.0,680.0,-680.4444580078125,-0.34345370531082153,0,0.0,4.5
1751,680.2222290039062,680.0,,-680.2222290039062,0.007761395536363125,0,0.0,4.5
1752,680.3333129882812,680.0,,-680.3333129882812,-0.20433105528354645,0,0.0,4.5
1753,680.2222290039062,680.0,,-680.2222290039062,0.007636582013219595,0,0.0,4.5
1754,680.2222290039062,680.0,,-680.2222290039062,0.007560708560049534,0,0.0,4.5
1755,680.2222290039062,680.0,,-680.2222290039062,0.007477339822798967,0,0.0,4.5
1756,680.2222290039062,680.0,,-680.2222290039062,0.016102081164717674,0,0.0,4.5
1757,680.2222290039062,680.0,,-680.2222290039062,0.11808952689170837,0,0.0,4.5
1758,680.2222290039062,680.0,,-680.2222290039062,0.01584046147763729,0,0.0,4.5
1759,680.3333129882812,680.0,,-680.3333129882812,-0.1859184354543686,0,0.0,4.5
1760,680.3333129882812,680.0,,-680.3333129882812,-0.26741087436676025,0,0.0,4.5
1761,680.2222290039062,680.0,,-680.2222290039062,0.01641179993748665,0,0.0,4.5
1762,680.111083984375,680.0,,-680.111083984375,-0.17405001819133759,0,0.0,4.5
1763,680.2222290039062,680.0,,-680.2222290039062,0.024713478982448578,0,0.0,4.5
1764,680.111083984375,680.0,,-680.111083984375,0.04934953153133392,0,0.0,4.5
1765,680.2222290039062,680.0,,-680.2222290039062,0.006583511829376221,0,0.0,4.5
1766,680.2222290039062,680.0,,-680.2222290039062,0.014982776716351509,0,0.0,4.5
1767,680.2222290039062,680.0,,-680.2222290039062,-0.1830596774816513,0,0.0,4.5
1768,680.2222290039062,680.0,,-680.2222290039062,-0.1926334947347641,0,0.0,4.5
1769,680.2222290039062,680.0,,-680.2222290039062,-0.12945035099983215,0,0.0,4.5
1770,680.2222290039062,680.0,,-680.2222290039062,-0.18477575480937958,0,0.0,4.5
1771,680.2222290039062,680.0,,-680.2222290039062,0.00625603087246418,0,0.0,4.5
1772,680.2222290039062,680.0,,-680.2222290039062,-0.14157429337501526,0,0.0,4.5
1773,680.2222290039062,680.0,,-680.2222290039062,0.17006292939186096,0,0.0,4.5
1774,680.3333129882812,680.0,,-680.3333129882812,-0.2112131267786026,0,0.0,4.5
1775,680.2222290039062,680.0,,-680.2222290039062,0.00616846140474081,0,0.0,4.5
1776,680.2222290039062,680.0,,-680.2222290039062,0.00612787576392293,0,0.0,4.5
1777,680.2222290039062,680.0,,-680.2222290039062,0.059516165405511856,0,0.0,4.5
1778,680.111083984375,680.0,,-680.111083984375,0.06118684262037277,0,0.0,4.5
1779,680.3333129882812,680.0,,-680.3333129882812,-0.26162856817245483,0,0.0,4.5
1780,680.3333129882812,680.0,,-680.3333129882812,-0.2152586281299591,0,0.0,4.5
1781,680.111083984375,680.0,,-680.111083984375,0.029979892075061798,0,0.0,4.5
1782,680.2222290039062,680.0,,-680.2222290039062,0.11314121633768082,0,0.0,4.5
1783,680.2222290039062,680.0,,-680.2222290039062,0.06773573905229568,0,0.0,4.5
1784,680.2222290039062,680.0,,-680.2222290039062,0.014068637043237686,0,0.0,4.5
1785,680.2222290039062,680.0,,-680.2222290039062,0.005460605025291443,0,0.0,4.5
1786,680.2222290039062,680.0,,-680.2222290039062,0.005363787058740854,0,0.0,4.5
1787,680.2222290039062,680.0,,-680.2222290039062,-0.10661458224058151,0,0.0,4.5
1788,680.2222290039062,680.0,,-680.2222290039062,0.013719775713980198,0,0.0,4.5
1789,680.2222290039062,680.0,,-680.2222290039062,0.06808780878782272,0,0.0,4.5
1790,680.2222290039062,680.0,,-680.2222290039062,0.12321864068508148,0,0.0,4.5
1791,680.2222290039062,680.0,,-680.2222290039062,-0.1505296379327774,0,0.0,4.5
1792,681.6666870117188,680.0,,-681.6666870117188,-8.57724666595459,0,0.0,4.5
1793,680.2222290039062,680.0,,-680.2222290039062,-0.33824050426483154,0,0.0,4.5
1794,680.2222290039062,680.0,,-680.2222290039062,-0.0011625555343925953,0,0.0,4.5
1795,680.2222290039062,680.0,,-680.2222290039062,-0.13684749603271484,0,0.0,4.5
1796,680.2222290039062,680.0,,-680.2222290039062,-0.00782732293009758,0,0.0,4.5
1797,680.111083984375,680.0,,-680.111083984375,-0.07541880756616592,0,0.0,4.5
1798,680.2222290039062,680.0,,-680.2222290039062,-0.06876176595687866,0,0.0,4.5
1799,680.2222290039062,680.0,,-680.2222290039062,-0.01859182119369507,0,0.0,4.5
1800,680.2222290039062,680.0,680.0,-680.2222290039062,-0.012407395988702774,0,0.0,4.5
1801,686.0,680.0,,-686.0,-41.92707061767578,0,0.0,4.5
1802,680.3333129882812,680.0,,-680.3333129882812,-0.4849681854248047,0,0.0,4.5
1803,680.2222290039062,680.0,,-680.2222290039062,-0.022334448993206024,0,0.0,4.5
1804,680.2222290039062,680.0,,-680.2222290039062,-0.0734538733959198,0,0.0,4.5
1805,680.2222290039062,680.0,,-680.2222290039062,-0.0022765861358493567,0,0.0,4.5
1806,680.2222290039062,680.0,,-680.2222290039062,-0.17535918951034546,0,0.0,4.5
1807,680.2222290039062,680.0,,-680.2222290039062,0.020351329818367958,0,0.0,4.5
1808,680.111083984375,680.0,,-680.111083984375,0.038832034915685654,0,0.0,4.5
1809,680.2222290039062,680.0,,-680.2222290039062,-0.2622334659099579,0,0.0,4.5
1810,680.2222290039062,680.0,,-680.2222290039062,-0.04580674692988396,0,0.0,4.5
1811,683.3333129882812,680.0,,-683.3333129882812,-3.414883613586426,0,0.0,4.5
1812,680.2222290039062,680.0,,-680.2222290039062,-0.08743821084499359,0,0.0,4.5
1813,680.111083984375,680.0,,-680.111083984375,-0.12909039855003357,0,0.0,4.5
1814,680.3333129882812,680.0,,-680.3333129882812,0.028542915359139442,0,0.0,4.5
1815,680.4444580078125,680.0,,-680.4444580078125,-0.2519828677177429,0,0.0,4.5
1816,680.3333129882812,680.0,,-680.3333129882812,0.003940141759812832,0,0.0,4.5
1817,680.3333129882812,680.0,,-680.3333129882812,0.053688231855630875,0,0.0,4.5
1818,680.3333129882812,680.0,,-680.3333129882812,-0.10449012368917465,0,0.0,4.5
1819,683.111083984375,680.0,,-683.111083984375,-6.598859786987305,0,0.0,4.5
1820,680.2222290039062,680.0,,-680.2222290039062,0.1411384493112564,0,0.0,4.5
1821,680.3333129882812,680.0,,-680.3333129882812,0.1345808357000351,0,0.0,4.5
1822,685.4444580078125,680.0,,-685.4444580078125,-34.71595764160156,0,0.0,4.5
1823,680.3333129882812,680.0,,-680.3333129882812,-0.1244010403752327,0,0.0,4.5
1824,681.888916015625,680.0,,-681.888916015625,-6.820056438446045,0,0.0,4.5
1825,680.3333129882812,680.0,,-680.3333129882812,0.0284490417689085,0,0.0,4.5
1826,680.3333129882812,680.0,,-680.3333129882812,0.0047675869427621365,0,0.0,4.5
1827,683.2222290039062,680.0,,-683.2222290039062,-5.808540344238281,0,0.0,4.5
1828,680.3333129882812,680.0,,-680.3333129882812,0.01921502687036991,0,0.0,4.5
1829,680.3333129882812,680.0,,-680.3333129882812,-0.0040513211861252785,0,0.0,4.5
1830,695.2222290039062,680.0,,-695.2222290039062,-51.23509216308594,0,0.0,4.5
1831,694.2222290039062,680.0,,-694.2222290039062,-59.71364974975586,0,0.0,4.5
1832,680.4444580078125,680.0,,-680.4444580078125,-0.20662914216518402,0,0.0,4.5
1833,680.3333129882812,680.0,,-680.3333129882812,0.08118543028831482,0,0.0,4.5
1834,680.3333129882812,680.0,,-680.3333129882812,-0.14189428091049194,0,0.0,4.5
1835,680.4444580078125,680.0,,-680.4444580078125,-0.13707488775253296,0,0.0,4.5
1836,685.4444580078125,680.0,,-685.4444580078125,-23.04117202758789,0,0.0,4.5
1837,685.2222290039062,680.0,,-685.2222290039062,-7.787166118621826,0,0.0,4.5
1838,680.111083984375,680.0,,-680.111083984375,0.05056868493556976,0,0.0,4.5
1839,680.4444580078125,680.0,,-680.4444580078125,-0.28704848885536194,0,0.0,4.5
1840,680.111083984375,680.0,,-680.111083984375,0.06235022842884064,0,0.0,4.5
1841,680.2222290039062,680.0,,-680.2222290039062,0.17110687494277954,0,0.0,4.5
1842,685.7777709960938,680.0,,-685.7777709960938,-9.24403190612793,0,0.0,4.5
1843,680.2222290039062,680.0,,-680.2222290039062,-0.07195323705673218,0,0.0,4.5
1844,684.4444580078125,680.0,,-684.4444580078125,-7.1359405517578125,0,0.0,4.5
1845,696.888916015625,680.0,,-696.888916015625,-36.87239456176758,0,0.0,4.5
1846,680.2222290039062,680.0,,-680.2222290039062,0.032053254544734955,0,0.0,4.5
1847,684.6666870117188,680.0,,-684.6666870117188,-7.686710834503174,0,0.0,4.5
1848,688.111083984375,680.0,,-688.111083984375,-27.99812889099121,0,0.0,4.5
1849,680.3333129882812,680.0,,-680.3333129882812,-0.09577762335538864,0,0.0,4.5
1850,680.3333129882812,680.0,680.0,-680.3333129882812,0.00586328748613596,0,0.0,4.5
1851,680.3333129882812,680.0,,-680.3333129882812,-0.09959234297275543,0,0.0,4.5
1852,680.2222290039062,680.0,,-680.2222290039062,0.07643469423055649,0,0.0,4.5
1853,680.4444580078125,680.0,,-680.4444580078125,-0.19704222679138184,0,0.0,4.5
1854,680.2222290039062,680.0,,-680.2222290039062,0.05377133563160896,0,0.0,4.5
1855,680.2222290039062,680.0,,-680.2222290039062,-0.20995332300662994,0,0.0,4.5
1856,680.3333129882812,680.0,,-680.3333129882812,-0.06251449137926102,0,0.0,4.5
1857,680.2222290039062,680.0,,-680.2222290039062,0.022947801277041435,0,0.0,4.5
1858,680.4444580078125,680.0,,-680.4444580078125,-0.27347564697265625,0,0.0,4.5
1859,680.2222290039062,680.0,,-680.2222290039062,0.05154605582356453,0,0.0,4.5
1860,680.2222290039062,680.0,,-680.2222290039062,-0.05497194826602936,0,0.0,4.5
1861,693.5555419921875,680.0,,-693.5555419921875,-38.6999397277832,0,0.0,4.5
1862,681.888916015625,680.0,,-681.888916015625,-5.606966972351074,0,0.0,4.5
1863,680.2222290039062,680.0,,-680.2222290039062,0.10877587646245956,0,0.0,4.5
1864,680.2222290039062,680.0,,-680.2222290039062,0.021052399650216103,0,0.0,4.5
1865,680.2222290039062,680.0,,-680.2222290039062,-0.08215734362602234,0,0.0,4.5
1866,680.2222290039062,680.0,,-680.2222290039062,0.019519835710525513,0,0.0,4.5
1867,685.5555419921875,680.0,,-685.5555419921875,-28.850900650024414,0,0.0,4.5
1868,680.3333129882812,680.0,,-680.3333129882812,-0.12962596118450165,0,0.0,4.5
1869,680.2222290039062,680.0,,-680.2222290039062,-0.16373169422149658,0,0.0,4.5
1870,680.3333129882812,680.0,,-680.3333129882812,-0.21304741501808167,0,0.0,4.5
1871,680.2222290039062,680.0,,-680.2222290039062,0.040601279586553574,0,0.0,4.5
1872,680.3333129882812,680.0,,-680.3333129882812,0.014144089072942734,0,0.0,4.5
1873,680.3333129882812,680.0,,-680.3333129882812,-0.12676186859607697,0,0.0,4.5
1874,680.3333129882812,680.0,,-680.3333129882812,-0.058278270065784454,0,0.0,4.5
1875,680.4444580078125,680.0,,-680.4444580078125,-0.18656569719314575,0,0.0,4.5
1876,680.2222290039062,680.0,,-680.2222290039062,0.00847245380282402,0,0.0,4.5
1877,680.2222290039062,680.0,,-680.2222290039062,0.04100918769836426,0,0.0,4.5
1878,680.3333129882812,680.0,,-680.3333129882812,-0.05206821858882904,0,0.0,4.5
1879,680.2222290039062,680.0,,-680.2222290039062,0.013183481059968472,0,0.0,4.5
1880,680.2222290039062,680.0,,-680.2222290039062,-0.09734208136796951,0,0.0,4.5
1881,680.3333129882812,680.0,,-680.3333129882812,0.08991612493991852,0,0.0,4.5
1882,680.3333129882812,680.0,,-680.3333129882812,-0.09989896416664124,0,0.0,4.5
1883,685.888916015625,680.0,,-685.888916015625,-17.850887298583984,0,0.0,4.5
1884,680.2222290039062,680.0,,-680.2222290039062,-0.19005736708641052,0,0.0,4.5
1885,680.2222290039062,680.0,,-680.2222290039062,0.030379077419638634,0,0.0,4.5
1886,680.111083984375,680.0,,-680.111083984375,0.047574520111083984,0,0.0,4.5
1887,683.2222290039062,680.0,,-683.2222290039062,-6.806845664978027,0,0.0,4.5
1888,680.2222290039062,680.0,,-680.2222290039062,0.029956810176372528,0,0.0,4.5
1889,680.2222290039062,680.0,,-680.2222290039062,0.05271647125482559,0,0.0,4.5
1890,680.2222290039062,680.0,,-680.2222290039062,-0.1274472177028656,0,0.0,4.5
1891,680.4444580078125,680.0,,-680.4444580078125,-0.12358890473842621,0,0.0,4.5
1892,680.3333129882812,680.0,,-680.3333129882812,-0.029044602066278458,0,0.0,4.5
1893,680.4444580078125,680.0,,-680.4444580078125,-0.1852840930223465,0,0.0,4.5
1894,680.2222290039062,680.0,,-680.2222290039062,-0.32886242866516113,0,0.0,4.5
1895,680.2222290039062,680.0,,-680.2222290039062,-0.08895077556371689,0,0.0,4.5
1896,680.2222290039062,680.0,,-680.2222290039062,-0.0174044631421566,0,0.0,4.5
1897,680.3333129882812,680.0,,-680.3333129882812,-0.19016025960445404,0,0.0,4.5
1898,680.2222290039062,680.0,,-680.2222290039062,0.015909360721707344,0,0.0,4.5
1899,680.111083984375,680.0,,-680.111083984375,0.052761003375053406,0,0.0,4.5
1900,680.2222290039062,680.0,680.0,-680.2222290039062,-0.22001831233501434,0,0.0,4.5
1901,696.2222290039062,680.0,,-696.2222290039062,-64.80308532714844,0,0.0,4.5
1902,680.3333129882812,680.0,,-680.3333129882812,-0.29698899388313293,0,0.0,4.5
1903,680.4444580078125,680.0,,-680.4444580078125,-0.25654083490371704,0,0.0,4.5
1904,680.3333129882812,680.0,,-680.3333129882812,-0.10107447952032089,0,0.0,4.5
1905,680.3333129882812,680.0,,-680.3333129882812,-0.06390603631734848,0,0.0,4.5
1906,680.3333129882812,680.0,,-680.3333129882812,-0.18798476457595825,0,0.0,4.5
1907,680.2222290039062,680.0,,-680.2222290039062,0.06137027218937874,0,0.0,4.5
1908,684.888916015625,680.0,,-684.888916015625,-17.443262100219727,0,0.0,4.5
1909,682.0,680.0,,-682.0,-1.2117949724197388,0,0.0,4.5
1910,680.3333129882812,680.0,,-680.3333129882812,-0.1577025055885315,0,0.0,4.5
1911,691.7777709960938,680.0,,-691.7777709960938,-84.45677947998047,0,0.0,4.5
1912,680.2222290039062,680.0,,-680.2222290039062,-0.04335729777812958,0,0.0,4.5
1913,683.111083984375,680.0,,-683.111083984375,-8.611492156982422,0,0.0,4.5
1914,680.3333129882812,680.0,,-680.3333129882812,-0.19424037635326385,0,0.0,4.5
1915,680.2222290039062,680.0,,-680.2222290039062,-0.13367563486099243,0,0.0,4.5
1916,680.5555419921875,680.0,,-680.5555419921875,-0.19454070925712585,0,0.0,4.5
1917,680.5555419921875,680.0,,-680.5555419921875,-0.13914555311203003,0,0.0,4.5
1918,683.3333129882812,680.0,,-683.3333129882812,-11.280607223510742,0,0.0,4.5
1919,683.4444580078125,680.0,,-683.4444580078125,-1.0139689445495605,0,0.0,4.5
1920,685.111083984375,680.0,,-685.111083984375,-7.106633186340332,0,0.0,4.5
1921,683.4444580078125,680.0,,-683.4444580078125,-4.648908615112305,0,0.0,4.5
1922,681.888916015625,680.0,,-681.888916015625,-1.8942103385925293,0,0.0,4.5
1923,680.5555419921875,680.0,,-680.5555419921875,-0.10789552330970764,0,0.0,4.5
1924,680.3333129882812,680.0,,-680.3333129882812,-0.09145702421665192,0,0.0,4.5
1925,680.4444580078125,680.0,,-680.4444580078125,-0.07777568697929382,0,0.0,4.5
1926,681.888916015625,680.0,,-681.888916015625,-8.026878356933594,0,0.0,4.5
1927,680.6666870117188,680.0,,-680.6666870117188,-0.09411745518445969,0,0.0,4.5
1928,680.3333129882812,680.0,,-680.3333129882812,0.09220603108406067,0,0.0,4.5
1929,692.6666870117188,680.0,,-692.6666870117188,-33.45796203613281,0,0.0,4.5
1930,683.111083984375,680.0,,-683.111083984375,-9.885481834411621,0,0.0,4.5
1931,685.111083984375,680.0,,-685.111083984375,-16.75853157043457,0,0.0,4.5
1932,680.3333129882812,680.0,,-680.3333129882812,-0.2588232159614563,0,0.0,4.5
1933,680.3333129882812,680.0,,-680.3333129882812,-0.10301629453897476,0,0.0,4.5
1934,680.2222290039062,680.0,,-680.2222290039062,-0.0916162058711052,0,0.0,4.5
1935,680.2222290039062,680.0,,-680.2222290039062,0.005103786941617727,0,0.0,4.5
1936,680.2222290039062,680.0,,-680.2222290039062,0.014425926841795444,0,0.0,4.5
1937,680.111083984375,680.0,,-680.111083984375,0.045980293303728104,0,0.0,4.5
1938,685.111083984375,680.0,,-685.111083984375,-13.381516456604004,0,0.0,4.5
1939,680.4444580078125,680.0,,-680.4444580078125,-0.1905583292245865,0,0.0,4.5
1940,680.2222290039062,680.0,,-680.2222290039062,-0.12332861870527267,0,0.0,4.5
1941,680.2222290039062,680.0,,-680.2222290039062,-0.02515334263443947,0,0.0,4.5
1942,680.111083984375,680.0,,-680.111083984375,0.025977615267038345,0,0.0,4.5
1943,681.7777709960938,680.0,,-681.7777709960938,-1.8469367027282715,0,0.0,4.5
1944,681.5555419921875,680.0,,-681.5555419921875,-2.695483922958374,0,0.0,4.5
1945,680.3333129882812,680.0,,-680.3333129882812,-0.15632110834121704,0,0.0,4.5
1946,680.3333129882812,680.0,,-680.3333129882812,-0.38162559270858765,0,0.0,4.5
1947,680.2222290039062,680.0,,-680.2222290039062,-0.14232465624809265,0,0.0,4.5
1948,681.5555419921875,680.0,,-681.5555419921875,-3.142066717147827,0,0.0,4.5
1949,680.2222290039062,680.0,,-680.2222290039062,0.04879160597920418,0,0.0,4.5
1950,680.111083984375,680.0,680.0,-680.111083984375,0.032419655472040176,0,0.0,4.5
1951,680.2222290039062,680.0,,-680.2222290039062,-0.19691845774650574,0,0.0,4.5
1952,680.2222290039062,680.0,,-680.2222290039062,0.06817123293876648,0,0.0,4.5
1953,680.111083984375,680.0,,-680.111083984375,0.0848795548081398,0,0.0,4.5
1954,680.111083984375,680.0,,-680.111083984375,0.046349089592695236,0,0.0,4.5
1955,680.2222290039062,680.0,,-680.2222290039062,0.008695142343640327,0,0.0,4.5
1956,680.111083984375,680.0,,-680.111083984375,0.03716364875435829,0,0.0,4.5
1957,680.111083984375,680.0,,-680.111083984375,0.05322697386145592,0,0.0,4.5
1958,680.2222290039062,680.0,,-680.2222290039062,0.012826923280954361,0,0.0,4.5
1959,680.3333129882812,680.0,,-680.3333129882812,-0.2983633875846863,0,0.0,4.5
1960,680.2222290039062,680.0,,-680.2222290039062,0.025905566290020943,0,0.0,4.5
1961,680.2222290039062,680.0,,-680.2222290039062,0.04609476402401924,0,0.0,4.5
1962,680.111083984375,680.0,,-680.111083984375,0.0507899634540081,0,0.0,4.5
1963,680.111083984375,680.0,,-680.111083984375,0.05557657778263092,0,0.0,4.5
1964,680.2222290039062,680.0,,-680.2222290039062,0.017771773040294647,0,0.0,4.5
1965,680.3333129882812,680.0,,-680.3333129882812,-0.22940482199192047,0,0.0,4.5
1966,680.2222290039062,680.0,,-680.2222290039062,0.018672151491045952,0,0.0,4.5
1967,682.0,680.0,,-682.0,-4.796666145324707,0,0.0,4.5
1968,680.2222290039062,680.0,,-680.2222290039062,0.04811068996787071,0,0.0,4.5
1969,680.3333129882812,680.0,,-680.3333129882812,-0.03249988332390785,0,0.0,4.5
1970,680.2222290039062,680.0,,-680.2222290039062,0.017550693824887276,0,0.0,4.5
1971,680.2222290039062,680.0,,-680.2222290039062,0.017125777900218964,0,0.0,4.5
1972,680.2222290039062,680.0,,-680.2222290039062,0.06357721239328384,0,0.0,4.5
1973,680.3333129882812,680.0,,-680.3333129882812,-0.17032842338085175,0,0.0,4.5
1974,683.0,680.0,,-683.0,-5.659458160400391,0,0.0,4.5
1975,680.2222290039062,680.0,,-680.2222290039062,0.024498458951711655,0,0.0,4.5
1976,680.111083984375,680.0,,-680.111083984375,0.06576873362064362,0,0.0,4.5
1977,680.2222290039062,680.0,,-680.2222290039062,0.011671324260532856,0,0.0,4.5
1978,680.2222290039062,680.0,,-680.2222290039062,0.04957696422934532,0,0.0,4.5
1979,680.3333129882812,680.0,,-680.3333129882812,-0.20898549258708954,0,0.0,4.5
1980,680.111083984375,680.0,,-680.111083984375,0.06490764766931534,0,0.0,4.5
1981,680.2222290039062,680.0,,-680.2222290039062,0.05411994084715843,0,0.0,4.5
1982,684.6666870117188,680.0,,-684.6666870117188,-40.15980529785156,0,0.0,4.5
1983,680.111083984375,680.0,,-680.111083984375,0.05879053846001625,0,0.0,4.5
1984,680.3333129882812,680.0,,-680.3333129882812,-0.04023893177509308,0,0.0,4.5
1985,680.3333129882812,680.0,,-680.3333129882812,-0.24401992559432983,0,0.0,4.5
1986,680.2222290039062,680.0,,-680.2222290039062,-0.42381253838539124,0,0.0,4.5
1987,680.3333129882812,680.0,,-680.3333129882812,-0.1309259533882141,0,0.0,4.5
1988,680.111083984375,680.0,,-680.111083984375,0.056383166462183,0,0.0,4.5
1989,680.2222290039062,680.0,,-680.2222290039062,0.022650592029094696,0,0.0,4.5
1990,680.3333129882812,680.0,,-680.3333129882812,-0.21379414200782776,0,0.0,4.5
1991,681.888916015625,680.0,,-681.888916015625,-7.504459857940674,0,0.0,4.5
1992,680.2222290039062,680.0,,-680.2222290039062,0.040176503360271454,0,0.0,4.5
1993,680.111083984375,680.0,,-680.111083984375,0.07389035820960999,0,0.0,4.5
1994,681.7777709960938,680.0,,-681.7777709960938,-3.2489185333251953,0,0.0,4.5
1995,680.3333129882812,680.0,,-680.3333129882812,-0.20817606151103973,0,0.0,4.5
1996,680.2222290039062,680.0,,-680.2222290039062,0.03771407902240753,0,0.0,4.5
1997,680.2222290039062,680.0,,-680.2222290039062,-0.361259788274765,0,0.0,4.5
1998,680.2222290039062,680.0,,-680.2222290039062,0.06968878209590912,0,0.0,4.5
1999,680.2222290039062,680.0,,-680.2222290039062,-0.10858555883169174,0,0.0,4.5
2000,680.2222290039062,680.0,680.0,-680.2222290039062,-0.1176423728466034,0,0.0,4.5
